56.6548
6.53226
5.2793
4.99008
4.86573
4.75683
4.65125
4.55502
4.46492
4.27744
4.12859
3.978
3.92151
3.89011
3.89439
3.94843
3.93372
3.8834
3.85039
3.85426
3.82649
3.69152
3.64258
3.6097
3.57483
3.54036
3.5127
3.47714
3.44454
3.40412
3.36058
3.31337
3.27955
3.24305
3.20054
3.16488
3.14525
3.11396
3.08798
3.06401
3.03746
3.0183
2.96937
2.92713
2.9083
2.88687
2.86622
2.84737
2.82687
2.80648
2.78724
2.769
2.75028
2.73226
2.71623
2.69835
2.6802
2.663
2.64707
2.63275
2.62091
2.60543
2.59026
2.57943
2.56724
2.55534
2.54251
2.53073
2.52258
2.50877
2.49349
2.4856
2.47845
2.47128
2.46429
2.45753
2.45129
2.445
2.43955
2.43351
2.42959
2.42443
2.41939
2.41455
2.41071
2.40515
2.40163
2.39682
2.39331
2.38943
2.3858
2.38234
2.3784
2.37552
2.37093
2.36848
2.36354
2.36181
2.357
2.35476
2.35029
2.34789
2.3436
2.3407
2.33653
2.33381
2.32956
2.32675
2.32332
2.322
2.31765
2.31364
2.31069
2.30685
2.30268
2.3005
2.29694
2.29429
2.29106
2.28822
2.28546
2.28245
2.27999
2.27707
2.27456
2.27157
2.26923
2.26651
2.26439
2.26181
2.25968
2.25698
2.255
2.2525
2.25066
2.24836
2.24664
2.24431
2.24281
2.2405
2.23881
2.23655
2.23528
2.23289
2.23142
2.22926
2.22805
2.22621
2.22541
2.22371
2.22275
2.22066
2.21976
2.21794
2.21719
2.21545
2.21392
2.21186
2.21092
2.20893
2.2082
2.20672
2.20576
2.20437
2.20353
2.20225
2.20142
2.20021
2.19941
2.19827
2.19749
2.19643
2.19567
2.19466
2.19395
2.19303
2.1923
2.19145
2.19085
2.19
2.18923
2.18853
2.18791
2.18719
2.18657
2.18593
2.18534
2.18466
2.18402
2.18342
2.18267
2.18214
2.18154
2.18097
2.18044
2.18009
2.17959
2.17921
2.1787
2.17833
2.17782
2.17749
2.17698
2.17669
2.17619
2.17593
2.17545
2.1752
2.17474
2.17467
2.17425
2.17373
2.17318
2.17301
2.17258
2.17243
2.17207
2.17195
2.17152
2.17146
2.17106
2.17099
2.17056
2.17051
2.17006
2.17006
2.16968
2.16972
2.16935
2.1694
2.16898
2.16903
2.16867
2.16876
2.16839
2.16849
2.16812
2.16826
2.16791
2.16805
2.1677
2.16785
2.16752
2.16767
2.16733
2.16752
2.16719
2.16735
2.16699
2.16724
2.167
2.16727
2.16695
2.1672
2.16692
2.16722
2.16692
2.16718
2.16686
2.16713
2.16682
2.16712
2.1668
2.16712
2.16685
2.16718
2.16692
2.16724
2.16697
2.1673
2.16702
2.16736
2.16708
2.16743
2.1672
2.16759
2.16738
2.16779
2.16761
2.16792
2.16769
2.16804
2.16763
2.16803
2.16765
2.16795
2.16771
2.16811
2.16787
2.16829
2.16804
2.16845
2.16821
2.16861
2.16838
2.16881
2.16861
2.16902
2.16879
2.16921
2.16897
2.16938
2.16915
2.16954
2.16931
2.16972
2.16949
2.16987
2.16963
2.17002
2.16979
2.1702
2.16997
2.17038
2.17015
2.17057
2.17037
2.17079
2.17056
2.17097
2.17074
2.17114
2.17091
2.17131
2.1711
2.17152
2.1713
2.17169
2.17145
2.17185
2.17163
2.17203
2.17181
2.1722
2.17195
2.17233
2.1721
2.17249
2.17226
2.17265
2.1724
2.17273
2.17251
2.17289
2.17271
2.17311
2.17289
2.17326
2.17303
2.17341
2.17318
2.17355
2.17332
2.17367
2.17342
2.17381
2.1736
2.17396
2.17372
2.17411
2.17388
2.17415
2.17393
2.17428
2.17405
2.17441
2.17417
2.17452
2.17432
2.17463
2.17437
2.1747
2.17441
2.17471
2.17446
2.1748
2.17454
2.17487
2.17462
2.17494
2.17468
2.17502
2.17475
2.17508
2.17481
2.17513
2.17486
2.17518
2.17491
2.17522
2.17494
2.17525
2.17497
2.17527
2.17498
2.17528
2.17501
2.17532
2.17503
2.17533
2.17503
2.17532
2.17503
2.17531
2.17501
2.1753
2.17499
2.17527
2.17496
2.17524
2.17493
2.17519
2.17488
2.17515
2.17483
2.17508
2.17476
2.17501
2.17469
2.17495
2.1746
2.17485
2.17451
2.17475
2.1744
2.17465
2.17431
2.17457
2.17422
2.17446
2.17408
2.17431
2.17395
2.17419
2.17383
2.17405
2.17368
2.1739
2.17352
2.17374
2.17336
2.17358
2.17319
2.1734
2.173
2.1732
2.17284
2.17302
2.17263
2.17278
2.17234
2.17255
2.17212
2.1723
2.17188
2.17206
2.17163
2.17183
2.17141
2.1716
2.17116
2.17134
2.17089
2.17107
2.17062
2.17079
2.17033
2.1705
2.17004
2.17022
2.16975
2.1699
2.16935
2.16951
2.16902
2.16918
2.16869
2.16884
2.16831
2.16845
2.16797
2.16813
2.16759
2.16773
2.16719
2.16735
2.1668
2.16694
2.1664
2.16653
2.16598
2.16613
2.16556
2.16569
2.16512
2.16525
2.16467
2.1648
2.16421
2.16433
2.16374
2.16386
2.16325
2.16339
2.1628
2.16292
2.1623
2.16242
2.16179
2.16191
2.16128
2.16139
2.16075
2.16086
2.16021
2.16032
2.15967
2.15979
2.15913
2.15925
2.15852
2.15854
2.15789
2.158
2.1573
2.15741
2.1567
2.15681
2.15609
2.15617
2.15546
2.15554
2.15479
2.15492
2.15417
2.15425
2.15348
2.15357
2.15279
2.15288
2.1521
2.15219
2.1514
2.1515
2.15071
2.15081
2.15001
2.15009
2.14927
2.14937
2.14853
2.14863
2.14779
2.14789
2.14704
2.14714
2.14629
2.14641
2.14553
2.1456
2.14469
2.1448
2.1439
2.14401
2.14311
2.14322
2.14231
2.14241
2.14148
2.14159
2.14065
2.14078
2.13985
2.13997
2.13901
2.13914
2.13819
2.13833
2.13735
2.13747
2.13648
2.13658
2.13559
2.13573
2.13473
2.13489
2.13389
2.13404
2.13303
2.13315
2.13211
2.13228
2.13124
2.13139
2.13035
2.13052
2.1295
2.12968
2.12863
2.12882
2.12777
2.12798
2.12691
2.12711
2.12601
2.12621
2.12514
2.12537
2.12428
2.12451
2.12343
2.12364
2.12255
2.12281
2.12174
2.12199
2.12089
2.12118
2.12009
2.12039
2.11928
2.11956
2.11845
2.11878
2.11768
2.11802
2.11691
2.11727
2.11617
2.11654
2.11545
2.11584
2.11474
2.11515
2.11407
2.11449
2.11341
2.11381
2.11276
2.11319
2.11216
2.11259
2.11157
2.11201
2.11103
2.11149
2.1105
2.11096
2.10999
2.11049
2.10953
2.11004
2.1091
2.10963
2.1087
2.10924
2.10833
2.1089
2.10801
2.10859
2.10771
2.10831
2.10745
2.10809
2.10723
2.1079
2.10706
2.10775
2.10692
2.10764
2.10682
2.10757
2.10676
2.10755
2.10675
2.10756
2.10678
2.10763
2.10685
2.10773
2.10697
2.10788
2.10713
2.10807
2.10733
2.10831
2.10758
2.10859
2.10787
2.10891
2.10822
2.10928
2.1086
2.1097
2.10903
2.11015
2.10951
2.11066
2.11004
2.1112
2.1106
2.11179
2.11122
2.11243
2.11187
2.11309
2.11259
2.1138
2.11334
2.11456
2.11413
2.11536
2.11496
2.11619
2.11584
2.11707
2.11675
2.11799
2.1177
2.11895
2.11869
2.11995
2.11972
2.12098
2.12078
2.12205
2.12188
2.12315
2.123
2.12429
2.12416
2.12545
2.12535
2.12665
2.12656
2.12787
2.1278
2.12912
2.12907
2.13039
2.13036
2.13169
2.13167
2.133
2.133
2.13434
2.13434
2.13569
2.1357
2.13706
2.13708
2.13844
2.13846
2.13984
2.13987
2.14125
2.14127
2.14266
2.14269
2.14408
2.14411
2.1455
2.14554
2.14692
2.14697
2.14834
2.14841
2.14977
2.14985
2.1512
2.15128
2.15262
2.15271
2.15404
2.15415
2.15546
2.15557
2.15687
2.15699
2.15828
2.15841
2.15967
2.15981
2.16107
2.16121
2.16245
2.1626
2.16382
2.16398
2.16518
2.16535
2.16653
2.1667
2.16787
2.16804
2.16919
2.16937
2.1705
2.17068
2.1718
2.17198
2.17308
2.17326
2.17434
2.17453
2.17559
2.17578
2.17681
2.177
2.17802
2.17821
2.17921
2.1794
2.18038
2.18057
2.18152
2.18173
2.18263
2.18279
2.18373
2.18393
2.18489
2.1851
2.18599
2.18614
2.18704
2.18718
2.18808
2.18815
2.18898
2.18909
2.18993
2.19006
2.19089
2.19099
2.19175
2.19187
2.19262
2.19275
2.1935
2.19361
2.19432
2.19442
2.19512
2.19522
2.1959
2.196
2.19668
2.19672
2.19741
2.19742
2.19814
2.19813
2.19886
2.19884
2.19949
2.19948
2.20014
2.20011
2.2008
2.20075
2.20141
2.20133
2.20199
2.20191
2.20257
2.20244
2.20306
2.20294
2.20362
2.2035
2.20414
2.20399
2.2046
2.20442
2.20498
2.20483
2.20548
2.20534
2.20601
2.20589
2.20649
2.20633
2.20692
2.20672
2.20731
2.20711
2.20766
2.20742
2.20799
2.20772
2.20827
2.20801
2.20858
2.20832
2.20886
2.20857
2.20915
2.20883
2.20936
2.20906
2.20959
2.20929
2.20982
2.20954
2.21004
2.20967
2.21016
2.2099
2.21038
2.21007
2.21056
2.21019
2.21075
2.21039
2.21094
2.2106
2.21102
2.21065
2.21112
2.21075
2.2112
2.21084
2.21127
2.21087
2.2113
2.21086
2.21129
2.21086
2.21129
2.21092
2.21139
2.21094
2.21134
2.21087
2.21128
2.21087
2.21126
2.21082
2.21122
2.21077
2.21116
2.21073
2.21111
2.21057
2.21092
2.2105
2.21091
2.21047
2.21085
2.21049
2.21095
2.21055
2.2109
2.21049
2.21087
2.21038
2.21074
2.21026
2.2108
2.21028
2.21054
2.20999
2.21035
2.2099
2.21022
2.20975
2.21012
2.20961
2.20998
2.20946
2.20983
2.20931
2.20969
2.20921
2.20956
2.20912
2.2095
2.20895
2.20931
2.20878
2.20905
2.20856
2.20887
2.20844
2.20876
2.20831
2.2086
2.20807
2.20841
2.20789
2.20818
2.20767
2.20809
2.20755
2.20792
2.2073
2.20753
2.20702
2.20729
2.20681
2.20704
2.20658
2.20684
2.20634
2.2066
2.20605
2.20626
2.20567
2.20602
2.20548
2.20569
2.2051
2.20526
2.20481
2.20511
2.20454
2.20489
2.20458
2.20504
2.20459
2.20479
2.20402
2.20439
2.20395
2.20432
2.20373
2.20408
2.20345
2.20378
2.20333
2.20369
2.2031
2.20351
2.20284
2.20317
2.20262
2.20312
2.20228
2.2026
2.20204
2.20241
2.20184
2.20236
2.2019
2.20227
2.2016
2.20192
2.20141
2.20185
2.2013
2.20173
2.20127
2.20157
2.20111
2.20124
2.20067
2.20109
2.20068
2.201
2.2005
2.20085
2.20051
2.20093
2.20059
2.20068
2.20025
2.2005
2.20012
2.20022
2.19978
2.19986
2.19961
2.1996
2.19948
2.19933
2.19915
2.19916
2.19924
2.19891
2.19884
2.19862
2.19835
2.19804
2.19831
2.19826
2.19838
2.19807
2.19819
2.19776
2.19774
2.19769
2.19801
2.19774
2.19784
2.19749
2.19766
2.19736
2.19745
2.19737
2.1975
2.19712
2.19734
2.1971
2.19752
2.19706
2.19743
2.19694
2.19716
2.1966
2.19701
2.19662
2.19707
2.19668
2.19724
2.19681
2.19714
2.19675
2.19734
2.19689
2.19721
2.19682
2.1974
2.19701
2.19738
2.19702
2.19747
2.1972
2.19759
2.19721
2.19778
2.19787
2.19874
2.19817
2.19828
2.1983
2.19862
2.19852
2.19878
2.19863
2.19874
2.1987
2.19885
2.19877
2.19888
2.19886
2.19893
2.19917
2.19942
2.19921
2.19923
2.19933
2.19915
2.1994
2.19926
2.19899
2.19882
2.19919
2.19943
2.19955
2.19918
2.19992
2.19935
2.19983
2.19919
2.19964
2.19912
2.19999
2.19952
2.2002
2.19957
2.20018
2.19953
2.20015
2.19952
2.20034
2.19994
2.2007
2.2004
2.20078
2.19989
2.20046
2.20015
2.201
2.20043
2.20094
2.20083
2.20144
2.20127
2.20202
2.20136
2.20192
2.20191
2.20282
2.20268
2.20341
2.20326
2.20411
2.20401
2.20482
2.20474
2.20558
2.20585
2.20658
2.20624
2.20688
2.20684
2.20765
2.20751
2.20831
2.20819
2.2091
2.20908
2.20962
2.20934
2.21075
2.21066
2.21135
2.21129
2.21214
2.21198
2.2127
2.21235
2.21332
2.21331
2.21405
2.21354
2.21382
2.21353
2.2139
2.21432
2.21475
2.21455
2.21501
2.21538
2.21571
2.21595
2.21604
2.21592
2.21626
2.21641
2.21658
2.21662
2.21699
2.21741
2.21717
2.21732
2.21762
2.21798
2.21832
2.21844
2.21818
2.21921
2.21877
2.21901
2.21897
2.21968
2.21979
2.22047
2.22068
2.22148
2.22028
2.22114
2.22118
2.22217
2.22216
2.2233
2.2233
2.22458
2.22486
2.22588
2.22594
2.22712
2.22754
2.22959
2.22973
2.2305
2.22971
2.2316
2.23164
2.23312
2.23365
2.235
2.23505
2.23685
2.23707
2.23881
2.23924
2.24066
2.2406
2.24185
2.24276
2.2447
2.24455
2.24515
2.24539
2.24666
2.24655
2.24786
2.24904
2.24992
2.24988
2.25141
2.25127
2.25256
2.25236
2.25353
2.25374
2.25476
2.25462
2.25607
2.25628
2.25705
2.25757
2.25888
2.25963
2.25887
2.25931
2.25975
2.25989
2.26058
2.26139
2.26169
2.26281
2.26157
2.26223
2.26223
2.26333
2.26384
2.26513
2.26526
2.26546
2.26588
2.26743
2.26682
2.26716
2.26825
2.26931
2.27102
2.27129
2.27266
2.27351
2.27508
2.2759
2.27771
2.27909
2.28107
2.28195
2.28281
2.28257
2.28417
2.2849
2.2871
2.28871
2.29069
2.29251
2.29498
2.29642
2.29903
2.30033
2.30302
2.30526
2.30827
2.31011
2.31213
2.31392
2.3164
2.31831
2.32092
2.32319
2.32562
2.32735
2.33001
2.33078
2.33302
2.33505
2.33736
2.341
2.34329
2.34368
2.3444
2.34668
2.34824
2.3504
2.35161
2.3532
2.35327
2.35488
2.35558
2.35706
2.35839
2.35934
2.35981
2.36231
2.36326
2.36592
2.36607
2.36785
2.36877
2.37006
2.37075
2.37271
2.37408
2.37595
2.37782
2.3787
2.38068
2.38125
2.38132
2.38222
2.3845
2.38562
2.38806
2.38933
2.39303
2.39623
2.40123
2.40233
2.40371
2.40365
2.40681
2.40862
2.4138
2.41559
2.42047
2.4232
2.42932
2.43381
2.43919
2.44297
2.448
2.45187
2.45766
2.46291
2.46724
2.47247
2.47893
2.48412
2.49092
2.49557
2.50145
2.5077
2.51328
2.51846
2.5257
2.53162
2.53702
2.54168
2.54574
2.55045
2.55713
2.56117
2.56786
2.56752
2.56987
2.57086
2.57479
2.57639
2.57862
2.58037
2.58386
2.58406
2.58643
2.58556
2.59073
2.59243
2.59568
2.59603
2.59925
2.59861
2.60199
2.60175
2.60863
2.60972
2.6131
2.61115
2.61327
2.61081
2.61269
2.60929
2.61449
2.61639
2.6218
2.62071
2.62554
2.62854
2.63643
2.6437
2.6508
2.65528
2.66224
2.66863
2.67583
2.68266
2.69024
2.69938
2.70727
2.70951
2.71718
2.72883
2.73914
2.75063
2.76125
2.76663
2.77575
2.77851
2.78581
2.79348
2.80515
2.81093
2.81817
2.82645
2.83605
2.8377
2.84722
2.85283
2.85735
2.8602
2.86541
2.87051
2.87226
2.87423
2.87579
2.87703
2.87596
2.87483
2.87067
2.86739
2.86767
2.86723
2.86374
2.86032
2.86088
2.85692
2.84698
2.84094
2.83583
2.83455
2.83297
2.83279
2.82931
2.82862
2.82833
2.82949
2.82875
2.82959
2.83171
2.83439
2.83978
2.8468
2.85107
2.85858
2.8656
2.87397
2.87517
2.87956
2.89144
2.90016
2.91004
2.91884
2.93175
2.94038
2.95158
2.96588
2.97949
2.9926
2.9965
3.00878
3.02383
3.03304
3.04076
3.0472
3.05765
3.07192
3.07859
3.08744
3.09062
3.10431
3.11098
3.1177
3.11593
3.11387
3.11008
3.11315
3.10834
3.10968
3.10531
3.10479
3.09835
3.09494
3.08896
3.08015
3.07774
3.07413
3.06821
3.06196
3.05225
3.0428
3.03375
3.02777
3.01725
3.01006
3.00508
2.99883
2.98479
2.98123
2.97482
2.9712
2.9687
2.96962
2.9693
2.97761
2.98582
2.99133
2.99811
3.00456
3.01378
3.02444
3.02476
3.03663
3.04863
3.06604
3.07685
3.09513
3.10501
3.11725
3.12526
3.14573
3.16367
3.1739
3.18697
3.19998
3.21484
3.23008
3.24542
3.253
3.26257
3.2749
3.285
3.29903
3.3057
3.29976
3.30738
3.32059
3.32159
3.32011
3.31796
3.31596
3.30842
3.30872
3.29218
3.27689
3.27391
3.27608
3.26466
3.25504
3.24436
3.24073
3.23695
3.2274
3.21644
3.20583
3.19238
3.18361
3.17244
3.16834
3.15153
3.1447
3.14425
3.139
3.13454
3.12414
3.12122
3.11996
3.11743
3.11985
3.12866
3.13808
3.14648
3.15147
3.15342
3.16525
3.17382
3.18884
3.21432
3.23469
3.24757
3.25165
3.27056
3.27907
3.30084
3.32103
3.33309
3.35561
3.36784
3.37985
3.40007
3.40923
3.4296
3.43505
3.4421
3.4498
3.45524
3.46234
3.46033
3.46147
3.46158
3.4645
3.45908
3.46075
3.45605
3.45123
3.44302
3.44454
3.43406
3.43427
3.41611
3.39314
3.38231
3.36923
3.36213
3.36084
3.34745
3.33523
3.31766
3.30874
3.29886
3.28867
3.27526
3.26871
3.25609
3.24821
3.24523
3.24313
3.24667
3.23284
3.22015
3.22089
3.22723
3.23442
3.24563
3.25673
3.25476
3.26759
3.28174
3.28208
3.29474
3.32591
3.33748
3.35032
3.36784
3.37792
3.39692
3.42228
3.4354
3.4471
3.47157
3.48259
3.49862
3.4996
3.51131
3.53127
3.53547
3.53905
3.53931
3.54755
3.55377
3.55049
3.54965
3.54739
3.54292
3.53644
3.53495
3.53208
3.52985
3.52722
3.52004
3.5097
3.49851
3.4861
3.45864
3.44141
3.43068
3.42623
3.41621
3.40138
3.38957
3.37716
3.36241
3.35146
3.3399
3.33293
3.32081
3.30586
3.3061
3.30324
3.30175
3.29855
3.28904
3.27907
3.28285
3.28608
3.29527
3.30543
3.31959
3.32201
3.33957
3.34926
3.35264
3.37265
3.38906
3.40424
3.42661
3.44129
3.45367
3.48512
3.48914
3.49765
3.51798
3.53045
3.54632
3.5458
3.56233
3.57817
3.58075
3.58648
3.588
3.59496
3.59517
3.59406
3.59093
3.58593
3.5869
3.57928
3.56654
3.57222
3.57603
3.5676
3.55531
3.54864
3.52959
3.52386
3.50315
3.47416
3.46118
3.45777
3.44495
3.43171
3.42139
3.40952
3.39487
3.38085
3.36472
3.35783
3.35317
3.33889
3.33299
3.33158
3.33214
3.32726
3.32352
3.31028
3.31155
3.31943
3.32597
3.32936
3.34532
3.3605
3.3684
3.37974
3.39251
3.39985
3.4185
3.43501
3.45959
3.47558
3.48742
3.50773
3.51328
3.52726
3.54136
3.55173
3.56877
3.58049
3.58431
3.59927
3.60907
3.60788
3.60822
3.61507
3.61423
3.613
3.6078
3.60309
3.60504
3.59423
3.58493
3.59026
3.59149
3.58173
3.5693
3.5621
3.54279
3.53711
3.51431
3.48428
3.47315
3.46983
3.4552
3.4455
3.43184
3.42038
3.40324
3.38953
3.372
3.37242
3.36417
3.35076
3.34546
3.34273
3.34455
3.33964
3.3362
3.32261
3.32612
3.33323
3.34009
3.3442
3.35918
3.37471
3.38298
3.39448
3.40644
3.41482
3.43464
3.45223
3.47926
3.48721
3.50269
3.51613
3.52556
3.5379
3.54863
3.56956
3.58281
3.59112
3.59327
3.61491
3.61491
3.61581
3.61514
3.62476
3.62096
3.61867
3.61339
3.60988
3.60987
3.59569
3.59368
3.59813
3.59595
3.58431
3.57272
3.56494
3.54649
3.53762
3.51153
3.48392
3.4771
3.47176
3.45847
3.44737
3.4341
3.41995
3.40517
3.38845
3.37551
3.37623
3.3665
3.35346
3.35226
3.34494
3.34708
3.34306
3.33875
3.32637
3.33291
3.33922
3.34619
3.35169
3.36688
3.38039
3.3908
3.4033
3.41066
3.42365
3.44265
3.46465
3.48671
3.49219
3.51117
3.52025
3.53198
3.54224
3.5563
3.57881
3.58862
3.59331
3.5988
3.62122
3.61701
3.6181
3.619
3.6263
3.62392
3.61904
3.61459
3.61321
3.60877
3.59598
3.59623
3.60109
3.59418
3.58331
3.57255
3.5617
3.54616
3.53442
3.50473
3.4836
3.47668
3.46956
3.45868
3.44623
3.43252
3.41672
3.40314
3.38465
3.37618
3.37668
3.3649
3.35403
3.3522
3.34727
3.34723
3.34401
3.33485
3.3283
3.33555
3.34166
3.34881
3.35599
3.3742
3.38379
3.39408
3.40903
3.41271
3.42823
3.44796
3.47188
3.48911
3.49612
3.5164
3.52368
3.53297
3.54612
3.56035
3.58486
3.59059
3.594
3.60865
3.62022
3.61657
3.61879
3.62118
3.62551
3.62386
3.61824
3.61331
3.61494
3.60574
3.59529
3.59745
3.60015
3.59194
3.58098
3.57123
3.55553
3.54757
3.52945
3.49759
3.48162
3.47732
3.46627
3.45633
3.44354
3.42888
3.41346
3.39939
3.38179
3.37655
3.37478
3.36105
3.3528
3.3506
3.3494
3.34636
3.34282
3.33243
3.32894
3.33769
3.34396
3.34987
3.35882
3.37983
3.3846
3.39716
3.41248
3.41402
3.43268
3.45204
3.47736
3.48945
3.50034
3.51893
3.5258
3.53556
3.54873
3.56516
3.58713
3.59148
3.595
3.61384
3.61945
3.61675
3.6204
3.62227
3.62528
3.62223
3.61765
3.61216
3.6146
3.60261
3.59401
3.59981
3.59851
3.59006
3.57831
3.56949
3.55092
3.54496
3.5239
3.49262
3.48028
3.4758
3.4637
3.45307
3.44093
3.42527
3.4106
3.39571
3.37909
3.37691
3.37229
3.35811
3.35085
3.3505
3.3494
3.34591
3.3431
3.32953
3.33069
3.33832
3.34563
3.35135
3.36071
3.38099
3.38694
3.40006
3.41356
3.41662
3.43759
3.45616
3.48248
3.49022
3.50509
3.51942
3.52821
3.53786
3.55117
3.57199
3.58671
3.59282
3.59646
3.61704
3.61887
3.61747
3.6188
3.62517
3.62531
3.62039
3.61725
3.61115
3.61358
3.59928
3.59495
3.59993
3.59801
3.58784
3.57547
3.56845
3.54877
3.54122
3.51915
3.48702
3.47918
3.47314
3.46165
3.44961
3.4383
3.42188
3.40824
3.39171
3.37706
3.37798
3.36982
3.35591
3.35123
3.34714
3.34969
3.34498
3.3419
3.32811
3.3329
3.33984
3.34633
3.35283
3.36389
3.38136
3.38963
3.40222
3.41252
3.42205
3.44124
3.46193
3.48601
3.49178
3.50931
3.51934
3.53046
3.54126
3.55515
3.57702
3.58875
3.59261
3.59852
3.61965
3.61899
3.61728
3.618
3.62631
3.62481
3.61935
3.61659
3.61111
3.61172
3.59698
3.59611
3.60063
3.59613
3.58557
3.57333
3.56497
3.54779
3.53686
3.51037
3.48393
3.47842
3.47053
3.46055
3.44724
3.43533
3.41859
3.40624
3.38634
3.37698
3.37742
3.36736
3.35468
3.3531
3.34582
3.34832
3.34413
3.33795
3.32804
3.33483
3.34075
3.34798
3.35401
3.36929
3.38344
3.39212
3.40666
3.41162
3.42597
3.44481
3.46822
3.48752
3.49405
3.51323
3.5221
3.53181
3.54369
3.55864
3.58127
3.59075
3.5928
3.60355
3.6195
3.61856
3.6174
3.62143
3.62479
3.62546
3.61759
3.61573
3.61288
3.60865
3.59532
3.59657
3.60118
3.59328
3.58314
3.57209
3.56067
3.54682
3.53252
3.50334
3.48224
3.47789
3.46783
3.45911
3.44481
3.43236
3.41501
3.40268
3.38359
3.37605
3.37621
3.3644
3.35368
3.35169
3.34791
3.34711
3.34352
3.33431
3.32819
3.3362
3.34176
3.34938
3.35687
3.37547
3.38419
3.39422
3.4101
3.4128
3.42953
3.44857
3.47337
3.4891
3.49693
3.51706
3.52396
3.53344
3.54628
3.56164
3.58497
3.59141
3.59282
3.61138
3.61882
3.61779
3.61741
3.62251
3.62384
3.62482
3.61659
3.61403
3.61409
3.60551
3.59448
3.598
3.59968
3.59107
3.58063
3.57054
3.55405
3.54753
3.52746
3.49718
3.4801
3.47812
3.46462
3.45665
3.44194
3.42878
3.412
3.39913
3.38064
3.37665
3.37366
3.36047
3.3522
3.3506
3.34911
3.34625
3.34225
3.33181
3.32884
3.33799
3.34396
3.35002
3.35888
3.38039
3.38482
3.39705
3.41327
3.41354
3.43369
3.45222
3.47832
3.48951
3.50105
3.51873
3.52573
3.53606
3.54864
3.56648
3.58661
3.59229
3.59413
3.61534
3.61794
3.61793
3.6192
3.62381
3.62384
3.62311
3.61616
3.61262
3.61364
3.6025
3.59328
3.6001
3.59837
3.58929
3.57789
3.56916
3.55015
3.54469
3.52233
3.49241
3.47909
3.47626
3.46228
3.45334
3.43954
3.42543
3.40927
3.39561
3.37811
3.37706
3.37144
3.35786
3.35035
3.35026
3.34909
3.34579
3.34287
3.32911
3.33074
3.33841
3.34554
3.35175
3.36064
3.38084
3.38757
3.39982
3.41369
3.41679
3.43842
3.45652
3.48313
3.4902
3.5056
3.51936
3.52856
3.53835
3.55106
3.57356
3.58597
3.59361
3.59565
3.61851
3.61751
3.6187
3.6174
3.62683
3.62378
3.62141
3.61589
3.61197
3.61259
3.59912
3.59488
3.59985
3.59812
3.58719
3.57527
3.5684
3.54838
3.54077
3.51743
3.48708
3.4781
3.47378
3.46042
3.45011
3.43694
3.42224
3.40713
3.39164
3.37648
3.37797
3.36934
3.35595
3.35142
3.34666
3.3494
3.34495
3.34129
3.32804
3.33301
3.34005
3.34639
3.35302
3.36447
3.38147
3.39031
3.40235
3.41237
3.42248
3.44192
3.46289
3.48625
3.49192
3.50981
3.51968
3.53042
3.54211
3.55521
3.57813
3.58832
3.5934
3.59786
3.62107
3.61773
3.61851
3.61671
3.62768
3.6235
3.62049
3.61538
3.61206
3.61072
3.5972
3.59598
3.60086
3.59587
3.58487
3.5733
3.5643
3.5472
3.53679
3.50863
3.48455
3.47728
3.47094
3.4595
3.44772
3.43418
3.4188
3.40503
3.3864
3.37664
3.37743
3.36678
3.35474
3.3528
3.3459
3.34805
3.34453
3.33692
3.32828
3.33476
3.34111
3.34798
3.35444
3.37006
3.38363
3.39271
3.40696
3.41194
3.42608
3.44561
3.46873
3.48793
3.49437
3.51375
3.52252
3.53166
3.54436
3.55852
3.58247
3.5901
3.59385
3.60373
3.62041
3.61713
3.61876
3.62035
3.62592
3.62401
3.61874
3.61441
3.61385
3.60759
3.59564
3.59628
3.60097
3.59316
3.58244
3.57211
3.56003
3.54664
3.53236
3.50162
3.48279
3.47706
3.46828
3.4578
3.44536
3.43098
3.41529
3.40152
3.38366
3.37574
3.37618
3.36375
3.3537
3.35127
3.34834
3.34682
3.34349
3.3338
3.32838
3.33626
3.34221
3.34935
3.35737
3.37631
3.38403
3.39489
3.41015
3.4134
3.42966
3.44941
3.47383
3.48945
3.4974
3.51745
3.52427
3.53364
3.54692
3.5618
3.5858
3.59079
3.59382
3.61112
3.62009
3.61641
3.61882
3.62128
3.62518
3.62317
3.61783
3.61291
3.61482
3.60451
3.59471
3.59817
3.59937
3.5911
3.57995
3.5704
3.55336
3.54708
3.52712
3.49581
3.48068
3.47695
3.46521
3.45532
3.44237
3.42747
3.41236
3.39801
3.38069
3.3765
3.37342
3.35974
3.3522
3.35055
3.34931
3.34607
3.3424
3.33119
3.32921
3.33791
3.34439
3.34999
3.35918
3.38101
3.38457
3.39782
3.41341
3.41399
3.43429
3.45291
3.47878
3.48975
3.50173
3.51874
3.52607
3.53624
3.54923
3.56674
3.58725
3.59173
3.59539
3.61469
3.61902
3.61678
3.6206
3.62274
3.62516
3.62162
3.61721
3.61138
3.61423
3.60155
3.59371
3.60002
3.59809
3.58929
3.57725
3.56898
3.55001
3.54374
3.52237
3.49078
3.47997
3.47479
3.46294
3.45185
3.44008
3.4241
3.40967
3.39447
3.37818
3.37689
3.3714
3.35733
3.3505
3.34976
3.34924
3.34546
3.34307
3.32866
3.33122
3.33828
3.34589
3.35179
3.3611
3.38095
3.38763
3.40049
3.41327
3.41791
3.43867
3.45751
3.48342
3.49051
3.50612
3.51926
3.52921
3.53849
3.55183
3.57392
3.58685
3.59276
3.59694
3.61782
3.61874
3.61742
3.61877
3.62573
3.62504
3.61991
3.6169
3.61109
3.61304
3.59801
3.59548
3.5997
3.59788
3.5872
3.57472
3.56821
3.54852
3.53965
3.51662
3.48573
3.47898
3.47242
3.46117
3.44888
3.43735
3.42104
3.40764
3.39033
3.37679
3.37769
3.36942
3.35568
3.352
3.34608
3.34952
3.34468
3.3411
3.32781
3.33351
3.34
3.34694
3.35296
3.3653
3.38182
3.39041
3.40337
3.41174
3.42359
3.44205
3.46429
3.48624
3.49235
3.51025
3.52008
3.53079
3.54225
3.55621
3.57817
3.58944
3.59248
3.59949
3.62005
3.61888
3.61718
3.61844
3.62633
3.62494
3.61902
3.61643
3.61157
3.61095
3.59653
3.59637
3.60098
3.59524
3.58489
3.57287
3.56378
3.54696
3.5358
3.50838
3.48357
3.47798
3.46969
3.4604
3.44654
3.43449
3.41759
3.40516
3.38554
3.37681
3.37713
3.36652
3.35454
3.35277
3.34597
3.34802
3.34464
3.33629
3.3282
3.33508
3.34109
3.34835
3.35463
3.37112
3.38396
3.3927
3.40794
3.41171
3.42691
3.44589
3.46974
3.48804
3.49486
3.5143
3.52286
3.53187
3.54449
3.5594
3.58246
3.59099
3.59306
3.60607
3.6191
3.61815
3.61746
3.62204
3.62438
3.62525
3.61737
3.61519
3.61318
3.60783
3.59514
3.5965
3.60083
3.59263
3.58242
3.57179
3.55943
3.54696
3.53114
3.50134
3.48166
3.47818
3.46682
3.45839
3.44413
3.43128
3.41412
3.40167
3.38282
3.37616
3.37569
3.36331
3.35325
3.3512
3.34845
3.34682
3.34315
3.33361
3.32826
3.33668
3.34241
3.34959
3.35756
3.37714
3.38437
3.39491
3.41094
3.41329
3.43041
3.44969
3.47474
3.48924
3.49812
3.51775
3.52449
3.53417
3.54696
3.56289
3.58528
3.59178
3.59308
3.61289
3.6187
3.61751
56.6548
6.53226
5.2793
4.99008
4.86573
4.75683
4.65125
4.55502
4.46492
4.27744
4.12859
3.978
3.92151
3.89011
3.89439
3.94843
3.93372
3.8834
3.85039
3.85426
3.82649
3.69152
3.64258
3.6097
3.57483
3.54036
3.5127
3.47714
3.44454
3.40412
3.36058
3.31337
3.27955
3.24305
3.20054
3.16488
3.14525
3.11396
3.08798
3.06401
3.03746
3.0183
2.96937
2.92713
2.9083
2.88687
2.86622
2.84737
2.82687
2.80648
2.78724
2.769
2.75028
2.73226
2.71623
2.69835
2.6802
2.663
2.64707
2.63275
2.62091
2.60543
2.59026
2.57943
2.56724
2.55534
2.54251
2.53073
2.52258
2.50877
2.49349
2.4856
2.47845
2.47128
2.46429
2.45753
2.45129
2.445
2.43955
2.43351
2.42959
2.42443
2.41939
2.41455
2.41071
2.40515
2.40163
2.39682
2.39331
2.38943
2.3858
2.38234
2.3784
2.37552
2.37093
2.36848
2.36354
2.36181
2.357
2.35476
2.35029
2.34789
2.3436
2.3407
2.33653
2.33381
2.32956
2.32675
2.32332
2.322
2.31765
2.31364
2.31069
2.30685
2.30268
2.3005
2.29694
2.29429
2.29106
2.28822
2.28546
2.28245
2.27999
2.27707
2.27456
2.27157
2.26923
2.26651
2.26439
2.26181
2.25968
2.25698
2.255
2.2525
2.25066
2.24836
2.24664
2.24431
2.24281
2.2405
2.23881
2.23655
2.23528
2.23289
2.23142
2.22926
2.22805
2.22621
2.22541
2.22371
2.22275
2.22066
2.21976
2.21794
2.21719
2.21545
2.21392
2.21186
2.21092
2.20893
2.2082
2.20672
2.20576
2.20437
2.20353
2.20225
2.20142
2.20021
2.19941
2.19827
2.19749
2.19643
2.19567
2.19466
2.19395
2.19303
2.1923
2.19145
2.19085
2.19
2.18923
2.18853
2.18791
2.18719
2.18657
2.18593
2.18534
2.18466
2.18402
2.18342
2.18267
2.18214
2.18154
2.18097
2.18044
2.18009
2.17959
2.17921
2.1787
2.17833
2.17782
2.17749
2.17698
2.17669
2.17619
2.17593
2.17545
2.1752
2.17474
2.17467
2.17425
2.17373
2.17318
2.17301
2.17258
2.17243
2.17207
2.17195
2.17152
2.17146
2.17106
2.17099
2.17056
2.17051
2.17006
2.17006
2.16968
2.16972
2.16935
2.1694
2.16898
2.16903
2.16867
2.16876
2.16839
2.16849
2.16812
2.16826
2.16791
2.16805
2.1677
2.16785
2.16752
2.16767
2.16733
2.16752
2.16719
2.16735
2.16699
2.16724
2.167
2.16727
2.16695
2.1672
2.16692
2.16722
2.16692
2.16718
2.16686
2.16713
2.16682
2.16712
2.1668
2.16712
2.16685
2.16718
2.16692
2.16724
2.16697
2.1673
2.16702
2.16736
2.16708
2.16743
2.1672
2.16759
2.16738
2.16779
2.16761
2.16792
2.16769
2.16804
2.16763
2.16803
2.16765
2.16795
2.16771
2.16811
2.16787
2.16829
2.16804
2.16845
2.16821
2.16861
2.16838
2.16881
2.16861
2.16902
2.16879
2.16921
2.16897
2.16938
2.16915
2.16954
2.16931
2.16972
2.16949
2.16987
2.16963
2.17002
2.16979
2.1702
2.16997
2.17038
2.17015
2.17057
2.17037
2.17079
2.17056
2.17097
2.17074
2.17114
2.17091
2.17131
2.1711
2.17152
2.1713
2.17169
2.17145
2.17185
2.17163
2.17203
2.17181
2.1722
2.17195
2.17233
2.1721
2.17249
2.17226
2.17265
2.1724
2.17273
2.17251
2.17289
2.17271
2.17311
2.17289
2.17326
2.17303
2.17341
2.17318
2.17355
2.17332
2.17367
2.17342
2.17381
2.1736
2.17396
2.17372
2.17411
2.17388
2.17415
2.17393
2.17428
2.17405
2.17441
2.17417
2.17452
2.17432
2.17463
2.17437
2.1747
2.17441
2.17471
2.17446
2.1748
2.17454
2.17487
2.17462
2.17494
2.17468
2.17502
2.17475
2.17508
2.17481
2.17513
2.17486
2.17518
2.17491
2.17522
2.17494
2.17525
2.17497
2.17527
2.17498
2.17528
2.17501
2.17532
2.17503
2.17533
2.17503
2.17532
2.17503
2.17531
2.17501
2.1753
2.17499
2.17527
2.17496
2.17524
2.17493
2.17519
2.17488
2.17515
2.17483
2.17508
2.17476
2.17501
2.17469
2.17495
2.1746
2.17485
2.17451
2.17475
2.1744
2.17465
2.17431
2.17457
2.17422
2.17446
2.17408
2.17431
2.17395
2.17419
2.17383
2.17405
2.17368
2.1739
2.17352
2.17374
2.17336
2.17358
2.17319
2.1734
2.173
2.1732
2.17284
2.17302
2.17263
2.17278
2.17234
2.17255
2.17212
2.1723
2.17188
2.17206
2.17163
2.17183
2.17141
2.1716
2.17116
2.17134
2.17089
2.17107
2.17062
2.17079
2.17033
2.1705
2.17004
2.17022
2.16975
2.1699
2.16935
2.16951
2.16902
2.16918
2.16869
2.16884
2.16831
2.16845
2.16797
2.16813
2.16759
2.16773
2.16719
2.16735
2.1668
2.16694
2.1664
2.16653
2.16598
2.16613
2.16556
2.16569
2.16512
2.16525
2.16467
2.1648
2.16421
2.16433
2.16374
2.16386
2.16325
2.16339
2.1628
2.16292
2.1623
2.16242
2.16179
2.16191
2.16128
2.16139
2.16075
2.16086
2.16021
2.16032
2.15967
2.15979
2.15913
2.15925
2.15852
2.15854
2.15789
2.158
2.1573
2.15741
2.1567
2.15681
2.15609
2.15617
2.15546
2.15554
2.15479
2.15492
2.15417
2.15425
2.15348
2.15357
2.15279
2.15288
2.1521
2.15219
2.1514
2.1515
2.15071
2.15081
2.15001
2.15009
2.14927
2.14937
2.14853
2.14863
2.14779
2.14789
2.14704
2.14714
2.14629
2.14641
2.14553
2.1456
2.14469
2.1448
2.1439
2.14401
2.14311
2.14322
2.14231
2.14241
2.14148
2.14159
2.14065
2.14078
2.13985
2.13997
2.13901
2.13914
2.13819
2.13833
2.13735
2.13747
2.13648
2.13658
2.13559
2.13573
2.13473
2.13489
2.13389
2.13404
2.13303
2.13315
2.13211
2.13228
2.13124
2.13139
2.13035
2.13052
2.1295
2.12968
2.12863
2.12882
2.12777
2.12798
2.12691
2.12711
2.12601
2.12621
2.12514
2.12537
2.12428
2.12451
2.12343
2.12364
2.12255
2.12281
2.12174
2.12199
2.12089
2.12118
2.12009
2.12039
2.11928
2.11956
2.11845
2.11878
2.11768
2.11802
2.11691
2.11727
2.11617
2.11654
2.11545
2.11584
2.11474
2.11515
2.11407
2.11449
2.11341
2.11381
2.11276
2.11319
2.11216
2.11259
2.11157
2.11201
2.11103
2.11149
2.1105
2.11096
2.10999
2.11049
2.10953
2.11004
2.1091
2.10963
2.1087
2.10924
2.10833
2.1089
2.10801
2.10859
2.10771
2.10831
2.10745
2.10809
2.10723
2.1079
2.10706
2.10775
2.10692
2.10764
2.10682
2.10757
2.10676
2.10755
2.10675
2.10756
2.10678
2.10763
2.10685
2.10773
2.10697
2.10788
2.10713
2.10807
2.10733
2.10831
2.10758
2.10859
2.10787
2.10891
2.10822
2.10928
2.1086
2.1097
2.10903
2.11015
2.10951
2.11066
2.11004
2.1112
2.1106
2.11179
2.11122
2.11243
2.11187
2.11309
2.11259
2.1138
2.11334
2.11456
2.11413
2.11536
2.11496
2.11619
2.11584
2.11707
2.11675
2.11799
2.1177
2.11895
2.11869
2.11995
2.11972
2.12098
2.12078
2.12205
2.12188
2.12315
2.123
2.12429
2.12416
2.12545
2.12535
2.12665
2.12656
2.12787
2.1278
2.12912
2.12907
2.13039
2.13036
2.13169
2.13167
2.133
2.133
2.13434
2.13434
2.13569
2.1357
2.13706
2.13708
2.13844
2.13846
2.13984
2.13987
2.14125
2.14127
2.14266
2.14269
2.14408
2.14411
2.1455
2.14554
2.14692
2.14697
2.14834
2.14841
2.14977
2.14985
2.1512
2.15128
2.15262
2.15271
2.15404
2.15415
2.15546
2.15557
2.15687
2.15699
2.15828
2.15841
2.15967
2.15981
2.16107
2.16121
2.16245
2.1626
2.16382
2.16398
2.16518
2.16535
2.16653
2.1667
2.16787
2.16804
2.16919
2.16937
2.1705
2.17068
2.1718
2.17198
2.17308
2.17326
2.17434
2.17453
2.17559
2.17578
2.17681
2.177
2.17802
2.17821
2.17921
2.1794
2.18038
2.18057
2.18152
2.18173
2.18263
2.18279
2.18373
2.18393
2.18489
2.1851
2.18599
2.18614
2.18704
2.18718
2.18808
2.18815
2.18898
2.18909
2.18993
2.19006
2.19089
2.19099
2.19175
2.19187
2.19262
2.19275
2.1935
2.19361
2.19432
2.19442
2.19512
2.19522
2.1959
2.196
2.19668
2.19672
2.19741
2.19742
2.19814
2.19813
2.19886
2.19884
2.19949
2.19948
2.20014
2.20011
2.2008
2.20075
2.20141
2.20133
2.20199
2.20191
2.20257
2.20244
2.20306
2.20294
2.20362
2.2035
2.20414
2.20399
2.2046
2.20442
2.20498
2.20483
2.20548
2.20534
2.20601
2.20589
2.20649
2.20633
2.20692
2.20672
2.20731
2.20711
2.20766
2.20742
2.20799
2.20772
2.20827
2.20801
2.20858
2.20832
2.20886
2.20857
2.20915
2.20883
2.20936
2.20906
2.20959
2.20929
2.20982
2.20954
2.21004
2.20967
2.21016
2.2099
2.21038
2.21007
2.21056
2.21019
2.21075
2.21039
2.21094
2.2106
2.21102
2.21065
2.21112
2.21075
2.2112
2.21084
2.21127
2.21087
2.2113
2.21086
2.21129
2.21086
2.21129
2.21092
2.21139
2.21094
2.21134
2.21087
2.21128
2.21087
2.21126
2.21082
2.21122
2.21077
2.21116
2.21073
2.21111
2.21057
2.21092
2.2105
2.21091
2.21047
2.21085
2.21049
2.21095
2.21055
2.2109
2.21049
2.21087
2.21038
2.21074
2.21026
2.2108
2.21028
2.21054
2.20999
2.21035
2.2099
2.21022
2.20975
2.21012
2.20961
2.20998
2.20946
2.20983
2.20931
2.20969
2.20921
2.20956
2.20912
2.2095
2.20895
2.20931
2.20878
2.20905
2.20856
2.20887
2.20844
2.20876
2.20831
2.2086
2.20807
2.20841
2.20789
2.20818
2.20767
2.20809
2.20755
2.20792
2.2073
2.20753
2.20702
2.20729
2.20681
2.20704
2.20658
2.20684
2.20634
2.2066
2.20605
2.20626
2.20567
2.20602
2.20548
2.20569
2.2051
2.20526
2.20481
2.20511
2.20454
2.20489
2.20458
2.20504
2.20459
2.20479
2.20402
2.20439
2.20395
2.20432
2.20373
2.20408
2.20345
2.20378
2.20333
2.20369
2.2031
2.20351
2.20284
2.20317
2.20262
2.20312
2.20228
2.2026
2.20204
2.20241
2.20184
2.20236
2.2019
2.20227
2.2016
2.20192
2.20141
2.20185
2.2013
2.20173
2.20127
2.20157
2.20111
2.20124
2.20067
2.20109
2.20068
2.201
2.2005
2.20085
2.20051
2.20093
2.20059
2.20068
2.20025
2.2005
2.20012
2.20022
2.19978
2.19986
2.19961
2.1996
2.19948
2.19933
2.19915
2.19916
2.19924
2.19891
2.19884
2.19862
2.19835
2.19804
2.19831
2.19826
2.19838
2.19807
2.19819
2.19776
2.19774
2.19769
2.19801
2.19774
2.19784
2.19749
2.19766
2.19736
2.19745
2.19737
2.1975
2.19712
2.19734
2.1971
2.19752
2.19706
2.19743
2.19694
2.19716
2.1966
2.19701
2.19662
2.19707
2.19668
2.19724
2.19681
2.19714
2.19675
2.19734
2.19689
2.19721
2.19682
2.1974
2.19701
2.19738
2.19702
2.19747
2.1972
2.19759
2.19721
2.19778
2.19787
2.19874
2.19817
2.19828
2.1983
2.19862
2.19852
2.19878
2.19863
2.19874
2.1987
2.19885
2.19877
2.19888
2.19886
2.19893
2.19917
2.19942
2.19921
2.19923
2.19933
2.19915
2.1994
2.19926
2.19899
2.19882
2.19919
2.19943
2.19955
2.19918
2.19992
2.19935
2.19983
2.19919
2.19964
2.19912
2.19999
2.19952
2.2002
2.19957
2.20018
2.19953
2.20015
2.19952
2.20034
2.19994
2.2007
2.2004
2.20078
2.19989
2.20046
2.20015
2.201
2.20043
2.20094
2.20083
2.20144
2.20127
2.20202
2.20136
2.20192
2.20191
2.20282
2.20268
2.20341
2.20326
2.20411
2.20401
2.20482
2.20474
2.20558
2.20585
2.20658
2.20624
2.20688
2.20684
2.20765
2.20751
2.20831
2.20819
2.2091
2.20908
2.20962
2.20934
2.21075
2.21066
2.21135
2.21129
2.21214
2.21198
2.2127
2.21235
2.21332
2.21331
2.21405
2.21354
2.21382
2.21353
2.2139
2.21432
2.21475
2.21455
2.21501
2.21538
2.21571
2.21595
2.21604
2.21592
2.21626
2.21641
2.21658
2.21662
2.21699
2.21741
2.21717
2.21732
2.21762
2.21798
2.21832
2.21844
2.21818
2.21921
2.21877
2.21901
2.21897
2.21968
2.21979
2.22047
2.22068
2.22148
2.22028
2.22114
2.22118
2.22217
2.22216
2.2233
2.2233
2.22458
2.22486
2.22588
2.22594
2.22712
2.22754
2.22959
2.22973
2.2305
2.22971
2.2316
2.23164
2.23312
2.23365
2.235
2.23505
2.23685
2.23707
2.23881
2.23924
2.24066
2.2406
2.24185
2.24276
2.2447
2.24455
2.24515
2.24539
2.24666
2.24655
2.24786
2.24904
2.24992
2.24988
2.25141
2.25127
2.25256
2.25236
2.25353
2.25374
2.25476
2.25462
2.25607
2.25628
2.25705
2.25757
2.25888
2.25963
2.25887
2.25931
2.25975
2.25989
2.26058
2.26139
2.26169
2.26281
2.26157
2.26223
2.26223
2.26333
2.26384
2.26513
2.26526
2.26546
2.26588
2.26743
2.26682
2.26716
2.26825
2.26931
2.27102
2.27129
2.27266
2.27351
2.27508
2.2759
2.27771
2.27909
2.28107
2.28195
2.28281
2.28257
2.28417
2.2849
2.2871
2.28871
2.29069
2.29251
2.29498
2.29642
2.29903
2.30033
2.30302
2.30526
2.30827
2.31011
2.31213
2.31392
2.3164
2.31831
2.32092
2.32319
2.32562
2.32735
2.33001
2.33078
2.33302
2.33505
2.33736
2.341
2.34329
2.34368
2.3444
2.34668
2.34824
2.3504
2.35161
2.3532
2.35327
2.35488
2.35558
2.35706
2.35839
2.35934
2.35981
2.36231
2.36326
2.36592
2.36607
2.36785
2.36877
2.37006
2.37075
2.37271
2.37408
2.37595
2.37782
2.3787
2.38068
2.38125
2.38132
2.38222
2.3845
2.38562
2.38806
2.38933
2.39303
2.39623
2.40123
2.40233
2.40371
2.40365
2.40681
2.40862
2.4138
2.41559
2.42047
2.4232
2.42932
2.43381
2.43919
2.44297
2.448
2.45187
2.45766
2.46291
2.46724
2.47247
2.47893
2.48412
2.49092
2.49557
2.50145
2.5077
2.51328
2.51846
2.5257
2.53162
2.53702
2.54168
2.54574
2.55045
2.55713
2.56117
2.56786
2.56752
2.56987
2.57086
2.57479
2.57639
2.57862
2.58037
2.58386
2.58406
2.58643
2.58556
2.59073
2.59243
2.59568
2.59603
2.59925
2.59861
2.60199
2.60175
2.60863
2.60972
2.6131
2.61115
2.61327
2.61081
2.61269
2.60929
2.61449
2.61639
2.6218
2.62071
2.62554
2.62854
2.63643
2.6437
2.6508
2.65528
2.66224
2.66863
2.67583
2.68266
2.69024
2.69938
2.70727
2.70951
2.71718
2.72883
2.73914
2.75063
2.76125
2.76663
2.77575
2.77851
2.78581
2.79348
2.80515
2.81093
2.81817
2.82645
2.83605
2.8377
2.84722
2.85283
2.85735
2.8602
2.86541
2.87051
2.87226
2.87423
2.87579
2.87703
2.87596
2.87483
2.87067
2.86739
2.86767
2.86723
2.86374
2.86032
2.86088
2.85692
2.84698
2.84094
2.83583
2.83455
2.83297
2.83279
2.82931
2.82862
2.82833
2.82949
2.82875
2.82959
2.83171
2.83439
2.83978
2.8468
2.85107
2.85858
2.8656
2.87397
2.87517
2.87956
2.89144
2.90016
2.91004
2.91884
2.93175
2.94038
2.95158
2.96588
2.97949
2.9926
2.9965
3.00878
3.02383
3.03304
3.04076
3.0472
3.05765
3.07192
3.07859
3.08744
3.09062
3.10431
3.11098
3.1177
3.11593
3.11387
3.11008
3.11315
3.10834
3.10968
3.10531
3.10479
3.09835
3.09494
3.08896
3.08015
3.07774
3.07413
3.06821
3.06196
3.05225
3.0428
3.03375
3.02777
3.01725
3.01006
3.00508
2.99883
2.98479
2.98123
2.97482
2.9712
2.9687
2.96962
2.9693
2.97761
2.98582
2.99133
2.99811
3.00456
3.01378
3.02444
3.02476
3.03663
3.04863
3.06604
3.07685
3.09513
3.10501
3.11725
3.12526
3.14573
3.16367
3.1739
3.18697
3.19998
3.21484
3.23008
3.24542
3.253
3.26257
3.2749
3.285
3.29903
3.3057
3.29976
3.30738
3.32059
3.32159
3.32011
3.31796
3.31596
3.30842
3.30872
3.29218
3.27689
3.27391
3.27608
3.26466
3.25504
3.24436
3.24073
3.23695
3.2274
3.21644
3.20583
3.19238
3.18361
3.17244
3.16834
3.15153
3.1447
3.14425
3.139
3.13454
3.12414
3.12122
3.11996
3.11743
3.11985
3.12866
3.13808
3.14648
3.15147
3.15342
3.16525
3.17382
3.18884
3.21432
3.23469
3.24757
3.25165
3.27056
3.27907
3.30084
3.32103
3.33309
3.35561
3.36784
3.37985
3.40007
3.40923
3.4296
3.43505
3.4421
3.4498
3.45524
3.46234
3.46033
3.46147
3.46158
3.4645
3.45908
3.46075
3.45605
3.45123
3.44302
3.44454
3.43406
3.43427
3.41611
3.39314
3.38231
3.36923
3.36213
3.36084
3.34745
3.33523
3.31766
3.30874
3.29886
3.28867
3.27526
3.26871
3.25609
3.24821
3.24523
3.24313
3.24667
3.23284
3.22015
3.22089
3.22723
3.23442
3.24563
3.25673
3.25476
3.26759
3.28174
3.28208
3.29474
3.32591
3.33748
3.35032
3.36784
3.37792
3.39692
3.42228
3.4354
3.4471
3.47157
3.48259
3.49862
3.4996
3.51131
3.53127
3.53547
3.53905
3.53931
3.54755
3.55377
3.55049
3.54965
3.54739
3.54292
3.53644
3.53495
3.53208
3.52985
3.52722
3.52004
3.5097
3.49851
3.4861
3.45864
3.44141
3.43068
3.42623
3.41621
3.40138
3.38957
3.37716
3.36241
3.35146
3.3399
3.33293
3.32081
3.30586
3.3061
3.30324
3.30175
3.29855
3.28904
3.27907
3.28285
3.28608
3.29527
3.30543
3.31959
3.32201
3.33957
3.34926
3.35264
3.37265
3.38906
3.40424
3.42661
3.44129
3.45367
3.48512
3.48914
3.49765
3.51798
3.53045
3.54632
3.5458
3.56233
3.57817
3.58075
3.58648
3.588
3.59496
3.59517
3.59406
3.59093
3.58593
3.5869
3.57928
3.56654
3.57222
3.57603
3.5676
3.55531
3.54864
3.52959
3.52386
3.50315
3.47416
3.46118
3.45777
3.44495
3.43171
3.42139
3.40952
3.39487
3.38085
3.36472
3.35783
3.35317
3.33889
3.33299
3.33158
3.33214
3.32726
3.32352
3.31028
3.31155
3.31943
3.32597
3.32936
3.34532
3.3605
3.3684
3.37974
3.39251
3.39985
3.4185
3.43501
3.45959
3.47558
3.48742
3.50773
3.51328
3.52726
3.54136
3.55173
3.56877
3.58049
3.58431
3.59927
3.60907
3.60788
3.60822
3.61507
3.61423
3.613
3.6078
3.60309
3.60504
3.59423
3.58493
3.59026
3.59149
3.58173
3.5693
3.5621
3.54279
3.53711
3.51431
3.48428
3.47315
3.46983
3.4552
3.4455
3.43184
3.42038
3.40324
3.38953
3.372
3.37242
3.36417
3.35076
3.34546
3.34273
3.34455
3.33964
3.3362
3.32261
3.32612
3.33323
3.34009
3.3442
3.35918
3.37471
3.38298
3.39448
3.40644
3.41482
3.43464
3.45223
3.47926
3.48721
3.50269
3.51613
3.52556
3.5379
3.54863
3.56956
3.58281
3.59112
3.59327
3.61491
3.61491
3.61581
3.61514
3.62476
3.62096
3.61867
3.61339
3.60988
3.60987
3.59569
3.59368
3.59813
3.59595
3.58431
3.57272
3.56494
3.54649
3.53762
3.51153
3.48392
3.4771
3.47176
3.45847
3.44737
3.4341
3.41995
3.40517
3.38845
3.37551
3.37623
3.3665
3.35346
3.35226
3.34494
3.34708
3.34306
3.33875
3.32637
3.33291
3.33922
3.34619
3.35169
3.36688
3.38039
3.3908
3.4033
3.41066
3.42365
3.44265
3.46465
3.48671
3.49219
3.51117
3.52025
3.53198
3.54224
3.5563
3.57881
3.58862
3.59331
3.5988
3.62122
3.61701
3.6181
3.619
3.6263
3.62392
3.61904
3.61459
3.61321
3.60877
3.59598
3.59623
3.60109
3.59418
3.58331
3.57255
3.5617
3.54616
3.53442
3.50473
3.4836
3.47668
3.46956
3.45868
3.44623
3.43252
3.41672
3.40314
3.38465
3.37618
3.37668
3.3649
3.35403
3.3522
3.34727
3.34723
3.34401
3.33485
3.3283
3.33555
3.34166
3.34881
3.35599
3.3742
3.38379
3.39408
3.40903
3.41271
3.42823
3.44796
3.47188
3.48911
3.49612
3.5164
3.52368
3.53297
3.54612
3.56035
3.58486
3.59059
3.594
3.60865
3.62022
3.61657
3.61879
3.62118
3.62551
3.62386
3.61824
3.61331
3.61494
3.60574
3.59529
3.59745
3.60015
3.59194
3.58098
3.57123
3.55553
3.54757
3.52945
3.49759
3.48162
3.47732
3.46627
3.45633
3.44354
3.42888
3.41346
3.39939
3.38179
3.37655
3.37478
3.36105
3.3528
3.3506
3.3494
3.34636
3.34282
3.33243
3.32894
3.33769
3.34396
3.34987
3.35882
3.37983
3.3846
3.39716
3.41248
3.41402
3.43268
3.45204
3.47736
3.48945
3.50034
3.51893
3.5258
3.53556
3.54873
3.56516
3.58713
3.59148
3.595
3.61384
3.61945
3.61675
3.6204
3.62227
3.62528
3.62223
3.61765
3.61216
3.6146
3.60261
3.59401
3.59981
3.59851
3.59006
3.57831
3.56949
3.55092
3.54496
3.5239
3.49262
3.48028
3.4758
3.4637
3.45307
3.44093
3.42527
3.4106
3.39571
3.37909
3.37691
3.37229
3.35811
3.35085
3.3505
3.3494
3.34591
3.3431
3.32953
3.33069
3.33832
3.34563
3.35135
3.36071
3.38099
3.38694
3.40006
3.41356
3.41662
3.43759
3.45616
3.48248
3.49022
3.50509
3.51942
3.52821
3.53786
3.55117
3.57199
3.58671
3.59282
3.59646
3.61704
3.61887
3.61747
3.6188
3.62517
3.62531
3.62039
3.61725
3.61115
3.61358
3.59928
3.59495
3.59993
3.59801
3.58784
3.57547
3.56845
3.54877
3.54122
3.51915
3.48702
3.47918
3.47314
3.46165
3.44961
3.4383
3.42188
3.40824
3.39171
3.37706
3.37798
3.36982
3.35591
3.35123
3.34714
3.34969
3.34498
3.3419
3.32811
3.3329
3.33984
3.34633
3.35283
3.36389
3.38136
3.38963
3.40222
3.41252
3.42205
3.44124
3.46193
3.48601
3.49178
3.50931
3.51934
3.53046
3.54126
3.55515
3.57702
3.58875
3.59261
3.59852
3.61965
3.61899
3.61728
3.618
3.62631
3.62481
3.61935
3.61659
3.61111
3.61172
3.59698
3.59611
3.60063
3.59613
3.58557
3.57333
3.56497
3.54779
3.53686
3.51037
3.48393
3.47842
3.47053
3.46055
3.44724
3.43533
3.41859
3.40624
3.38634
3.37698
3.37742
3.36736
3.35468
3.3531
3.34582
3.34832
3.34413
3.33795
3.32804
3.33483
3.34075
3.34798
3.35401
3.36929
3.38344
3.39212
3.40666
3.41162
3.42597
3.44481
3.46822
3.48752
3.49405
3.51323
3.5221
3.53181
3.54369
3.55864
3.58127
3.59075
3.5928
3.60355
3.6195
3.61856
3.6174
3.62143
3.62479
3.62546
3.61759
3.61573
3.61288
3.60865
3.59532
3.59657
3.60118
3.59328
3.58314
3.57209
3.56067
3.54682
3.53252
3.50334
3.48224
3.47789
3.46783
3.45911
3.44481
3.43236
3.41501
3.40268
3.38359
3.37605
3.37621
3.3644
3.35368
3.35169
3.34791
3.34711
3.34352
3.33431
3.32819
3.3362
3.34176
3.34938
3.35687
3.37547
3.38419
3.39422
3.4101
3.4128
3.42953
3.44857
3.47337
3.4891
3.49693
3.51706
3.52396
3.53344
3.54628
3.56164
3.58497
3.59141
3.59282
3.61138
3.61882
3.61779
3.61741
3.62251
3.62384
3.62482
3.61659
3.61403
3.61409
3.60551
3.59448
3.598
3.59968
3.59107
3.58063
3.57054
3.55405
3.54753
3.52746
3.49718
3.4801
3.47812
3.46462
3.45665
3.44194
3.42878
3.412
3.39913
3.38064
3.37665
3.37366
3.36047
3.3522
3.3506
3.34911
3.34625
3.34225
3.33181
3.32884
3.33799
3.34396
3.35002
3.35888
3.38039
3.38482
3.39705
3.41327
3.41354
3.43369
3.45222
3.47832
3.48951
3.50105
3.51873
3.52573
3.53606
3.54864
3.56648
3.58661
3.59229
3.59413
3.61534
3.61794
3.61793
3.6192
3.62381
3.62384
3.62311
3.61616
3.61262
3.61364
3.6025
3.59328
3.6001
3.59837
3.58929
3.57789
3.56916
3.55015
3.54469
3.52233
3.49241
3.47909
3.47626
3.46228
3.45334
3.43954
3.42543
3.40927
3.39561
3.37811
3.37706
3.37144
3.35786
3.35035
3.35026
3.34909
3.34579
3.34287
3.32911
3.33074
3.33841
3.34554
3.35175
3.36064
3.38084
3.38757
3.39982
3.41369
3.41679
3.43842
3.45652
3.48313
3.4902
3.5056
3.51936
3.52856
3.53835
3.55106
3.57356
3.58597
3.59361
3.59565
3.61851
3.61751
3.6187
3.6174
3.62683
3.62378
3.62141
3.61589
3.61197
3.61259
3.59912
3.59488
3.59985
3.59812
3.58719
3.57527
3.5684
3.54838
3.54077
3.51743
3.48708
3.4781
3.47378
3.46042
3.45011
3.43694
3.42224
3.40713
3.39164
3.37648
3.37797
3.36934
3.35595
3.35142
3.34666
3.3494
3.34495
3.34129
3.32804
3.33301
3.34005
3.34639
3.35302
3.36447
3.38147
3.39031
3.40235
3.41237
3.42248
3.44192
3.46289
3.48625
3.49192
3.50981
3.51968
3.53042
3.54211
3.55521
3.57813
3.58832
3.5934
3.59786
3.62107
3.61773
3.61851
3.61671
3.62768
3.6235
3.62049
3.61538
3.61206
3.61072
3.5972
3.59598
3.60086
3.59587
3.58487
3.5733
3.5643
3.5472
3.53679
3.50863
3.48455
3.47728
3.47094
3.4595
3.44772
3.43418
3.4188
3.40503
3.3864
3.37664
3.37743
3.36678
3.35474
3.3528
3.3459
3.34805
3.34453
3.33692
3.32828
3.33476
3.34111
3.34798
3.35444
3.37006
3.38363
3.39271
3.40696
3.41194
3.42608
3.44561
3.46873
3.48793
3.49437
3.51375
3.52252
3.53166
3.54436
3.55852
3.58247
3.5901
3.59385
3.60373
3.62041
3.61713
3.61876
3.62035
3.62592
3.62401
3.61874
3.61441
3.61385
3.60759
3.59564
3.59628
3.60097
3.59316
3.58244
3.57211
3.56003
3.54664
3.53236
3.50162
3.48279
3.47706
3.46828
3.4578
3.44536
3.43098
3.41529
3.40152
3.38366
3.37574
3.37618
3.36375
3.3537
3.35127
3.34834
3.34682
3.34349
3.3338
3.32838
3.33626
3.34221
3.34935
3.35737
3.37631
3.38403
3.39489
3.41015
3.4134
3.42966
3.44941
3.47383
3.48945
3.4974
3.51745
3.52427
3.53364
3.54692
3.5618
3.5858
3.59079
3.59382
3.61112
3.62009
3.61641
3.61882
3.62128
3.62518
3.62317
3.61783
3.61291
3.61482
3.60451
3.59471
3.59817
3.59937
3.5911
3.57995
3.5704
3.55336
3.54708
3.52712
3.49581
3.48068
3.47695
3.46521
3.45532
3.44237
3.42747
3.41236
3.39801
3.38069
3.3765
3.37342
3.35974
3.3522
3.35055
3.34931
3.34607
3.3424
3.33119
3.32921
3.33791
3.34439
3.34999
3.35918
3.38101
3.38457
3.39782
3.41341
3.41399
3.43429
3.45291
3.47878
3.48975
3.50173
3.51874
3.52607
3.53624
3.54923
3.56674
3.58725
3.59173
3.59539
3.61469
3.61902
3.61678
3.6206
3.62274
3.62516
3.62162
3.61721
3.61138
3.61423
3.60155
3.59371
3.60002
3.59809
3.58929
3.57725
3.56898
3.55001
3.54374
3.52237
3.49078
3.47997
3.47479
3.46294
3.45185
3.44008
3.4241
3.40967
3.39447
3.37818
3.37689
3.3714
3.35733
3.3505
3.34976
3.34924
3.34546
3.34307
3.32866
3.33122
3.33828
3.34589
3.35179
3.3611
3.38095
3.38763
3.40049
3.41327
3.41791
3.43867
3.45751
3.48342
3.49051
3.50612
3.51926
3.52921
3.53849
3.55183
3.57392
3.58685
3.59276
3.59694
3.61782
3.61874
3.61742
3.61877
3.62573
3.62504
3.61991
3.6169
3.61109
3.61304
3.59801
3.59548
3.5997
3.59788
3.5872
3.57472
3.56821
3.54852
3.53965
3.51662
3.48573
3.47898
3.47242
3.46117
3.44888
3.43735
3.42104
3.40764
3.39033
3.37679
3.37769
3.36942
3.35568
3.352
3.34608
3.34952
3.34468
3.3411
3.32781
3.33351
3.34
3.34694
3.35296
3.3653
3.38182
3.39041
3.40337
3.41174
3.42359
3.44205
3.46429
3.48624
3.49235
3.51025
3.52008
3.53079
3.54225
3.55621
3.57817
3.58944
3.59248
3.59949
3.62005
3.61888
3.61718
3.61844
3.62633
3.62494
3.61902
3.61643
3.61157
3.61095
3.59653
3.59637
3.60098
3.59524
3.58489
3.57287
3.56378
3.54696
3.5358
3.50838
3.48357
3.47798
3.46969
3.4604
3.44654
3.43449
3.41759
3.40516
3.38554
3.37681
3.37713
3.36652
3.35454
3.35277
3.34597
3.34802
3.34464
3.33629
3.3282
3.33508
3.34109
3.34835
3.35463
3.37112
3.38396
3.3927
3.40794
3.41171
3.42691
3.44589
3.46974
3.48804
3.49486
3.5143
3.52286
3.53187
3.54449
3.5594
3.58246
3.59099
3.59306
3.60607
3.6191
3.61815
3.61746
3.62204
3.62438
3.62525
3.61737
3.61519
3.61318
3.60783
3.59514
3.5965
3.60083
3.59263
3.58242
3.57179
3.55943
3.54696
3.53114
3.50134
3.48166
3.47818
3.46682
3.45839
3.44413
3.43128
3.41412
3.40167
3.38282
3.37616
3.37569
3.36331
3.35325
3.3512
3.34845
3.34682
3.34315
3.33361
3.32826
3.33668
3.34241
3.34959
3.35756
3.37714
3.38437
3.39491
3.41094
3.41329
3.43041
3.44969
3.47474
3.48924
3.49812
3.51775
3.52449
3.53417
3.54696
3.56289
3.58528
3.59178
3.59308
3.61289
3.6187
3.61751
3.61776
3.62284
3.62383
3.62425
3.61653
3.61376
3.61401
3.60465
3.59416
3.59866
3.59923
3.59059
3.57997
3.57001
3.55257
3.5473
3.52555
3.496
3.47952
3.47785
3.46387
3.4558
3.44117
3.4278
3.4112
3.39812
3.37987
3.3768
3.3728
3.3595
3.35174
3.35073
3.34913
3.34611
3.34239
3.33081
3.32922
3.33815
3.34446
3.35033
3.35934
3.38088
3.38526
3.39787
3.41427
3.41371
3.43532
3.45321
3.47967
3.48973
3.50246
3.51879
3.5262
3.53677
3.54902
3.56809
3.58656
3.59282
3.59467
3.61622
3.61776
3.61811
3.61932
3.62441
3.62378
3.6227
3.61596
3.61194
3.61345
3.60167
3.59356
3.60009
3.59808
3.58869
3.5771
3.56878
3.54952
3.54368
3.52105
3.49085
3.47884
3.47559
3.4616
3.45234
3.43884
3.42445
3.40852
3.39453
3.37742
3.37725
3.37093
3.35718
3.35025
3.34952
3.34906
3.34548
3.34268
3.3288
3.33127
3.33855
3.3459
3.35208
3.36151
3.38087
3.38835
3.40044
3.41358
3.41827
3.43954
3.45801
3.48412
3.49062
3.50675
3.51928
3.52962
3.53899
3.55211
3.57513
3.58654
3.59361
3.59621
3.61932
3.61767
3.61861
3.61751
3.62724
3.62359
3.62097
3.61568
3.61198
3.61211
3.59818
3.59533
3.59965
3.59796
3.58661
3.57468
3.56763
3.54827
3.53948
3.51471
3.48599
3.47808
3.47309
3.4602
3.4494
3.43616
3.42133
3.4068
3.38989
3.37652
3.37792
3.36914
3.35555
3.35228
3.34605
3.34909
3.34461
3.34079
3.3278
3.33361
3.3403
3.34721
3.35321
3.36597
3.3819
3.39122
3.40366
3.4119
3.42398
3.44295
3.46493
3.48667
3.49261
3.5108
3.5206
3.53093
3.54288
3.55638
3.57941
3.58912
3.59333
3.59914
3.62116
3.61764
3.61841
3.61799
3.62758
3.62367
3.62006
3.61522
3.61276
3.60986
3.59678
3.5962
3.60114
3.59507
3.58423
3.57293
3.56316
3.54655
3.53579
3.50665
3.48417
3.47685
3.47038
3.45939
3.447
3.43338
3.41777
3.40407
3.38553
3.37647
3.37716
3.36598
3.35451
3.35251
3.34648
3.34766
3.34462
3.33576
3.32838
3.33499
3.34142
3.3484
3.35527
3.37191
3.38386
3.39344
3.40803
3.41234
3.4271
3.44677
3.47029
3.48847
3.49515
3.51492
3.52317
3.53207
3.5452
3.55939
3.5837
3.59034
3.59378
3.60647
3.62008
3.61675
3.61877
3.62082
3.6257
3.62386
3.61854
3.61383
3.61414
3.60686
3.59551
3.5963
3.60071
3.5926
3.58178
3.57179
3.55839
3.54688
3.53098
3.49974
3.48221
3.47725
3.46726
3.45714
3.44454
3.42998
3.41445
3.40054
3.38279
3.37607
3.37563
3.36248
3.35322
3.35076
3.34888
3.34658
3.34316
3.33314
3.32851
3.33676
3.34298
3.3495
3.35803
3.37785
3.38424
3.39576
3.41103
3.41383
3.43064
3.45053
3.47526
3.48925
3.49869
3.51806
3.5249
3.53438
3.54763
3.56305
3.58626
3.59108
3.59424
3.61239
3.61973
3.61635
3.61924
3.62162
3.62517
3.62267
3.61762
3.61265
3.61469
3.60365
3.59434
3.59881
3.5989
3.59063
3.57935
3.56984
3.55204
3.54655
3.52537
3.49453
3.48033
3.47642
3.46447
3.45439
3.44167
3.42649
3.41156
3.39699
3.37992
3.37661
3.37268
3.35897
3.35164
3.35056
3.34929
3.34591
3.34268
3.33026
3.32954
3.33805
3.34489
3.35039
3.35978
3.38082
3.38544
3.39873
3.41399
3.41451
3.43558
3.45413
3.48023
3.48984
3.50323
3.51884
3.52659
3.53689
3.5498
3.56842
3.58716
3.59227
3.59586
3.61555
3.61888
3.61696
3.62026
3.62345
3.62519
3.62109
3.61717
3.61099
3.61397
3.60065
3.59406
3.59994
3.59779
3.58868
3.57652
3.56863
3.54939
3.5427
3.52115
3.48908
3.47959
3.47411
3.46232
3.45082
3.43941
3.4231
3.40895
3.39338
3.3775
3.37718
3.37089
3.35666
3.35045
3.34892
3.34933
3.34521
3.34259
3.32865
3.3317
3.33869
3.3461
3.35212
3.36215
3.38102
3.38842
3.40106
3.41309
3.4194
3.4398
3.45908
3.48448
3.49099
3.50735
3.51924
3.53006
3.5392
3.55335
3.57518
3.58766
3.59268
3.59748
3.61857
3.61893
3.61733
3.61863
3.62596
3.62491
3.61948
3.61676
3.61105
3.61248
3.5975
3.59568
3.59946
3.59759
3.58664
3.57413
3.56704
3.54822
3.53856
3.51392
3.48459
3.47892
3.47178
3.46092
3.44819
3.4365
3.42002
3.40735
3.38842
3.37685
3.37769
3.36881
3.35527
3.35282
3.34574
3.34892
3.34415
3.34074
3.32748
3.334
3.3402
3.34752
3.35327
3.36685
3.38214
3.3913
3.40469
3.41156
3.42474
3.44317
3.46593
3.48673
3.49303
3.51143
3.52093
3.53121
3.54296
3.55722
3.57942
3.5902
3.59234
3.6008
3.61998
3.61875
3.61715
3.62004
3.62574
3.62523
3.61843
3.61614
3.61228
3.60999
3.59603
3.5965
3.60118
3.59441
3.58419
3.57256
3.56253
3.54659
3.53461
3.50631
3.48311
3.47753
3.46914
3.46001
3.44582
3.43373
3.41651
3.40417
3.38464
3.37655
3.3768
3.36568
3.35416
3.35246
3.34662
3.34762
3.34422
3.33547
3.3282
3.33543
3.34135
3.34874
3.35551
3.37277
3.38409
3.39339
3.40882
3.41214
3.42794
3.447
3.47126
3.48854
3.49552
3.51571
3.52324
3.53244
3.54529
3.56025
3.58363
3.59118
3.59279
3.60862
3.61881
3.61777
3.61743
3.6223
3.62426
3.62514
3.61714
3.61453
3.61363
3.60698
3.59495
3.59684
3.60047
3.59201
3.58173
3.57139
3.55696
3.54745
3.5298
3.49952
3.48108
3.47828
3.46584
3.4577
3.44325
3.43025
3.41326
3.40064
3.38185
3.37641
3.37502
3.36201
3.3528
3.35058
3.3489
3.34658
3.34281
3.33294
3.3284
3.33715
3.34318
3.34971
3.35819
3.3785
3.38456
3.39589
3.41185
3.41342
3.43166
3.45074
3.47619
3.48903
3.49931
3.51836
3.5251
3.53491
3.54764
3.56424
3.58584
3.59196
3.59349
3.61397
3.61841
3.61766
3.61817
3.62321
3.62376
3.62377
3.6164
3.61342
3.61386
3.60376
3.59378
3.59926
3.59881
3.59008
3.57933
3.56954
3.55138
3.54629
3.52415
3.49475
3.47924
3.47726
3.46313
3.45491
3.44047
3.42683
3.4104
3.39709
3.37913
3.37689
3.37222
3.35881
3.35113
3.35066
3.34911
3.34598
3.34262
3.33009
3.32973
3.33826
3.34493
3.35082
3.35997
3.38071
3.38626
3.39878
3.41408
3.41485
3.43655
3.45452
3.48122
3.48977
3.50402
3.51897
3.52688
3.53739
3.55
3.57005
3.58626
3.59331
3.59507
3.61712
3.61767
3.61833
3.61843
3.62526
3.62392
3.62216
3.61602
3.61192
3.61312
3.60068
3.59398
3.60001
3.59805
3.58797
3.57644
3.56844
3.54896
3.54267
3.51983
3.4892
3.47842
3.47486
3.46106
3.45137
3.43817
3.42349
3.40789
3.3934
3.37682
3.37783
3.37024
3.35657
3.35027
3.34858
3.34929
3.34526
3.34217
3.32861
3.33194
3.33925
3.34601
3.35255
3.36257
3.38095
3.38916
3.40095
3.41337
3.41986
3.44064
3.45969
3.48519
3.49114
3.50804
3.51928
3.53011
3.53989
3.55375
3.57637
3.58736
3.59352
3.59676
3.62005
3.61776
3.61863
3.61678
3.6275
3.6235
3.62075
3.61557
3.61193
3.61155
3.5978
3.59548
3.5999
3.59731
3.58593
3.57406
3.56626
3.54791
3.53854
3.51187
3.48499
3.47797
3.47232
3.45996
3.44866
3.43532
3.42022
3.40645
3.38801
3.3766
3.37776
3.36809
3.35527
3.35292
3.34589
3.34847
3.34397
3.33961
3.32786
3.33414
3.34053
3.34752
3.35371
3.36759
3.38228
3.39202
3.40497
3.41195
3.42478
3.44403
3.46646
3.48714
3.49327
3.51208
3.52136
3.53125
3.54347
3.55725
3.58061
3.58968
3.59329
3.6004
3.62103
3.61756
3.61854
3.61925
3.62673
3.62413
3.6193
3.61485
3.61338
3.60885
3.59619
3.59627
3.60122
3.59424
3.58347
3.57258
3.56186
3.54614
3.53451
3.5046
3.48364
3.47635
3.46971
3.4589
3.44626
3.43259
3.41665
3.40303
3.38466
3.37614
3.37678
3.36509
3.35415
3.35212
3.34717
3.34733
3.34411
3.33491
3.32834
3.3355
3.34165
3.34877
3.35616
3.3737
3.38388
3.39403
3.40886
3.41271
3.42809
3.44781
3.47176
3.48889
3.49592
3.51617
3.52356
3.53262
3.54594
3.56014
3.58484
3.59047
3.59372
3.60853
3.61992
3.61642
3.6187
3.62102
3.62546
3.62375
3.61819
3.61329
3.61473
3.60581
3.59517
3.59706
3.60013
3.59192
3.58101
3.57122
3.55583
3.54738
3.52962
3.49788
3.4816
3.47716
3.46633
3.45642
3.44363
3.42894
3.41355
3.3995
3.38186
3.37627
3.37487
3.36123
3.35276
3.3504
3.34922
3.34628
3.34278
3.33245
3.32865
3.33731
3.34366
3.34963
3.35855
3.37922
3.38438
3.39675
3.41195
3.4138
3.43204
3.45152
3.47671
3.48916
3.49979
3.51866
3.52547
3.53512
3.54831
3.56448
3.58674
3.59124
3.59468
3.61338
3.61941
3.61653
3.61985
3.62202
3.62514
3.62224
3.61755
3.61222
3.61452
3.6028
3.59392
3.59942
3.59848
3.59014
3.57852
3.56947
3.5511
3.54529
3.5242
3.49313
3.48015
3.47589
3.46379
3.45338
3.44105
3.42553
3.41078
3.39599
3.37922
3.37671
3.3723
3.35827
3.351
3.35044
3.34928
3.34581
3.3429
3.32963
3.33026
3.33814
3.34533
3.35096
3.3604
3.38081
3.38644
3.39958
3.41353
3.41592
3.43691
3.45546
3.48185
3.48994
3.50449
3.51915
3.52761
3.53751
3.55082
3.57075
3.58668
3.59264
3.59624
3.61651
3.61881
3.61721
3.61898
3.62459
3.62528
3.62055
3.61719
3.61105
3.61365
3.59968
3.59457
3.59988
3.59791
3.58799
3.57577
3.56841
3.54885
3.5418
3.5197
3.48761
3.47921
3.47341
3.4618
3.44991
3.43874
3.42213
3.40844
3.39216
3.37711
3.3779
3.37003
3.35608
3.35068
3.34762
3.34966
3.34504
3.3421
3.32822
3.33251
3.33949
3.34623
3.35269
3.36319
3.38114
3.38922
3.40165
3.41286
3.42121
3.44078
3.4608
3.48558
3.49152
3.50867
3.51924
3.53037
3.54048
3.55465
3.57642
3.58841
3.59261
3.59813
3.61928
3.61896
3.61729
3.61798
3.62625
3.62477
3.61938
3.61661
3.61106
3.61194
3.59713
3.59588
3.60025
3.59656
3.58587
3.57352
3.56559
3.54795
3.53746
3.51133
3.48403
3.4786
3.47094
3.4607
3.44749
3.43566
3.41901
3.40666
3.38686
3.37692
3.37749
3.36775
3.35491
3.35309
3.34584
3.34839
3.34387
3.33881
3.32788
3.33458
3.34055
3.34782
3.35378
3.36848
3.38298
3.3919
3.406
3.41159
3.42554
3.4443
3.46747
3.48725
3.49371
3.51268
3.52171
3.53162
3.54344
3.55821
3.58064
3.59059
3.59262
3.60234
3.61973
3.61876
3.61736
3.62115
3.62499
3.62552
3.61777
3.61578
3.61275
3.60906
3.5955
3.59658
3.60124
3.59363
3.58347
3.57223
3.56126
3.54663
3.53321
3.50432
3.48252
3.47758
3.46831
3.45945
3.44509
3.43288
3.41546
3.40315
3.38389
3.37622
3.3764
3.36481
3.35384
3.35201
3.34754
3.34727
3.34373
3.33467
3.32818
3.33595
3.34162
3.34916
3.35648
3.37464
3.38416
3.39396
3.4097
3.4126
3.42897
3.44809
3.47273
3.48894
3.4965
3.51665
3.52375
3.53313
3.546
3.56105
3.58477
3.59134
3.59281
3.61056
3.61878
3.61773
3.61739
3.62246
3.62396
3.62502
3.61673
3.61415
3.61404
3.60594
3.59463
3.59767
3.59992
3.59136
3.58098
3.5708
3.55486
3.54774
3.52832
3.49776
3.48045
3.47815
3.465
3.45699
3.44236
3.42925
3.4124
3.39962
3.38102
3.3766
3.37417
3.36093
3.35239
3.35061
3.34909
3.3463
3.34243
3.33224
3.32867
3.33782
3.34373
3.34992
3.35868
3.3798
3.38476
3.39673
3.41282
3.4135
3.43306
3.45178
3.47767
3.48924
3.50045
3.51878
3.52557
3.53568
3.54836
3.56578
3.58646
3.59214
3.59392
3.61494
3.61808
3.61786
3.61906
3.62352
3.62377
3.62334
3.61626
3.6129
3.61371
3.60291
3.59343
3.59984
3.59848
3.58957
3.5783
3.5693
3.55053
3.54513
3.52295
3.49317
3.47916
3.47673
3.46252
3.45383
3.43985
3.42589
3.40963
3.39609
3.37845
3.377
3.37185
3.35813
3.35045
3.3505
3.34911
3.34592
3.34282
3.32945
3.33044
3.33837
3.34537
3.35145
3.3605
3.3808
3.3872
3.39961
3.41377
3.41623
3.43787
3.45587
3.48267
3.49001
3.5051
3.51938
3.52807
3.53803
3.55074
3.5726
3.5859
3.59358
3.59539
3.61812
3.61759
3.61865
3.61737
3.62652
3.62386
3.6216
3.616
3.61197
3.61279
3.59965
3.5946
3.59992
3.59812
3.58744
3.57561
3.56833
3.54856
3.54144
3.51837
3.4877
3.47816
3.47412
3.46059
3.45047
3.43732
3.42261
3.40738
3.39217
3.3766
3.37814
3.36951
3.35604
3.35101
3.34718
3.34945
3.34506
3.34162
3.32818
3.3327
3.33996
3.34613
3.35295
3.3638
3.38122
3.38995
3.40182
3.41277
3.42172
3.44153
3.46174
3.48616
3.49165
3.50935
3.51936
3.53033
3.5415
3.55475
3.57759
3.58801
3.59344
3.59749
3.62077
3.61776
3.61851
3.61663
3.62765
3.62344
3.62061
3.61544
3.61195
3.61101
3.5974
3.59582
3.60069
3.59628
3.58517
3.57351
3.56485
3.54754
3.53729
3.50957
3.4847
3.47749
3.47139
3.45967
3.448
3.43453
3.41923
3.40554
3.38674
3.3767
3.37754
3.36716
3.35477
3.35294
3.34593
3.34815
3.34427
3.3377
3.32818
3.33465
3.34092
3.34781
3.35416
3.36927
3.38328
3.39247
3.40631
3.41196
3.42565
3.44512
3.46802
3.48769
3.49398
3.51326
3.52217
3.53165
3.54397
3.5582
3.5819
3.58998
3.59371
3.60257
3.62062
3.61732
3.61868
3.62008
3.62613
3.6241
3.61885
3.61463
3.61371
3.60798
3.59574
3.59632
3.60115
3.59348
3.58277
3.57225
3.5606
3.54656
3.53301
3.50255
3.48307
3.47687
3.46871
3.45817
3.44562
3.43151
3.41571
3.40199
3.38401
3.37578
3.37639
3.36419
3.35385
3.35152
3.34808
3.34696
3.34366
3.33413
3.32835
3.33603
3.34194
3.34923
3.35703
3.37552
3.38396
3.3946
3.40975
3.41318
3.42924
3.44889
3.47319
3.48926
3.49689
3.51708
3.52405
3.53332
3.5466
3.5612
3.58563
3.59063
3.59376
3.61037
3.61999
3.61656
3.61871
3.62115
3.6252
3.62345
3.61783
3.61302
3.61486
3.6049
3.59485
3.59784
3.59959
3.59133
3.58028
3.57064
3.55403
3.54723
3.52795
3.49637
3.48097
3.47703
3.46555
3.45568
3.44276
3.42793
3.41272
3.39848
3.38104
3.37642
3.37384
3.36025
3.35238
3.35045
3.34928
3.34612
3.34241
3.33163
3.32903
3.33782
3.34415
3.34986
3.35902
3.38047
3.38455
3.39746
3.41294
3.41392
3.43344
3.45252
3.47816
3.48965
3.50105
3.51872
3.52584
3.53592
3.549
3.56602
3.58728
3.59148
3.59513
3.61429
3.61911
3.6167
3.62054
3.62246
3.6252
3.62176
3.61735
3.61166
3.61435
3.60194
3.5936
3.6
3.59822
3.58956
3.57762
3.56916
3.5503
3.54421
3.52296
3.49147
3.48007
3.4751
3.46325
3.45233
3.4404
3.42456
3.41002
3.39496
3.3785
3.37683
3.37164
3.35765
3.35055
3.35008
3.34927
3.34564
3.34306
3.32893
3.33094
3.33824
3.34572
3.3516
3.36077
3.38093
3.38728
3.40023
3.41332
3.41721
3.43815
3.45683
3.48298
3.49033
3.5056
3.51933
3.52871
3.53817
3.55146
3.57309
3.58668
3.59276
3.59667
3.61744
3.6187
3.61744
3.61874
3.62548
3.62513
3.62009
3.61703
3.61108
3.61325
3.59858
3.5952
3.59976
3.59793
3.58748
3.57499
3.56848
3.54849
3.54032
3.5179
3.48625
3.47903
3.47269
3.46131
3.44918
3.43773
3.42142
3.40784
3.39106
3.37682
3.37774
3.36954
3.35577
3.35164
3.34648
3.34957
3.3448
3.34143
3.32788
3.33321
3.33989
3.34658
3.35287
3.36463
3.38162
3.39
3.40278
3.41198
3.42289
3.44165
3.46323
3.48609
3.49205
3.50982
3.51967
3.53055
3.5419
3.55567
3.5776
3.58909
3.59251
3.59892
3.61996
3.61892
3.61723
3.61807
3.62631
3.62485
3.61918
3.61648
3.61123
3.61134
3.59671
3.59626
3.60083
3.59562
3.58518
3.57306
3.56429
3.54738
3.53624
3.50925
3.48372
3.47817
3.46999
3.46033
3.4469
3.4349
3.41807
3.40562
3.38593
3.37688
3.37726
3.36689
3.35459
3.35292
3.34577
3.34818
3.34441
3.337
3.32813
3.33494
3.34095
3.34816
3.35431
3.37018
3.38383
3.39237
3.4074
3.41157
3.42645
3.44536
3.46902
3.48779
3.49449
3.51378
3.52248
3.5318
3.54411
3.559
3.5819
3.59087
3.59295
3.60488
3.61925
3.61832
3.61748
3.62174
3.62454
3.62533
3.61746
3.61545
3.61303
3.60819
3.59519
3.59652
3.60096
3.5929
3.58275
3.57192
3.56
3.54691
3.53176
3.50225
3.48192
3.4781
3.46729
3.4587
3.44449
3.43175
3.4145
3.40213
3.38316
3.37602
3.37595
3.36389
3.35349
3.3514
3.3482
3.34694
3.34331
3.33392
3.32821
3.33645
3.34206
3.34952
3.35725
3.37637
3.38427
3.39455
3.41055
3.41305
3.43002
3.44917
3.4741
3.48931
3.49751
3.51748
3.52421
3.53382
3.54664
3.56233
3.58516
3.5916
3.59289
3.61224
3.61893
3.6176
3.61753
3.62266
3.62382
3.62448
3.6166
3.6139
3.61406
3.60505
3.59432
3.59837
3.59944
3.5908
3.58025
3.57026
3.55323
3.54739
3.52647
3.49656
3.47975
3.47804
3.46422
3.45624
3.44149
3.42825
3.41157
3.39859
3.38022
3.37674
3.37317
3.35987
3.35198
3.35071
3.34914
3.34619
3.34225
3.3313
3.32904
3.33809
3.34424
3.35017
3.35907
3.38097
3.38488
3.39747
3.41381
3.41363
3.43468
3.45268
3.47903
3.48963
3.50183
3.51876
3.526
3.53645
3.5489
3.56732
3.58657
3.59258
3.59444
3.61582
3.61784
3.61803
3.61929
3.62414
3.62379
3.62294
3.61601
3.61228
3.6135
3.60205
3.5934
3.60014
3.59823
3.58897
3.57745
3.56895
3.54981
3.54416
3.52164
3.49161
3.47897
3.4759
3.46191
3.4528
3.43917
3.42491
3.40887
3.39504
3.37774
3.37714
3.37116
3.3575
3.35029
3.34989
3.34905
3.34559
3.34287
3.3288
3.33106
3.33846
3.34573
3.35196
3.36102
3.38085
3.38798
3.40012
3.41363
3.4176
3.43902
3.4573
3.48364
3.4904
3.5062
3.51929
3.52913
3.53872
3.55149
3.57452
3.58617
3.59362
3.59596
3.61896
3.61756
3.61867
3.61743
3.62711
3.62368
3.6212
3.61575
3.61198
3.61235
3.59846
3.59521
3.59977
3.59806
3.58686
3.57495
3.56812
3.54839
3.54
3.51593
3.48648
3.4781
3.4734
3.4603
3.44972
3.43653
3.42176
3.40693
3.39078
3.37647
3.37788
3.36922
3.35583
3.35185
3.3462
3.34934
3.34481
3.34091
3.32796
3.33336
3.34018
3.3468
3.35313
3.36526
3.3817
3.39079
3.40303
3.4121
3.42329
3.44239
3.46412
3.48643
3.49227
3.51031
3.52017
3.53069
3.54252
3.55584
3.5788
3.58873
3.59336
3.59851
3.62118
3.61767
3.61845
3.61716
3.62769
3.6236
3.62029
3.61532
3.61245
3.61027
3.59698
3.59612
3.60103
3.59543
3.58453
3.57306
3.5637
3.54673
3.5363
3.50759
3.48436
3.47706
3.47058
3.45955
3.44732
3.43372
3.41825
3.40451
3.38594
3.37656
3.37729
3.36635
3.35468
3.35263
3.34614
3.34787
3.34479
3.3361
3.32836
3.33492
3.34127
3.3482
3.35482
3.37115
3.38378
3.39308
3.4076
3.4121
3.42661
3.44623
3.46957
3.48823
3.49481
3.51436
3.52295
3.53175
3.5448
3.55898
3.58313
3.59023
3.59397
3.60512
3.62024
3.61692
3.61876
3.62068
3.62575
3.62391
3.61863
3.61411
3.614
3.60718
3.59557
3.59627
3.60081
3.59285
3.58207
3.57195
3.55938
3.54669
3.53161
3.50058
3.48247
3.47717
3.46772
3.45744
3.44494
3.43044
3.41484
3.401
3.38325
3.37591
3.37588
3.36309
3.35342
3.35103
3.34863
3.34669
3.3433
3.33344
3.32844
3.33653
3.34262
3.34942
3.35773
3.37721
3.38413
3.39531
3.41061
3.41367
3.43012
3.45001
3.47458
3.48937
3.49811
3.51776
3.5246
3.53404
3.5473
3.56245
3.58596
3.59099
3.59405
3.61187
3.61983
3.61629
3.61908
3.62147
3.6252
3.62289
3.61775
3.61277
3.61476
3.60405
3.59452
3.59852
3.59911
3.59086
3.57963
3.57009
3.55262
3.54695
3.52608
3.49514
3.48044
3.47672
3.46481
3.45481
3.442
3.42695
3.41193
3.39747
3.38027
3.37657
3.37299
3.35929
3.35192
3.35058
3.3493
3.34598
3.34257
3.33063
3.32941
3.33798
3.34465
3.35018
3.35949
3.38092
3.38501
3.39829
3.41395
3.41409
3.43504
3.45353
3.47953
3.48987
3.50246
3.51878
3.52632
3.53661
3.54939
3.56763
3.58725
3.59201
3.59567
3.61516
3.61893
3.61687
3.62062
3.62307
3.62515
3.62135
3.61715
3.61099
3.61415
3.60112
3.5939
3.59998
3.59791
3.58896
3.57684
3.56878
3.54968
3.54318
3.52169
3.4899
3.4798
3.47443
3.46259
3.45129
3.43971
3.42356
3.40928
3.39388
3.37781
3.37701
3.37114
3.35696
3.35045
3.34933
3.34925
3.34533
3.34284
3.32865
3.33146
3.33839
3.34607
3.35193
3.36166
3.38097
3.38805
3.40085
3.4132
3.41869
3.43928
3.45833
3.48398
3.49075
3.50676
3.51925
3.52977
3.5388
3.55256
3.57462
3.58728
3.59274
3.59723
3.61824
3.61887
3.61734
3.61883
3.62587
3.62494
3.61965
3.61681
3.61109
3.61276
3.59768
3.59562
3.59957
3.59775
3.58691
3.57441
3.56763
3.54841
3.53902
3.51523
3.48513
3.47894
3.4721
3.46104
3.44853
3.4369
3.42055
3.40748
3.38931
3.37683
3.37774
3.36931
3.35537
3.35248
3.3459
3.34922
3.34445
3.34094
3.32764
3.33379
3.34013
3.34741
3.35304
3.36612
3.38206
3.3909
3.40409
3.41154
3.42436
3.44269
3.46523
3.48652
3.49274
3.51083
3.52058
3.53107
3.54266
3.55683
3.57887
3.58989
3.59243
3.60022
3.62003
3.61884
3.61713
3.61941
3.62617
3.62503
3.61875
3.6163
3.61194
3.61046
3.5963
3.59646
3.60112
3.59481
3.58454
3.57271
3.56314
3.54677
3.53519
3.50729
3.48335
3.47776
3.46944
3.46023
3.44617
3.43411
3.41702
3.40465
3.38506
3.3767
3.37698
3.36609
3.35434
3.35263
3.34636
3.34776
3.34445
3.33587
3.32822
3.33519
3.34125
3.34858
3.35515
3.372
3.38406
3.39311
3.40844
3.41198
3.42747
3.44652
3.47057
3.48833
3.49524
3.51497
3.52312
3.53223
3.54495
3.55988
3.58312
3.59112
3.59284
3.60763
3.61891
3.61795
3.61747
3.6222
3.62432
3.62519
3.61727
3.61485
3.61334
3.60744
3.59508
3.59652
3.60072
3.59233
3.58209
3.57161
3.55827
3.54718
3.53042
3.50036
3.48136
3.47826
3.46629
3.45802
3.44368
3.43074
3.41367
3.40112
3.3823
3.37632
3.37539
3.3626
3.35301
3.35088
3.34873
3.3467
3.34298
3.33325
3.32834
3.33695
3.34283
3.34967
3.35792
3.37789
3.38449
3.39542
3.41144
3.41346
3.43102
3.45029
3.47553
3.4891
3.4988
3.51809
3.52483
3.53457
3.54733
3.56359
3.58562
3.59189
3.5933
3.6135
3.61855
3.61758
3.61794
3.62301
3.6238
3.62398
3.61639
3.61361
3.61394
3.60417
3.59396
3.59899
3.599
3.59032
3.57962
3.56974
3.55188
3.54687
3.52471
3.49531
3.47938
3.47751
3.46346
3.45532
3.44077
3.42727
3.41077
3.39756
3.37947
3.37685
3.37244
3.35913
3.35142
3.35071
3.34911
3.34603
3.34252
3.33038
3.32939
3.33823
3.34473
3.35057
3.35968
3.38075
3.38578
3.39838
3.41433
3.41419
3.43594
3.45391
3.48049
3.48972
3.50334
3.51887
3.52651
3.5371
3.54949
3.56901
3.58647
3.59313
3.59488
3.61668
3.6177
3.61821
3.6189
3.62485
3.62384
3.6224
3.61599
3.61191
3.61325
3.60113
3.59376
3.60004
3.59797
3.58834
3.57674
3.56859
3.5492
3.54312
3.52043
3.4899
3.47859
3.4752
3.46128
3.45181
3.43848
3.42392
3.40814
3.39395
3.37706
3.37745
3.37063
3.35684
3.35024
3.34905
3.34916
3.34535
3.3424
3.32878
3.33155
3.33889
3.34594
3.3523
3.36208
3.38092
3.38878
3.40069
3.41345
3.41909
3.44015
3.45888
3.4847
3.4909
3.50743
3.51928
3.52996
3.53945
3.55302
3.57578
3.58698
3.59354
3.59649
3.61971
3.61774
3.6186
3.61725
3.62735
3.62356
3.62078
3.61562
3.61193
3.61179
3.59797
3.5954
3.59956
3.59776
3.58629
3.57435
3.56694
3.54804
3.53896
3.51316
3.48538
3.47806
3.4727
3.46007
3.44899
3.43571
3.42071
3.40667
3.38883
3.37657
3.37786
3.3686
3.35541
3.35269
3.34587
3.34875
3.34427
3.34057
3.32762
3.33385
3.34038
3.34737
3.35345
3.36683
3.38199
3.39169
3.40436
3.41193
3.42443
3.44351
3.46574
3.48692
3.49296
3.51149
3.52101
3.5311
3.54323
3.55682
3.58006
3.58949
3.59322
3.5998
3.62111
3.61755
3.61844
3.61873
3.62708
3.6239
3.61968
3.61503
3.61315
3.6093
3.59646
3.59624
3.6012
3.59462
3.58382
3.57275
3.56246
3.54633
3.53513
3.50551
3.4839
3.47656
3.47003
3.45913
3.4466
3.43294
3.41717
3.40351
3.38504
3.3763
3.37696
3.3655
3.35431
3.35231
3.34678
3.34749
3.34435
3.3353
3.32836
3.33527
3.34153
3.34859
3.3557
3.37281
3.38389
3.39378
3.40848
3.41253
3.42764
3.44732
3.47108
3.48871
3.49547
3.51575
3.52333
3.53232
3.54561
3.55981
3.5843
3.59041
3.59372
3.60763
3.61996
3.61654
3.61872
3.62093
3.62562
3.6238
3.61838
3.61347
3.61446
3.60633
3.59534
3.59667
3.60041
3.59223
3.58137
3.57152
3.55687
3.5472
3.53025
3.49876
3.48188
3.47725
3.46673
3.45677
3.44404
3.42941
3.41396
3.39998
3.38226
3.37618
3.3752
3.3618
3.35297
3.35042
3.34908
3.34645
3.34297
3.33277
3.32858
3.33698
3.34338
3.34955
3.35835
3.37857
3.38432
3.39631
3.41151
3.41379
3.43139
3.45105
3.47604
3.48917
3.49929
3.51838
3.52521
3.53477
3.54798
3.5638
3.58652
3.59115
3.59447
3.61293
3.61957
3.61643
3.6195
3.62184
3.62513
3.62242
3.61761
3.61244
3.61459
3.60319
3.59411
3.59914
3.59867
3.59036
3.57902
3.56959
3.55148
3.54585
3.52474
3.49386
3.48018
3.47611
3.46408
3.4539
3.44132
3.42596
3.41113
3.39644
3.37953
3.37666
3.37242
3.3586
3.35131
3.35051
3.34928
3.34585
3.3428
3.32992
3.32993
3.33809
3.34512
3.35068
3.36011
3.38078
3.386
3.39919
3.4137
3.41527
3.43629
3.45484
3.48108
3.4899
3.50402
3.51896
3.52701
3.53723
3.5504
3.56961
3.58693
3.59249
3.59608
3.61606
3.61885
3.61709
3.61969
3.62393
3.62529
3.62083
3.61719
3.61101
3.6138
3.60013
3.59431
3.59991
3.59787
3.58826
3.57615
3.5685
3.54909
3.54221
3.52043
3.48828
3.47937
3.47373
3.46203
3.45033
3.43906
3.42257
3.40867
3.39274
3.37722
3.3776
3.37045
3.35634
3.35049
3.34837
3.34949
3.34511
3.34234
3.32843
3.33214
3.33911
3.34619
3.3524
3.36272
3.38106
3.38886
3.40135
3.413
3.42029
3.44037
3.46001
3.48505
3.49127
3.50805
3.51924
3.53024
3.53973
3.55418
3.57585
3.5881
3.59265
3.5978
3.61895
3.61896
3.61736
3.61809
3.62614
3.62484
3.61945
3.61669
3.61106
3.61219
3.59731
3.59577
3.59987
3.59706
3.58623
3.5738
3.56625
3.54808
3.53804
3.51243
3.48416
3.47882
3.47136
3.46079
3.44782
3.43604
3.41947
3.40708
3.38749
3.37687
3.37759
3.36821
3.35511
3.35308
3.34577
3.34859
3.34381
3.33968
3.32773
3.33434
3.34037
3.3477
3.35357
3.36773
3.38248
3.39169
3.4054
3.41158
3.42515
3.44377
3.46676
3.48699
3.49338
3.51211
3.52134
3.5314
3.54323
3.55772
3.58005
3.59044
3.5924
3.60149
3.61988
3.61877
3.61726
3.62065
3.62533
3.62549
3.61799
3.61591
3.61256
3.60946
3.59572
3.59653
3.60121
3.59397
3.58379
3.57237
3.56183
3.54639
3.5339
3.50524
3.4828
3.47731
3.46876
3.45975
3.44542
3.43333
3.41589
3.40361
3.38419
3.37637
3.37658
3.36521
3.35398
3.35225
3.34706
3.34744
3.34393
3.33503
3.32818
3.33569
3.34148
3.34895
3.35605
3.37379
3.38409
3.39369
3.40927
3.41236
3.42846
3.44756
3.47205
3.48875
3.49603
3.5162
3.5235
3.53279
3.54568
3.56064
3.58425
3.59126
3.59278
3.60967
3.61876
3.61764
3.6174
3.6224
3.62408
3.62508
3.61692
3.6143
3.61396
3.60637
3.59475
3.59729
3.60016
3.59164
3.58131
3.57106
3.55574
3.54766
3.52906
3.49852
3.48072
3.47821
3.46537
3.45732
3.44276
3.4297
3.41277
3.40008
3.38138
3.37651
3.37464
3.36136
3.35255
3.35055
3.34906
3.3464
56.6548
6.53226
5.2793
4.99008
4.86573
4.75683
4.65125
4.55502
4.46492
4.27744
4.12859
3.978
3.92151
3.89011
3.89439
3.94843
3.93372
3.8834
3.85039
3.85426
3.82649
3.69152
3.64258
3.6097
3.57483
3.54036
3.5127
3.47714
3.44454
3.40412
3.36058
3.31337
3.27955
3.24305
3.20054
3.16488
3.14525
3.11396
3.08798
3.06401
3.03746
3.0183
2.96937
2.92713
2.9083
2.88687
2.86622
2.84737
2.82687
2.80648
2.78724
2.769
2.75028
2.73226
2.71623
2.69835
2.6802
2.663
2.64707
2.63275
2.62091
2.60543
2.59026
2.57943
2.56724
2.55534
2.54251
2.53073
2.52258
2.50877
2.49349
2.4856
2.47845
2.47128
2.46429
2.45753
2.45129
2.445
2.43955
2.43351
2.42959
2.42443
2.41939
2.41455
2.41071
2.40515
2.40163
2.39682
2.39331
2.38943
2.3858
2.38234
2.3784
2.37552
2.37093
2.36848
2.36354
2.36181
2.357
2.35476
2.35029
2.34789
2.3436
2.3407
2.33653
2.33381
2.32956
2.32675
2.32332
2.322
2.31765
2.31364
2.31069
2.30685
2.30268
2.3005
2.29694
2.29429
2.29106
2.28822
2.28546
2.28245
2.27999
2.27707
2.27456
2.27157
2.26923
2.26651
2.26439
2.26181
2.25968
2.25698
2.255
2.2525
2.25066
2.24836
2.24664
2.24431
2.24281
2.2405
2.23881
2.23655
2.23528
2.23289
2.23142
2.22926
2.22805
2.22621
2.22541
2.22371
2.22275
2.22066
2.21976
2.21794
2.21719
2.21545
2.21392
2.21186
2.21092
2.20893
2.2082
2.20672
2.20576
2.20437
2.20353
2.20225
2.20142
2.20021
2.19941
2.19827
2.19749
2.19643
2.19567
2.19466
2.19395
2.19303
2.1923
2.19145
2.19085
2.19
2.18923
2.18853
2.18791
2.18719
2.18657
2.18593
2.18534
2.18466
2.18402
2.18342
2.18267
2.18214
2.18154
2.18097
2.18044
2.18009
2.17959
2.17921
2.1787
2.17833
2.17782
2.17749
2.17698
2.17669
2.17619
2.17593
2.17545
2.1752
2.17474
2.17467
2.17425
2.17373
2.17318
2.17301
2.17258
2.17243
2.17207
2.17195
2.17152
2.17146
2.17106
2.17099
2.17056
2.17051
2.17006
2.17006
2.16968
2.16972
2.16935
2.1694
2.16898
2.16903
2.16867
2.16876
2.16839
2.16849
2.16812
2.16826
2.16791
2.16805
2.1677
2.16785
2.16752
2.16767
2.16733
2.16752
2.16719
2.16735
2.16699
2.16724
2.167
2.16727
2.16695
2.1672
2.16692
2.16722
2.16692
2.16718
2.16686
2.16713
2.16682
2.16712
2.1668
2.16712
2.16685
2.16718
2.16692
2.16724
2.16697
2.1673
2.16702
2.16736
2.16708
2.16743
2.1672
2.16759
2.16738
2.16779
2.16761
2.16792
2.16769
2.16804
2.16763
2.16803
2.16765
2.16795
2.16771
2.16811
2.16787
2.16829
2.16804
2.16845
2.16821
2.16861
2.16838
2.16881
2.16861
2.16902
2.16879
2.16921
2.16897
2.16938
2.16915
2.16954
2.16931
2.16972
2.16949
2.16987
2.16963
2.17002
2.16979
2.1702
2.16997
2.17038
2.17015
2.17057
2.17037
2.17079
2.17056
2.17097
2.17074
2.17114
2.17091
2.17131
2.1711
2.17152
2.1713
2.17169
2.17145
2.17185
2.17163
2.17203
2.17181
2.1722
2.17195
2.17233
2.1721
2.17249
2.17226
2.17265
2.1724
2.17273
2.17251
2.17289
2.17271
2.17311
2.17289
2.17326
2.17303
2.17341
2.17318
2.17355
2.17332
2.17367
2.17342
2.17381
2.1736
2.17396
2.17372
2.17411
2.17388
2.17415
2.17393
2.17428
2.17405
2.17441
2.17417
2.17452
2.17432
2.17463
2.17437
2.1747
2.17441
2.17471
2.17446
2.1748
2.17454
2.17487
2.17462
2.17494
2.17468
2.17502
2.17475
2.17508
2.17481
2.17513
2.17486
2.17518
2.17491
2.17522
2.17494
2.17525
2.17497
2.17527
2.17498
2.17528
2.17501
2.17532
2.17503
2.17533
2.17503
2.17532
2.17503
2.17531
2.17501
2.1753
2.17499
2.17527
2.17496
2.17524
2.17493
2.17519
2.17488
2.17515
2.17483
2.17508
2.17476
2.17501
2.17469
2.17495
2.1746
2.17485
2.17451
2.17475
2.1744
2.17465
2.17431
2.17457
2.17422
2.17446
2.17408
2.17431
2.17395
2.17419
2.17383
2.17405
2.17368
2.1739
2.17352
2.17374
2.17336
2.17358
2.17319
2.1734
2.173
2.1732
2.17284
2.17302
2.17263
2.17278
2.17234
2.17255
2.17212
2.1723
2.17188
2.17206
2.17163
2.17183
2.17141
2.1716
2.17116
2.17134
2.17089
2.17107
2.17062
2.17079
2.17033
2.1705
2.17004
2.17022
2.16975
2.1699
2.16935
2.16951
2.16902
2.16918
2.16869
2.16884
2.16831
2.16845
2.16797
2.16813
2.16759
2.16773
2.16719
2.16735
2.1668
2.16694
2.1664
2.16653
2.16598
2.16613
2.16556
2.16569
2.16512
2.16525
2.16467
2.1648
2.16421
2.16433
2.16374
2.16386
2.16325
2.16339
2.1628
2.16292
2.1623
2.16242
2.16179
2.16191
2.16128
2.16139
2.16075
2.16086
2.16021
2.16032
2.15967
2.15979
2.15913
2.15925
2.15852
2.15854
2.15789
2.158
2.1573
2.15741
2.1567
2.15681
2.15609
2.15617
2.15546
2.15554
2.15479
2.15492
2.15417
2.15425
2.15348
2.15357
2.15279
2.15288
2.1521
2.15219
2.1514
2.1515
2.15071
2.15081
2.15001
2.15009
2.14927
2.14937
2.14853
2.14863
2.14779
2.14789
2.14704
2.14714
2.14629
2.14641
2.14553
2.1456
2.14469
2.1448
2.1439
2.14401
2.14311
2.14322
2.14231
2.14241
2.14148
2.14159
2.14065
2.14078
2.13985
2.13997
2.13901
2.13914
2.13819
2.13833
2.13735
2.13747
2.13648
2.13658
2.13559
2.13573
2.13473
2.13489
2.13389
2.13404
2.13303
2.13315
2.13211
2.13228
2.13124
2.13139
2.13035
2.13052
2.1295
2.12968
2.12863
2.12882
2.12777
2.12798
2.12691
2.12711
2.12601
2.12621
2.12514
2.12537
2.12428
2.12451
2.12343
2.12364
2.12255
2.12281
2.12174
2.12199
2.12089
2.12118
2.12009
2.12039
2.11928
2.11956
2.11845
2.11878
2.11768
2.11802
2.11691
2.11727
2.11617
2.11654
2.11545
2.11584
2.11474
2.11515
2.11407
2.11449
2.11341
2.11381
2.11276
2.11319
2.11216
2.11259
2.11157
2.11201
2.11103
2.11149
2.1105
2.11096
2.10999
2.11049
2.10953
2.11004
2.1091
2.10963
2.1087
2.10924
2.10833
2.1089
2.10801
2.10859
2.10771
2.10831
2.10745
2.10809
2.10723
2.1079
2.10706
2.10775
2.10692
2.10764
2.10682
2.10757
2.10676
2.10755
2.10675
2.10756
2.10678
2.10763
2.10685
2.10773
2.10697
2.10788
2.10713
2.10807
2.10733
2.10831
2.10758
2.10859
2.10787
2.10891
2.10822
2.10928
2.1086
2.1097
2.10903
2.11015
2.10951
2.11066
2.11004
2.1112
2.1106
2.11179
2.11122
2.11243
2.11187
2.11309
2.11259
2.1138
2.11334
2.11456
2.11413
2.11536
2.11496
2.11619
2.11584
2.11707
2.11675
2.11799
2.1177
2.11895
2.11869
2.11995
2.11972
2.12098
2.12078
2.12205
2.12188
2.12315
2.123
2.12429
2.12416
2.12545
2.12535
2.12665
2.12656
2.12787
2.1278
2.12912
2.12907
2.13039
2.13036
2.13169
2.13167
2.133
2.133
2.13434
2.13434
2.13569
2.1357
2.13706
2.13708
2.13844
2.13846
2.13984
2.13987
2.14125
2.14127
2.14266
2.14269
2.14408
2.14411
2.1455
2.14554
2.14692
2.14697
2.14834
2.14841
2.14977
2.14985
2.1512
2.15128
2.15262
2.15271
2.15404
2.15415
2.15546
2.15557
2.15687
2.15699
2.15828
2.15841
2.15967
2.15981
2.16107
2.16121
2.16245
2.1626
2.16382
2.16398
2.16518
2.16535
2.16653
2.1667
2.16787
2.16804
2.16919
2.16937
2.1705
2.17068
2.1718
2.17198
2.17308
2.17326
2.17434
2.17453
2.17559
2.17578
2.17681
2.177
2.17802
2.17821
2.17921
2.1794
2.18038
2.18057
2.18152
2.18173
2.18263
2.18279
2.18373
2.18393
2.18489
2.1851
2.18599
2.18614
2.18704
2.18718
2.18808
2.18815
2.18898
2.18909
2.18993
2.19006
2.19089
2.19099
2.19175
2.19187
2.19262
2.19275
2.1935
2.19361
2.19432
2.19442
2.19512
2.19522
2.1959
2.196
2.19668
2.19672
2.19741
2.19742
2.19814
2.19813
2.19886
2.19884
2.19949
2.19948
2.20014
2.20011
2.2008
2.20075
2.20141
2.20133
2.20199
2.20191
2.20257
2.20244
2.20306
2.20294
2.20362
2.2035
2.20414
2.20399
2.2046
2.20442
2.20498
2.20483
2.20548
2.20534
2.20601
2.20589
2.20649
2.20633
2.20692
2.20672
2.20731
2.20711
2.20766
2.20742
2.20799
2.20772
2.20827
2.20801
2.20858
2.20832
2.20886
2.20857
2.20915
2.20883
2.20936
2.20906
2.20959
2.20929
2.20982
2.20954
2.21004
2.20967
2.21016
2.2099
2.21038
2.21007
2.21056
2.21019
2.21075
2.21039
2.21094
2.2106
2.21102
2.21065
2.21112
2.21075
2.2112
2.21084
2.21127
2.21087
2.2113
2.21086
2.21129
2.21086
2.21129
2.21092
2.21139
2.21094
2.21134
2.21087
2.21128
2.21087
2.21126
2.21082
2.21122
2.21077
2.21116
2.21073
2.21111
2.21057
2.21092
2.2105
2.21091
2.21047
2.21085
2.21049
2.21095
2.21055
2.2109
2.21049
2.21087
2.21038
2.21074
2.21026
2.2108
2.21028
2.21054
2.20999
2.21035
2.2099
2.21022
2.20975
2.21012
2.20961
2.20998
2.20946
2.20983
2.20931
2.20969
2.20921
2.20956
2.20912
2.2095
2.20895
2.20931
2.20878
2.20905
2.20856
2.20887
2.20844
2.20876
2.20831
2.2086
2.20807
2.20841
2.20789
2.20818
2.20767
2.20809
2.20755
2.20792
2.2073
2.20753
2.20702
2.20729
2.20681
2.20704
2.20658
2.20684
2.20634
2.2066
2.20605
2.20626
2.20567
2.20602
2.20548
2.20569
2.2051
2.20526
2.20481
2.20511
2.20454
2.20489
2.20458
2.20504
2.20459
2.20479
2.20402
2.20439
2.20395
2.20432
2.20373
2.20408
2.20345
2.20378
2.20333
2.20369
2.2031
2.20351
2.20284
2.20317
2.20262
2.20312
2.20228
2.2026
2.20204
2.20241
2.20184
2.20236
2.2019
2.20227
2.2016
2.20192
2.20141
2.20185
2.2013
2.20173
2.20127
2.20157
2.20111
2.20124
2.20067
2.20109
2.20068
2.201
2.2005
2.20085
2.20051
2.20093
2.20059
2.20068
2.20025
2.2005
2.20012
2.20022
2.19978
2.19986
2.19961
2.1996
2.19948
2.19933
2.19915
2.19916
2.19924
2.19891
2.19884
2.19862
2.19835
2.19804
2.19831
2.19826
2.19838
2.19807
2.19819
2.19776
2.19774
2.19769
2.19801
2.19774
2.19784
2.19749
2.19766
2.19736
2.19745
2.19737
2.1975
2.19712
2.19734
2.1971
2.19752
2.19706
2.19743
2.19694
2.19716
2.1966
2.19701
2.19662
2.19707
2.19668
2.19724
2.19681
2.19714
2.19675
2.19734
2.19689
2.19721
2.19682
2.1974
2.19701
2.19738
2.19702
2.19747
2.1972
2.19759
2.19721
2.19778
2.19787
2.19874
2.19817
2.19828
2.1983
2.19862
2.19852
2.19878
2.19863
2.19874
2.1987
2.19885
2.19877
2.19888
2.19886
2.19893
2.19917
2.19942
2.19921
2.19923
2.19933
2.19915
2.1994
2.19926
2.19899
2.19882
2.19919
2.19943
2.19955
2.19918
2.19992
2.19935
2.19983
2.19919
2.19964
2.19912
2.19999
2.19952
2.2002
2.19957
2.20018
2.19953
2.20015
2.19952
2.20034
2.19994
2.2007
2.2004
2.20078
2.19989
2.20046
2.20015
2.201
2.20043
2.20094
2.20083
2.20144
2.20127
2.20202
2.20136
2.20192
2.20191
2.20282
2.20268
2.20341
2.20326
2.20411
2.20401
2.20482
2.20474
2.20558
2.20585
2.20658
2.20624
2.20688
2.20684
2.20765
2.20751
2.20831
2.20819
2.2091
2.20908
2.20962
2.20934
2.21075
2.21066
2.21135
2.21129
2.21214
2.21198
2.2127
2.21235
2.21332
2.21331
2.21405
2.21354
2.21382
2.21353
2.2139
2.21432
2.21475
2.21455
2.21501
2.21538
2.21571
2.21595
2.21604
2.21592
2.21626
2.21641
2.21658
2.21662
2.21699
2.21741
2.21717
2.21732
2.21762
2.21798
2.21832
2.21844
2.21818
2.21921
2.21877
2.21901
2.21897
2.21968
2.21979
2.22047
2.22068
2.22148
2.22028
2.22114
2.22118
2.22217
2.22216
2.2233
2.2233
2.22458
2.22486
2.22588
2.22594
2.22712
2.22754
2.22959
2.22973
2.2305
2.22971
2.2316
2.23164
2.23312
2.23365
2.235
2.23505
2.23685
2.23707
2.23881
2.23924
2.24066
2.2406
2.24185
2.24276
2.2447
2.24455
2.24515
2.24539
2.24666
2.24655
2.24786
2.24904
2.24992
2.24988
2.25141
2.25127
2.25256
2.25236
2.25353
2.25374
2.25476
2.25462
2.25607
2.25628
2.25705
2.25757
2.25888
2.25963
2.25887
2.25931
2.25975
2.25989
2.26058
2.26139
2.26169
2.26281
2.26157
2.26223
2.26223
2.26333
2.26384
2.26513
2.26526
2.26546
2.26588
2.26743
2.26682
2.26716
2.26825
2.26931
2.27102
2.27129
2.27266
2.27351
2.27508
2.2759
2.27771
2.27909
2.28107
2.28195
2.28281
2.28257
2.28417
2.2849
2.2871
2.28871
2.29069
2.29251
2.29498
2.29642
2.29903
2.30033
2.30302
2.30526
2.30827
2.31011
2.31213
2.31392
2.3164
2.31831
2.32092
2.32319
2.32562
2.32735
2.33001
2.33078
2.33302
2.33505
2.33736
2.341
2.34329
2.34368
2.3444
2.34668
2.34824
2.3504
2.35161
2.3532
2.35327
2.35488
2.35558
2.35706
2.35839
2.35934
2.35981
2.36231
2.36326
2.36592
2.36607
2.36785
2.36877
2.37006
2.37075
2.37271
2.37408
2.37595
2.37782
2.3787
2.38068
2.38125
2.38132
2.38222
2.3845
2.38562
2.38806
2.38933
2.39303
2.39623
2.40123
2.40233
2.40371
2.40365
2.40681
2.40862
2.4138
2.41559
2.42047
2.4232
2.42932
2.43381
2.43919
2.44297
2.448
2.45187
2.45766
2.46291
2.46724
2.47247
2.47893
2.48412
2.49092
2.49557
2.50145
2.5077
2.51328
2.51846
2.5257
2.53162
2.53702
2.54168
2.54574
2.55045
2.55713
2.56117
2.56786
2.56752
2.56987
2.57086
2.57479
2.57639
2.57862
2.58037
2.58386
2.58406
2.58643
2.58556
2.59073
2.59243
2.59568
2.59603
2.59925
2.59861
2.60199
2.60175
2.60863
2.60972
2.6131
2.61115
2.61327
2.61081
2.61269
2.60929
2.61449
2.61639
2.6218
2.62071
2.62554
2.62854
2.63643
2.6437
2.6508
2.65528
2.66224
2.66863
2.67583
2.68266
2.69024
2.69938
2.70727
2.70951
2.71718
2.72883
2.73914
2.75063
2.76125
2.76663
2.77575
2.77851
2.78581
2.79348
2.80515
2.81093
2.81817
2.82645
2.83605
2.8377
2.84722
2.85283
2.85735
2.8602
2.86541
2.87051
2.87226
2.87423
2.87579
2.87703
2.87596
2.87483
2.87067
2.86739
2.86767
2.86723
2.86374
2.86032
2.86088
2.85692
2.84698
2.84094
2.83583
2.83455
2.83297
2.83279
2.82931
2.82862
2.82833
2.82949
2.82875
2.82959
2.83171
2.83439
2.83978
2.8468
2.85107
2.85858
2.8656
2.87397
2.87517
2.87956
2.89144
2.90016
2.91004
2.91884
2.93175
2.94038
2.95158
2.96588
2.97949
2.9926
2.9965
3.00878
3.02383
3.03304
3.04076
3.0472
3.05765
3.07192
3.07859
3.08744
3.09062
3.10431
3.11098
3.1177
3.11593
3.11387
3.11008
3.11315
3.10834
3.10968
3.10531
3.10479
3.09835
3.09494
3.08896
3.08015
3.07774
3.07413
3.06821
3.06196
3.05225
3.0428
3.03375
3.02777
3.01725
3.01006
3.00508
2.99883
2.98479
2.98123
2.97482
2.9712
2.9687
2.96962
2.9693
2.97761
2.98582
2.99133
2.99811
3.00456
3.01378
3.02444
3.02476
3.03663
3.04863
3.06604
3.07685
3.09513
3.10501
3.11725
3.12526
3.14573
3.16367
3.1739
3.18697
3.19998
3.21484
3.23008
3.24542
3.253
3.26257
3.2749
3.285
3.29903
3.3057
3.29976
3.30738
3.32059
3.32159
3.32011
3.31796
3.31596
3.30842
3.30872
3.29218
3.27689
3.27391
3.27608
3.26466
3.25504
3.24436
3.24073
3.23695
3.2274
3.21644
3.20583
3.19238
3.18361
3.17244
3.16834
3.15153
3.1447
3.14425
3.139
3.13454
3.12414
3.12122
3.11996
3.11743
3.11985
3.12866
3.13808
3.14648
3.15147
3.15342
3.16525
3.17382
3.18884
3.21432
3.23469
3.24757
3.25165
3.27056
3.27907
3.30084
3.32103
3.33309
3.35561
3.36784
3.37985
3.40007
3.40923
3.4296
3.43505
3.4421
3.4498
3.45524
3.46234
3.46033
3.46147
3.46158
3.4645
3.45908
3.46075
3.45605
3.45123
3.44302
3.44454
3.43406
3.43427
3.41611
3.39314
3.38231
3.36923
3.36213
3.36084
3.34745
3.33523
3.31766
3.30874
3.29886
3.28867
3.27526
3.26871
3.25609
3.24821
3.24523
3.24313
3.24667
3.23284
3.22015
3.22089
3.22723
3.23442
3.24563
3.25673
3.25476
3.26759
3.28174
3.28208
3.29474
3.32591
3.33748
3.35032
3.36784
3.37792
3.39692
3.42228
3.4354
3.4471
3.47157
3.48259
3.49862
3.4996
3.51131
3.53127
3.53547
3.53905
3.53931
3.54755
3.55377
3.55049
3.54965
3.54739
3.54292
3.53644
3.53495
3.53208
3.52985
3.52722
3.52004
3.5097
3.49851
3.4861
3.45864
3.44141
3.43068
3.42623
3.41621
3.40138
3.38957
3.37716
3.36241
3.35146
3.3399
3.33293
3.32081
3.30586
3.3061
3.30324
3.30175
3.29855
3.28904
3.27907
3.28285
3.28608
3.29527
3.30543
3.31959
3.32201
3.33957
3.34926
3.35264
3.37265
3.38906
3.40424
3.42661
3.44129
3.45367
3.48512
3.48914
3.49765
3.51798
3.53045
3.54632
3.5458
3.56233
3.57817
3.58075
3.58648
3.588
3.59496
3.59517
3.59406
3.59093
3.58593
3.5869
3.57928
3.56654
3.57222
3.57603
3.5676
3.55531
3.54864
3.52959
3.52386
3.50315
3.47416
3.46118
3.45777
3.44495
3.43171
3.42139
3.40952
3.39487
3.38085
3.36472
3.35783
3.35317
3.33889
3.33299
3.33158
3.33214
3.32726
3.32352
3.31028
3.31155
3.31943
3.32597
3.32936
3.34532
3.3605
3.3684
3.37974
3.39251
3.39985
3.4185
3.43501
3.45959
3.47558
3.48742
3.50773
3.51328
3.52726
3.54136
3.55173
3.56877
3.58049
3.58431
3.59927
3.60907
3.60788
3.60822
3.61507
3.61423
3.613
3.6078
3.60309
3.60504
3.59423
3.58493
3.59026
3.59149
3.58173
3.5693
3.5621
3.54279
3.53711
3.51431
3.48428
3.47315
3.46983
3.4552
3.4455
3.43184
3.42038
3.40324
3.38953
3.372
3.37242
3.36417
3.35076
3.34546
3.34273
3.34455
3.33964
3.3362
3.32261
3.32612
3.33323
3.34009
3.3442
3.35918
3.37471
3.38298
3.39448
3.40644
3.41482
3.43464
3.45223
3.47926
3.48721
3.50269
3.51613
3.52556
3.5379
3.54863
3.56956
3.58281
3.59112
3.59327
3.61491
3.61491
3.61581
3.61514
3.62476
3.62096
3.61867
3.61339
3.60988
3.60987
3.59569
3.59368
3.59813
3.59595
3.58431
3.57272
3.56494
3.54649
3.53762
3.51153
3.48392
3.4771
3.47176
3.45847
3.44737
3.4341
3.41995
3.40517
3.38845
3.37551
3.37623
3.3665
3.35346
3.35226
3.34494
3.34708
3.34306
3.33875
3.32637
3.33291
3.33922
3.34619
3.35169
3.36688
3.38039
3.3908
3.4033
3.41066
3.42365
3.44265
3.46465
3.48671
3.49219
3.51117
3.52025
3.53198
3.54224
3.5563
3.57881
3.58862
3.59331
3.5988
3.62122
3.61701
3.6181
3.619
3.6263
3.62392
3.61904
3.61459
3.61321
3.60877
3.59598
3.59623
3.60109
3.59418
3.58331
3.57255
3.5617
3.54616
3.53442
3.50473
3.4836
3.47668
3.46956
3.45868
3.44623
3.43252
3.41672
3.40314
3.38465
3.37618
3.37668
3.3649
3.35403
3.3522
3.34727
3.34723
3.34401
3.33485
3.3283
3.33555
3.34166
3.34881
3.35599
3.3742
3.38379
3.39408
3.40903
3.41271
3.42823
3.44796
3.47188
3.48911
3.49612
3.5164
3.52368
3.53297
3.54612
3.56035
3.58486
3.59059
3.594
3.60865
3.62022
3.61657
3.61879
3.62118
3.62551
3.62386
3.61824
3.61331
3.61494
3.60574
3.59529
3.59745
3.60015
3.59194
3.58098
3.57123
3.55553
3.54757
3.52945
3.49759
3.48162
3.47732
3.46627
3.45633
3.44354
3.42888
3.41346
3.39939
3.38179
3.37655
3.37478
3.36105
3.3528
3.3506
3.3494
3.34636
3.34282
3.33243
3.32894
3.33769
3.34396
3.34987
3.35882
3.37983
3.3846
3.39716
3.41248
3.41402
3.43268
3.45204
3.47736
3.48945
3.50034
3.51893
3.5258
3.53556
3.54873
3.56516
3.58713
3.59148
3.595
3.61384
3.61945
3.61675
3.6204
3.62227
3.62528
3.62223
3.61765
3.61216
3.6146
3.60261
3.59401
3.59981
3.59851
3.59006
3.57831
3.56949
3.55092
3.54496
3.5239
3.49262
3.48028
3.4758
3.4637
3.45307
3.44093
3.42527
3.4106
3.39571
3.37909
3.37691
3.37229
3.35811
3.35085
3.3505
3.3494
3.34591
3.3431
3.32953
3.33069
3.33832
3.34563
3.35135
3.36071
3.38099
3.38694
3.40006
3.41356
3.41662
3.43759
3.45616
3.48248
3.49022
3.50509
3.51942
3.52821
3.53786
3.55117
3.57199
3.58671
3.59282
3.59646
3.61704
3.61887
3.61747
3.6188
3.62517
3.62531
3.62039
3.61725
3.61115
3.61358
3.59928
3.59495
3.59993
3.59801
3.58784
3.57547
3.56845
3.54877
3.54122
3.51915
3.48702
3.47918
3.47314
3.46165
3.44961
3.4383
3.42188
3.40824
3.39171
3.37706
3.37798
3.36982
3.35591
3.35123
3.34714
3.34969
3.34498
3.3419
3.32811
3.3329
3.33984
3.34633
3.35283
3.36389
3.38136
3.38963
3.40222
3.41252
3.42205
3.44124
3.46193
3.48601
3.49178
3.50931
3.51934
3.53046
3.54126
3.55515
3.57702
3.58875
3.59261
3.59852
3.61965
3.61899
3.61728
3.618
3.62631
3.62481
3.61935
3.61659
3.61111
3.61172
3.59698
3.59611
3.60063
3.59613
3.58557
3.57333
3.56497
3.54779
3.53686
3.51037
3.48393
3.47842
3.47053
3.46055
3.44724
3.43533
3.41859
3.40624
3.38634
3.37698
3.37742
3.36736
3.35468
3.3531
3.34582
3.34832
3.34413
3.33795
3.32804
3.33483
3.34075
3.34798
3.35401
3.36929
3.38344
3.39212
3.40666
3.41162
3.42597
3.44481
3.46822
3.48752
3.49405
3.51323
3.5221
3.53181
3.54369
3.55864
3.58127
3.59075
3.5928
3.60355
3.6195
3.61856
3.6174
3.62143
3.62479
3.62546
3.61759
3.61573
3.61288
3.60865
3.59532
3.59657
3.60118
3.59328
3.58314
3.57209
3.56067
3.54682
3.53252
3.50334
3.48224
3.47789
3.46783
3.45911
3.44481
3.43236
3.41501
3.40268
3.38359
3.37605
3.37621
3.3644
3.35368
3.35169
3.34791
3.34711
3.34352
3.33431
3.32819
3.3362
3.34176
3.34938
3.35687
3.37547
3.38419
3.39422
3.4101
3.4128
3.42953
3.44857
3.47337
3.4891
3.49693
3.51706
3.52396
3.53344
3.54628
3.56164
3.58497
3.59141
3.59282
3.61138
3.61882
3.61779
3.61741
3.62251
3.62384
3.62482
3.61659
3.61403
3.61409
3.60551
3.59448
3.598
3.59968
3.59107
3.58063
3.57054
3.55405
3.54753
3.52746
3.49718
3.4801
3.47812
3.46462
3.45665
3.44194
3.42878
3.412
3.39913
3.38064
3.37665
3.37366
3.36047
3.3522
3.3506
3.34911
3.34625
3.34225
3.33181
3.32884
3.33799
3.34396
3.35002
3.35888
3.38039
3.38482
3.39705
3.41327
3.41354
3.43369
3.45222
3.47832
3.48951
3.50105
3.51873
3.52573
3.53606
3.54864
3.56648
3.58661
3.59229
3.59413
3.61534
3.61794
3.61793
3.6192
3.62381
3.62384
3.62311
3.61616
3.61262
3.61364
3.6025
3.59328
3.6001
3.59837
3.58929
3.57789
3.56916
3.55015
3.54469
3.52233
3.49241
3.47909
3.47626
3.46228
3.45334
3.43954
3.42543
3.40927
3.39561
3.37811
3.37706
3.37144
3.35786
3.35035
3.35026
3.34909
3.34579
3.34287
3.32911
3.33074
3.33841
3.34554
3.35175
3.36064
3.38084
3.38757
3.39982
3.41369
3.41679
3.43842
3.45652
3.48313
3.4902
3.5056
3.51936
3.52856
3.53835
3.55106
3.57356
3.58597
3.59361
3.59565
3.61851
3.61751
3.6187
3.6174
3.62683
3.62378
3.62141
3.61589
3.61197
3.61259
3.59912
3.59488
3.59985
3.59812
3.58719
3.57527
3.5684
3.54838
3.54077
3.51743
3.48708
3.4781
3.47378
3.46042
3.45011
3.43694
3.42224
3.40713
3.39164
3.37648
3.37797
3.36934
3.35595
3.35142
3.34666
3.3494
3.34495
3.34129
3.32804
3.33301
3.34005
3.34639
3.35302
3.36447
3.38147
3.39031
3.40235
3.41237
3.42248
3.44192
3.46289
3.48625
3.49192
3.50981
3.51968
3.53042
3.54211
3.55521
3.57813
3.58832
3.5934
3.59786
3.62107
3.61773
3.61851
3.61671
3.62768
3.6235
3.62049
3.61538
3.61206
3.61072
3.5972
3.59598
3.60086
3.59587
3.58487
3.5733
3.5643
3.5472
3.53679
3.50863
3.48455
3.47728
3.47094
3.4595
3.44772
3.43418
3.4188
3.40503
3.3864
3.37664
3.37743
3.36678
3.35474
3.3528
3.3459
3.34805
3.34453
3.33692
3.32828
3.33476
3.34111
3.34798
3.35444
3.37006
3.38363
3.39271
3.40696
3.41194
3.42608
3.44561
3.46873
3.48793
3.49437
3.51375
3.52252
3.53166
3.54436
3.55852
3.58247
3.5901
3.59385
3.60373
3.62041
3.61713
3.61876
3.62035
3.62592
3.62401
3.61874
3.61441
3.61385
3.60759
3.59564
3.59628
3.60097
3.59316
3.58244
3.57211
3.56003
3.54664
3.53236
3.50162
3.48279
3.47706
3.46828
3.4578
3.44536
3.43098
3.41529
3.40152
3.38366
3.37574
3.37618
3.36375
3.3537
3.35127
3.34834
3.34682
3.34349
3.3338
3.32838
3.33626
3.34221
3.34935
3.35737
3.37631
3.38403
3.39489
3.41015
3.4134
3.42966
3.44941
3.47383
3.48945
3.4974
3.51745
3.52427
3.53364
3.54692
3.5618
3.5858
3.59079
3.59382
3.61112
3.62009
3.61641
3.61882
3.62128
3.62518
3.62317
3.61783
3.61291
3.61482
3.60451
3.59471
3.59817
3.59937
3.5911
3.57995
3.5704
3.55336
3.54708
3.52712
3.49581
3.48068
3.47695
3.46521
3.45532
3.44237
3.42747
3.41236
3.39801
3.38069
3.3765
3.37342
3.35974
3.3522
3.35055
3.34931
3.34607
3.3424
3.33119
3.32921
3.33791
3.34439
3.34999
3.35918
3.38101
3.38457
3.39782
3.41341
3.41399
3.43429
3.45291
3.47878
3.48975
3.50173
3.51874
3.52607
3.53624
3.54923
3.56674
3.58725
3.59173
3.59539
3.61469
3.61902
3.61678
3.6206
3.62274
3.62516
3.62162
3.61721
3.61138
3.61423
3.60155
3.59371
3.60002
3.59809
3.58929
3.57725
3.56898
3.55001
3.54374
3.52237
3.49078
3.47997
3.47479
3.46294
3.45185
3.44008
3.4241
3.40967
3.39447
3.37818
3.37689
3.3714
3.35733
3.3505
3.34976
3.34924
3.34546
3.34307
3.32866
3.33122
3.33828
3.34589
3.35179
3.3611
3.38095
3.38763
3.40049
3.41327
3.41791
3.43867
3.45751
3.48342
3.49051
3.50612
3.51926
3.52921
3.53849
3.55183
3.57392
3.58685
3.59276
3.59694
3.61782
3.61874
3.61742
3.61877
3.62573
3.62504
3.61991
3.6169
3.61109
3.61304
3.59801
3.59548
3.5997
3.59788
3.5872
3.57472
3.56821
3.54852
3.53965
3.51662
3.48573
3.47898
3.47242
3.46117
3.44888
3.43735
3.42104
3.40764
3.39033
3.37679
3.37769
3.36942
3.35568
3.352
3.34608
3.34952
3.34468
3.3411
3.32781
3.33351
3.34
3.34694
3.35296
3.3653
3.38182
3.39041
3.40337
3.41174
3.42359
3.44205
3.46429
3.48624
3.49235
3.51025
3.52008
3.53079
3.54225
3.55621
3.57817
3.58944
3.59248
3.59949
3.62005
3.61888
3.61718
3.61844
3.62633
3.62494
3.61902
3.61643
3.61157
3.61095
3.59653
3.59637
3.60098
3.59524
3.58489
3.57287
3.56378
3.54696
3.5358
3.50838
3.48357
3.47798
3.46969
3.4604
3.44654
3.43449
3.41759
3.40516
3.38554
3.37681
3.37713
3.36652
3.35454
3.35277
3.34597
3.34802
3.34464
3.33629
3.3282
3.33508
3.34109
3.34835
3.35463
3.37112
3.38396
3.3927
3.40794
3.41171
3.42691
3.44589
3.46974
3.48804
3.49486
3.5143
3.52286
3.53187
3.54449
3.5594
3.58246
3.59099
3.59306
3.60607
3.6191
3.61815
3.61746
3.62204
3.62438
3.62525
3.61737
3.61519
3.61318
3.60783
3.59514
3.5965
3.60083
3.59263
3.58242
3.57179
3.55943
3.54696
3.53114
3.50134
3.48166
3.47818
3.46682
3.45839
3.44413
3.43128
3.41412
3.40167
3.38282
3.37616
3.37569
3.36331
3.35325
3.3512
3.34845
3.34682
3.34315
3.33361
3.32826
3.33668
3.34241
3.34959
3.35756
3.37714
3.38437
3.39491
3.41094
3.41329
3.43041
3.44969
3.47474
3.48924
3.49812
3.51775
3.52449
3.53417
3.54696
3.56289
3.58528
3.59178
3.59308
3.61289
3.6187
3.61751
3.61776
3.62284
3.62383
3.62425
3.61653
3.61376
3.61401
3.60465
3.59416
3.59866
3.59923
3.59059
3.57997
3.57001
3.55257
3.5473
3.52555
3.496
3.47952
3.47785
3.46387
3.4558
3.44117
3.4278
3.4112
3.39812
3.37987
3.3768
3.3728
3.3595
3.35174
3.35073
3.34913
3.34611
3.34239
3.33081
3.32922
3.33815
3.34446
3.35033
3.35934
3.38088
3.38526
3.39787
3.41427
3.41371
3.43532
3.45321
3.47967
3.48973
3.50246
3.51879
3.5262
3.53677
3.54902
3.56809
3.58656
3.59282
3.59467
3.61622
3.61776
3.61811
3.61932
3.62441
3.62378
3.6227
3.61596
3.61194
3.61345
3.60167
3.59356
3.60009
3.59808
3.58869
3.5771
3.56878
3.54952
3.54368
3.52105
3.49085
3.47884
3.47559
3.4616
3.45234
3.43884
3.42445
3.40852
3.39453
3.37742
3.37725
3.37093
3.35718
3.35025
3.34952
3.34906
3.34548
3.34268
3.3288
3.33127
3.33855
3.3459
3.35208
3.36151
3.38087
3.38835
3.40044
3.41358
3.41827
3.43954
3.45801
3.48412
3.49062
3.50675
3.51928
3.52962
3.53899
3.55211
3.57513
3.58654
3.59361
3.59621
3.61932
3.61767
3.61861
3.61751
3.62724
3.62359
3.62097
3.61568
3.61198
3.61211
3.59818
3.59533
3.59965
3.59796
3.58661
3.57468
3.56763
3.54827
3.53948
3.51471
3.48599
3.47808
3.47309
3.4602
3.4494
3.43616
3.42133
3.4068
3.38989
3.37652
3.37792
3.36914
3.35555
3.35228
3.34605
3.34909
3.34461
3.34079
3.3278
3.33361
3.3403
3.34721
3.35321
3.36597
3.3819
3.39122
3.40366
3.4119
3.42398
3.44295
3.46493
3.48667
3.49261
3.5108
3.5206
3.53093
3.54288
3.55638
3.57941
3.58912
3.59333
3.59914
3.62116
3.61764
3.61841
3.61799
3.62758
3.62367
3.62006
3.61522
3.61276
3.60986
3.59678
3.5962
3.60114
3.59507
3.58423
3.57293
3.56316
3.54655
3.53579
3.50665
3.48417
3.47685
3.47038
3.45939
3.447
3.43338
3.41777
3.40407
3.38553
3.37647
3.37716
3.36598
3.35451
3.35251
3.34648
3.34766
3.34462
3.33576
3.32838
3.33499
3.34142
3.3484
3.35527
3.37191
3.38386
3.39344
3.40803
3.41234
3.4271
3.44677
3.47029
3.48847
3.49515
3.51492
3.52317
3.53207
3.5452
3.55939
3.5837
3.59034
3.59378
3.60647
3.62008
3.61675
3.61877
3.62082
3.6257
3.62386
3.61854
3.61383
3.61414
3.60686
3.59551
3.5963
3.60071
3.5926
3.58178
3.57179
3.55839
3.54688
3.53098
3.49974
3.48221
3.47725
3.46726
3.45714
3.44454
3.42998
3.41445
3.40054
3.38279
3.37607
3.37563
3.36248
3.35322
3.35076
3.34888
3.34658
3.34316
3.33314
3.32851
3.33676
3.34298
3.3495
3.35803
3.37785
3.38424
3.39576
3.41103
3.41383
3.43064
3.45053
3.47526
3.48925
3.49869
3.51806
3.5249
3.53438
3.54763
3.56305
3.58626
3.59108
3.59424
3.61239
3.61973
3.61635
3.61924
3.62162
3.62517
3.62267
3.61762
3.61265
3.61469
3.60365
3.59434
3.59881
3.5989
3.59063
3.57935
3.56984
3.55204
3.54655
3.52537
3.49453
3.48033
3.47642
3.46447
3.45439
3.44167
3.42649
3.41156
3.39699
3.37992
3.37661
3.37268
3.35897
3.35164
3.35056
3.34929
3.34591
3.34268
3.33026
3.32954
3.33805
3.34489
3.35039
3.35978
3.38082
3.38544
3.39873
3.41399
3.41451
3.43558
3.45413
3.48023
3.48984
3.50323
3.51884
3.52659
3.53689
3.5498
3.56842
3.58716
3.59227
3.59586
3.61555
3.61888
3.61696
3.62026
3.62345
3.62519
3.62109
3.61717
3.61099
3.61397
3.60065
3.59406
3.59994
3.59779
3.58868
3.57652
3.56863
3.54939
3.5427
3.52115
3.48908
3.47959
3.47411
3.46232
3.45082
3.43941
3.4231
3.40895
3.39338
3.3775
3.37718
3.37089
3.35666
3.35045
3.34892
3.34933
3.34521
3.34259
3.32865
3.3317
3.33869
3.3461
3.35212
3.36215
3.38102
3.38842
3.40106
3.41309
3.4194
3.4398
3.45908
3.48448
3.49099
3.50735
3.51924
3.53006
3.5392
3.55335
3.57518
3.58766
3.59268
3.59748
3.61857
3.61893
3.61733
3.61863
3.62596
3.62491
3.61948
3.61676
3.61105
3.61248
3.5975
3.59568
3.59946
3.59759
3.58664
3.57413
3.56704
3.54822
3.53856
3.51392
3.48459
3.47892
3.47178
3.46092
3.44819
3.4365
3.42002
3.40735
3.38842
3.37685
3.37769
3.36881
3.35527
3.35282
3.34574
3.34892
3.34415
3.34074
3.32748
3.334
3.3402
3.34752
3.35327
3.36685
3.38214
3.3913
3.40469
3.41156
3.42474
3.44317
3.46593
3.48673
3.49303
3.51143
3.52093
3.53121
3.54296
3.55722
3.57942
3.5902
3.59234
3.6008
3.61998
3.61875
3.61715
3.62004
3.62574
3.62523
3.61843
3.61614
3.61228
3.60999
3.59603
3.5965
3.60118
3.59441
3.58419
3.57256
3.56253
3.54659
3.53461
3.50631
3.48311
3.47753
3.46914
3.46001
3.44582
3.43373
3.41651
3.40417
3.38464
3.37655
3.3768
3.36568
3.35416
3.35246
3.34662
3.34762
3.34422
3.33547
3.3282
3.33543
3.34135
3.34874
3.35551
3.37277
3.38409
3.39339
3.40882
3.41214
3.42794
3.447
3.47126
3.48854
3.49552
3.51571
3.52324
3.53244
3.54529
3.56025
3.58363
3.59118
3.59279
3.60862
3.61881
3.61777
3.61743
3.6223
3.62426
3.62514
3.61714
3.61453
3.61363
3.60698
3.59495
3.59684
3.60047
3.59201
3.58173
3.57139
3.55696
3.54745
3.5298
3.49952
3.48108
3.47828
3.46584
3.4577
3.44325
3.43025
3.41326
3.40064
3.38185
3.37641
3.37502
3.36201
3.3528
3.35058
3.3489
3.34658
3.34281
3.33294
3.3284
3.33715
3.34318
3.34971
3.35819
3.3785
3.38456
3.39589
3.41185
3.41342
3.43166
3.45074
3.47619
3.48903
3.49931
3.51836
3.5251
3.53491
3.54764
3.56424
3.58584
3.59196
3.59349
3.61397
3.61841
3.61766
3.61817
3.62321
3.62376
3.62377
3.6164
3.61342
3.61386
3.60376
3.59378
3.59926
3.59881
3.59008
3.57933
3.56954
3.55138
3.54629
3.52415
3.49475
3.47924
3.47726
3.46313
3.45491
3.44047
3.42683
3.4104
3.39709
3.37913
3.37689
3.37222
3.35881
3.35113
3.35066
3.34911
3.34598
3.34262
3.33009
3.32973
3.33826
3.34493
3.35082
3.35997
3.38071
3.38626
3.39878
3.41408
3.41485
3.43655
3.45452
3.48122
3.48977
3.50402
3.51897
3.52688
3.53739
3.55
3.57005
3.58626
3.59331
3.59507
3.61712
3.61767
3.61833
3.61843
3.62526
3.62392
3.62216
3.61602
3.61192
3.61312
3.60068
3.59398
3.60001
3.59805
3.58797
3.57644
3.56844
3.54896
3.54267
3.51983
3.4892
3.47842
3.47486
3.46106
3.45137
3.43817
3.42349
3.40789
3.3934
3.37682
3.37783
3.37024
3.35657
3.35027
3.34858
3.34929
3.34526
3.34217
3.32861
3.33194
3.33925
3.34601
3.35255
3.36257
3.38095
3.38916
3.40095
3.41337
3.41986
3.44064
3.45969
3.48519
3.49114
3.50804
3.51928
3.53011
3.53989
3.55375
3.57637
3.58736
3.59352
3.59676
3.62005
3.61776
3.61863
3.61678
3.6275
3.6235
3.62075
3.61557
3.61193
3.61155
3.5978
3.59548
3.5999
3.59731
3.58593
3.57406
3.56626
3.54791
3.53854
3.51187
3.48499
3.47797
3.47232
3.45996
3.44866
3.43532
3.42022
3.40645
3.38801
3.3766
3.37776
3.36809
3.35527
3.35292
3.34589
3.34847
3.34397
3.33961
3.32786
3.33414
3.34053
3.34752
3.35371
3.36759
3.38228
3.39202
3.40497
3.41195
3.42478
3.44403
3.46646
3.48714
3.49327
3.51208
3.52136
3.53125
3.54347
3.55725
3.58061
3.58968
3.59329
3.6004
3.62103
3.61756
3.61854
3.61925
3.62673
3.62413
3.6193
3.61485
3.61338
3.60885
3.59619
3.59627
3.60122
3.59424
3.58347
3.57258
3.56186
3.54614
3.53451
3.5046
3.48364
3.47635
3.46971
3.4589
3.44626
3.43259
3.41665
3.40303
3.38466
3.37614
3.37678
3.36509
3.35415
3.35212
3.34717
3.34733
3.34411
3.33491
3.32834
3.3355
3.34165
3.34877
3.35616
3.3737
3.38388
3.39403
3.40886
3.41271
3.42809
3.44781
3.47176
3.48889
3.49592
3.51617
3.52356
3.53262
3.54594
3.56014
3.58484
3.59047
3.59372
3.60853
3.61992
3.61642
3.6187
3.62102
3.62546
3.62375
3.61819
3.61329
3.61473
3.60581
3.59517
3.59706
3.60013
3.59192
3.58101
3.57122
3.55583
3.54738
3.52962
3.49788
3.4816
3.47716
3.46633
3.45642
3.44363
3.42894
3.41355
3.3995
3.38186
3.37627
3.37487
3.36123
3.35276
3.3504
3.34922
3.34628
3.34278
3.33245
3.32865
3.33731
3.34366
3.34963
3.35855
3.37922
3.38438
3.39675
3.41195
3.4138
3.43204
3.45152
3.47671
3.48916
3.49979
3.51866
3.52547
3.53512
3.54831
3.56448
3.58674
3.59124
3.59468
3.61338
3.61941
3.61653
3.61985
3.62202
3.62514
3.62224
3.61755
3.61222
3.61452
3.6028
3.59392
3.59942
3.59848
3.59014
3.57852
3.56947
3.5511
3.54529
3.5242
3.49313
3.48015
3.47589
3.46379
3.45338
3.44105
3.42553
3.41078
3.39599
3.37922
3.37671
3.3723
3.35827
3.351
3.35044
3.34928
3.34581
3.3429
3.32963
3.33026
3.33814
3.34533
3.35096
3.3604
3.38081
3.38644
3.39958
3.41353
3.41592
3.43691
3.45546
3.48185
3.48994
3.50449
3.51915
3.52761
3.53751
3.55082
3.57075
3.58668
3.59264
3.59624
3.61651
3.61881
3.61721
3.61898
3.62459
3.62528
3.62055
3.61719
3.61105
3.61365
3.59968
3.59457
3.59988
3.59791
3.58799
3.57577
3.56841
3.54885
3.5418
3.5197
3.48761
3.47921
3.47341
3.4618
3.44991
3.43874
3.42213
3.40844
3.39216
3.37711
3.3779
3.37003
3.35608
3.35068
3.34762
3.34966
3.34504
3.3421
3.32822
3.33251
3.33949
3.34623
3.35269
3.36319
3.38114
3.38922
3.40165
3.41286
3.42121
3.44078
3.4608
3.48558
3.49152
3.50867
3.51924
3.53037
3.54048
3.55465
3.57642
3.58841
3.59261
3.59813
3.61928
3.61896
3.61729
3.61798
3.62625
3.62477
3.61938
3.61661
3.61106
3.61194
3.59713
3.59588
3.60025
3.59656
3.58587
3.57352
3.56559
3.54795
3.53746
3.51133
3.48403
3.4786
3.47094
3.4607
3.44749
3.43566
3.41901
3.40666
3.38686
3.37692
3.37749
3.36775
3.35491
3.35309
3.34584
3.34839
3.34387
3.33881
3.32788
3.33458
3.34055
3.34782
3.35378
3.36848
3.38298
3.3919
3.406
3.41159
3.42554
3.4443
3.46747
3.48725
3.49371
3.51268
3.52171
3.53162
3.54344
3.55821
3.58064
3.59059
3.59262
3.60234
3.61973
3.61876
3.61736
3.62115
3.62499
3.62552
3.61777
3.61578
3.61275
3.60906
3.5955
3.59658
3.60124
3.59363
3.58347
3.57223
3.56126
3.54663
3.53321
3.50432
3.48252
3.47758
3.46831
3.45945
3.44509
3.43288
3.41546
3.40315
3.38389
3.37622
3.3764
3.36481
3.35384
3.35201
3.34754
3.34727
3.34373
3.33467
3.32818
3.33595
3.34162
3.34916
3.35648
3.37464
3.38416
3.39396
3.4097
3.4126
3.42897
3.44809
3.47273
3.48894
3.4965
3.51665
3.52375
3.53313
3.546
3.56105
3.58477
3.59134
3.59281
3.61056
3.61878
3.61773
3.61739
3.62246
3.62396
3.62502
3.61673
3.61415
3.61404
3.60594
3.59463
3.59767
3.59992
3.59136
3.58098
3.5708
3.55486
3.54774
3.52832
3.49776
3.48045
3.47815
3.465
3.45699
3.44236
3.42925
3.4124
3.39962
3.38102
3.3766
3.37417
3.36093
3.35239
3.35061
3.34909
3.3463
3.34243
3.33224
3.32867
3.33782
3.34373
3.34992
3.35868
3.3798
3.38476
3.39673
3.41282
3.4135
3.43306
3.45178
3.47767
3.48924
3.50045
3.51878
3.52557
3.53568
3.54836
3.56578
3.58646
3.59214
3.59392
3.61494
3.61808
3.61786
3.61906
3.62352
3.62377
3.62334
3.61626
3.6129
3.61371
3.60291
3.59343
3.59984
3.59848
3.58957
3.5783
3.5693
3.55053
3.54513
3.52295
3.49317
3.47916
3.47673
3.46252
3.45383
3.43985
3.42589
3.40963
3.39609
3.37845
3.377
3.37185
3.35813
3.35045
3.3505
3.34911
3.34592
3.34282
3.32945
3.33044
3.33837
3.34537
3.35145
3.3605
3.3808
3.3872
3.39961
3.41377
3.41623
3.43787
3.45587
3.48267
3.49001
3.5051
3.51938
3.52807
3.53803
3.55074
3.5726
3.5859
3.59358
3.59539
3.61812
3.61759
3.61865
3.61737
3.62652
3.62386
3.6216
3.616
3.61197
3.61279
3.59965
3.5946
3.59992
3.59812
3.58744
3.57561
3.56833
3.54856
3.54144
3.51837
3.4877
3.47816
3.47412
3.46059
3.45047
3.43732
3.42261
3.40738
3.39217
3.3766
3.37814
3.36951
3.35604
3.35101
3.34718
3.34945
3.34506
3.34162
3.32818
3.3327
3.33996
3.34613
3.35295
3.3638
3.38122
3.38995
3.40182
3.41277
3.42172
3.44153
3.46174
3.48616
3.49165
3.50935
3.51936
3.53033
3.5415
3.55475
3.57759
3.58801
3.59344
3.59749
3.62077
3.61776
3.61851
3.61663
3.62765
3.62344
3.62061
3.61544
3.61195
3.61101
3.5974
3.59582
3.60069
3.59628
3.58517
3.57351
3.56485
3.54754
3.53729
3.50957
3.4847
3.47749
3.47139
3.45967
3.448
3.43453
3.41923
3.40554
3.38674
3.3767
3.37754
3.36716
3.35477
3.35294
3.34593
3.34815
3.34427
3.3377
3.32818
3.33465
3.34092
3.34781
3.35416
3.36927
3.38328
3.39247
3.40631
3.41196
3.42565
3.44512
3.46802
3.48769
3.49398
3.51326
3.52217
3.53165
3.54397
3.5582
3.5819
3.58998
3.59371
3.60257
3.62062
3.61732
3.61868
3.62008
3.62613
3.6241
3.61885
3.61463
3.61371
3.60798
3.59574
3.59632
3.60115
3.59348
3.58277
3.57225
3.5606
3.54656
3.53301
3.50255
3.48307
3.47687
3.46871
3.45817
3.44562
3.43151
3.41571
3.40199
3.38401
3.37578
3.37639
3.36419
3.35385
3.35152
3.34808
3.34696
3.34366
3.33413
3.32835
3.33603
3.34194
3.34923
3.35703
3.37552
3.38396
3.3946
3.40975
3.41318
3.42924
3.44889
3.47319
3.48926
3.49689
3.51708
3.52405
3.53332
3.5466
3.5612
3.58563
3.59063
3.59376
3.61037
3.61999
3.61656
3.61871
3.62115
3.6252
3.62345
3.61783
3.61302
3.61486
3.6049
3.59485
3.59784
3.59959
3.59133
3.58028
3.57064
3.55403
3.54723
3.52795
3.49637
3.48097
3.47703
3.46555
3.45568
3.44276
3.42793
3.41272
3.39848
3.38104
3.37642
3.37384
3.36025
3.35238
3.35045
3.34928
3.34612
3.34241
3.33163
3.32903
3.33782
3.34415
3.34986
3.35902
3.38047
3.38455
3.39746
3.41294
3.41392
3.43344
3.45252
3.47816
3.48965
3.50105
3.51872
3.52584
3.53592
3.549
3.56602
3.58728
3.59148
3.59513
3.61429
3.61911
3.6167
3.62054
3.62246
3.6252
3.62176
3.61735
3.61166
3.61435
3.60194
3.5936
3.6
3.59822
3.58956
3.57762
3.56916
3.5503
3.54421
3.52296
3.49147
3.48007
3.4751
3.46325
3.45233
3.4404
3.42456
3.41002
3.39496
3.3785
3.37683
3.37164
3.35765
3.35055
3.35008
3.34927
3.34564
3.34306
3.32893
3.33094
3.33824
3.34572
3.3516
3.36077
3.38093
3.38728
3.40023
3.41332
3.41721
3.43815
3.45683
3.48298
3.49033
3.5056
3.51933
3.52871
3.53817
3.55146
3.57309
3.58668
3.59276
3.59667
3.61744
3.6187
3.61744
3.61874
3.62548
3.62513
3.62009
3.61703
3.61108
3.61325
3.59858
3.5952
3.59976
3.59793
3.58748
3.57499
3.56848
3.54849
3.54032
3.5179
3.48625
3.47903
3.47269
3.46131
3.44918
3.43773
3.42142
3.40784
3.39106
3.37682
3.37774
3.36954
3.35577
3.35164
3.34648
3.34957
3.3448
3.34143
3.32788
3.33321
3.33989
3.34658
3.35287
3.36463
3.38162
3.39
3.40278
3.41198
3.42289
3.44165
3.46323
3.48609
3.49205
3.50982
3.51967
3.53055
3.5419
3.55567
3.5776
3.58909
3.59251
3.59892
3.61996
3.61892
3.61723
3.61807
3.62631
3.62485
3.61918
3.61648
3.61123
3.61134
3.59671
3.59626
3.60083
3.59562
3.58518
3.57306
3.56429
3.54738
3.53624
3.50925
3.48372
3.47817
3.46999
3.46033
3.4469
3.4349
3.41807
3.40562
3.38593
3.37688
3.37726
3.36689
3.35459
3.35292
3.34577
3.34818
3.34441
3.337
3.32813
3.33494
3.34095
3.34816
3.35431
3.37018
3.38383
3.39237
3.4074
3.41157
3.42645
3.44536
3.46902
3.48779
3.49449
3.51378
3.52248
3.5318
3.54411
3.559
3.5819
3.59087
3.59295
3.60488
3.61925
3.61832
3.61748
3.62174
3.62454
3.62533
3.61746
3.61545
3.61303
3.60819
3.59519
3.59652
3.60096
3.5929
3.58275
3.57192
3.56
3.54691
3.53176
3.50225
3.48192
3.4781
3.46729
3.4587
3.44449
3.43175
3.4145
3.40213
3.38316
3.37602
3.37595
3.36389
3.35349
3.3514
3.3482
3.34694
3.34331
3.33392
3.32821
3.33645
3.34206
3.34952
3.35725
3.37637
3.38427
3.39455
3.41055
3.41305
3.43002
3.44917
3.4741
3.48931
3.49751
3.51748
3.52421
3.53382
3.54664
3.56233
3.58516
3.5916
3.59289
3.61224
3.61893
3.6176
3.61753
3.62266
3.62382
3.62448
3.6166
3.6139
3.61406
3.60505
3.59432
3.59837
3.59944
3.5908
3.58025
3.57026
3.55323
3.54739
3.52647
3.49656
3.47975
3.47804
3.46422
3.45624
3.44149
3.42825
3.41157
3.39859
3.38022
3.37674
3.37317
3.35987
3.35198
3.35071
3.34914
3.34619
3.34225
3.3313
3.32904
3.33809
3.34424
3.35017
3.35907
3.38097
3.38488
3.39747
3.41381
3.41363
3.43468
3.45268
3.47903
3.48963
3.50183
3.51876
3.526
3.53645
3.5489
3.56732
3.58657
3.59258
3.59444
3.61582
3.61784
3.61803
3.61929
3.62414
3.62379
3.62294
3.61601
3.61228
3.6135
3.60205
3.5934
3.60014
3.59823
3.58897
3.57745
3.56895
3.54981
3.54416
3.52164
3.49161
3.47897
3.4759
3.46191
3.4528
3.43917
3.42491
3.40887
3.39504
3.37774
3.37714
3.37116
3.3575
3.35029
3.34989
3.34905
3.34559
3.34287
3.3288
3.33106
3.33846
3.34573
3.35196
3.36102
3.38085
3.38798
3.40012
3.41363
3.4176
3.43902
3.4573
3.48364
3.4904
3.5062
3.51929
3.52913
3.53872
3.55149
3.57452
3.58617
3.59362
3.59596
3.61896
3.61756
3.61867
3.61743
3.62711
3.62368
3.6212
3.61575
3.61198
3.61235
3.59846
3.59521
3.59977
3.59806
3.58686
3.57495
3.56812
3.54839
3.54
3.51593
3.48648
3.4781
3.4734
3.4603
3.44972
3.43653
3.42176
3.40693
3.39078
3.37647
3.37788
3.36922
3.35583
3.35185
3.3462
3.34934
3.34481
3.34091
3.32796
3.33336
3.34018
3.3468
3.35313
3.36526
3.3817
3.39079
3.40303
3.4121
3.42329
3.44239
3.46412
3.48643
3.49227
3.51031
3.52017
3.53069
3.54252
3.55584
3.5788
3.58873
3.59336
3.59851
3.62118
3.61767
3.61845
3.61716
3.62769
3.6236
3.62029
3.61532
3.61245
3.61027
3.59698
3.59612
3.60103
3.59543
3.58453
3.57306
3.5637
3.54673
3.5363
3.50759
3.48436
3.47706
3.47058
3.45955
3.44732
3.43372
3.41825
3.40451
3.38594
3.37656
3.37729
3.36635
3.35468
3.35263
3.34614
3.34787
3.34479
3.3361
3.32836
3.33492
3.34127
3.3482
3.35482
3.37115
3.38378
3.39308
3.4076
3.4121
3.42661
3.44623
3.46957
3.48823
3.49481
3.51436
3.52295
3.53175
3.5448
3.55898
3.58313
3.59023
3.59397
3.60512
3.62024
3.61692
3.61876
3.62068
3.62575
3.62391
3.61863
3.61411
3.614
3.60718
3.59557
3.59627
3.60081
3.59285
3.58207
3.57195
3.55938
3.54669
3.53161
3.50058
3.48247
3.47717
3.46772
3.45744
3.44494
3.43044
3.41484
3.401
3.38325
3.37591
3.37588
3.36309
3.35342
3.35103
3.34863
3.34669
3.3433
3.33344
3.32844
3.33653
3.34262
3.34942
3.35773
3.37721
3.38413
3.39531
3.41061
3.41367
3.43012
3.45001
3.47458
3.48937
3.49811
3.51776
3.5246
3.53404
3.5473
3.56245
3.58596
3.59099
3.59405
3.61187
3.61983
3.61629
3.61908
3.62147
3.6252
3.62289
3.61775
3.61277
3.61476
3.60405
3.59452
3.59852
3.59911
3.59086
3.57963
3.57009
3.55262
3.54695
3.52608
3.49514
3.48044
3.47672
3.46481
3.45481
3.442
3.42695
3.41193
3.39747
3.38027
3.37657
3.37299
3.35929
3.35192
3.35058
3.3493
3.34598
3.34257
3.33063
3.32941
3.33798
3.34465
3.35018
3.35949
3.38092
3.38501
3.39829
3.41395
3.41409
3.43504
3.45353
3.47953
3.48987
3.50246
3.51878
3.52632
3.53661
3.54939
3.56763
3.58725
3.59201
3.59567
3.61516
3.61893
3.61687
3.62062
3.62307
3.62515
3.62135
3.61715
3.61099
3.61415
3.60112
3.5939
3.59998
3.59791
3.58896
3.57684
3.56878
3.54968
3.54318
3.52169
3.4899
3.4798
3.47443
3.46259
3.45129
3.43971
3.42356
3.40928
3.39388
3.37781
3.37701
3.37114
3.35696
3.35045
3.34933
3.34925
3.34533
3.34284
3.32865
3.33146
3.33839
3.34607
3.35193
3.36166
3.38097
3.38805
3.40085
3.4132
3.41869
3.43928
3.45833
3.48398
3.49075
3.50676
3.51925
3.52977
3.5388
3.55256
3.57462
3.58728
3.59274
3.59723
3.61824
3.61887
3.61734
3.61883
3.62587
3.62494
3.61965
3.61681
3.61109
3.61276
3.59768
3.59562
3.59957
3.59775
3.58691
3.57441
3.56763
3.54841
3.53902
3.51523
3.48513
3.47894
3.4721
3.46104
3.44853
3.4369
3.42055
3.40748
3.38931
3.37683
3.37774
3.36931
3.35537
3.35248
3.3459
3.34922
3.34445
3.34094
3.32764
3.33379
3.34013
3.34741
3.35304
3.36612
3.38206
3.3909
3.40409
3.41154
3.42436
3.44269
3.46523
3.48652
3.49274
3.51083
3.52058
3.53107
3.54266
3.55683
3.57887
3.58989
3.59243
3.60022
3.62003
3.61884
3.61713
3.61941
3.62617
3.62503
3.61875
3.6163
3.61194
3.61046
3.5963
3.59646
3.60112
3.59481
3.58454
3.57271
3.56314
3.54677
3.53519
3.50729
3.48335
3.47776
3.46944
3.46023
3.44617
3.43411
3.41702
3.40465
3.38506
3.3767
3.37698
3.36609
3.35434
3.35263
3.34636
3.34776
3.34445
3.33587
3.32822
3.33519
3.34125
3.34858
3.35515
3.372
3.38406
3.39311
3.40844
3.41198
3.42747
3.44652
3.47057
3.48833
3.49524
3.51497
3.52312
3.53223
3.54495
3.55988
3.58312
3.59112
3.59284
3.60763
3.61891
3.61795
3.61747
3.6222
3.62432
3.62519
3.61727
3.61485
3.61334
3.60744
3.59508
3.59652
3.60072
3.59233
3.58209
3.57161
3.55827
3.54718
3.53042
3.50036
3.48136
3.47826
3.46629
3.45802
3.44368
3.43074
3.41367
3.40112
3.3823
3.37632
3.37539
3.3626
3.35301
3.35088
3.34873
3.3467
3.34298
3.33325
3.32834
3.33695
3.34283
3.34967
3.35792
3.37789
3.38449
3.39542
3.41144
3.41346
3.43102
3.45029
3.47553
3.4891
3.4988
3.51809
3.52483
3.53457
3.54733
3.56359
3.58562
3.59189
3.5933
3.6135
3.61855
3.61758
3.61794
3.62301
3.6238
3.62398
3.61639
3.61361
3.61394
3.60417
3.59396
3.59899
3.599
3.59032
3.57962
3.56974
3.55188
3.54687
3.52471
3.49531
3.47938
3.47751
3.46346
3.45532
3.44077
3.42727
3.41077
3.39756
3.37947
3.37685
3.37244
3.35913
3.35142
3.35071
3.34911
3.34603
3.34252
3.33038
3.32939
3.33823
3.34473
3.35057
3.35968
3.38075
3.38578
3.39838
3.41433
3.41419
3.43594
3.45391
3.48049
3.48972
3.50334
3.51887
3.52651
3.5371
3.54949
3.56901
3.58647
3.59313
3.59488
3.61668
3.6177
3.61821
3.6189
3.62485
3.62384
3.6224
3.61599
3.61191
3.61325
3.60113
3.59376
3.60004
3.59797
3.58834
3.57674
3.56859
3.5492
3.54312
3.52043
3.4899
3.47859
3.4752
3.46128
3.45181
3.43848
3.42392
3.40814
3.39395
3.37706
3.37745
3.37063
3.35684
3.35024
3.34905
3.34916
3.34535
3.3424
3.32878
3.33155
3.33889
3.34594
3.3523
3.36208
3.38092
3.38878
3.40069
3.41345
3.41909
3.44015
3.45888
3.4847
3.4909
3.50743
3.51928
3.52996
3.53945
3.55302
3.57578
3.58698
3.59354
3.59649
3.61971
3.61774
3.6186
3.61725
3.62735
3.62356
3.62078
3.61562
3.61193
3.61179
3.59797
3.5954
3.59956
3.59776
3.58629
3.57435
3.56694
3.54804
3.53896
3.51316
3.48538
3.47806
3.4727
3.46007
3.44899
3.43571
3.42071
3.40667
3.38883
3.37657
3.37786
3.3686
3.35541
3.35269
3.34587
3.34875
3.34427
3.34057
3.32762
3.33385
3.34038
3.34737
3.35345
3.36683
3.38199
3.39169
3.40436
3.41193
3.42443
3.44351
3.46574
3.48692
3.49296
3.51149
3.52101
3.5311
3.54323
3.55682
3.58006
3.58949
3.59322
3.5998
3.62111
3.61755
3.61844
3.61873
3.62708
3.6239
3.61968
3.61503
3.61315
3.6093
3.59646
3.59624
3.6012
3.59462
3.58382
3.57275
3.56246
3.54633
3.53513
3.50551
3.4839
3.47656
3.47003
3.45913
3.4466
3.43294
3.41717
3.40351
3.38504
3.3763
3.37696
3.3655
3.35431
3.35231
3.34678
3.34749
3.34435
3.3353
3.32836
3.33527
3.34153
3.34859
3.3557
3.37281
3.38389
3.39378
3.40848
3.41253
3.42764
3.44732
3.47108
3.48871
3.49547
3.51575
3.52333
3.53232
3.54561
3.55981
3.5843
3.59041
3.59372
3.60763
3.61996
3.61654
3.61872
3.62093
3.62562
3.6238
3.61838
3.61347
3.61446
3.60633
3.59534
3.59667
3.60041
3.59223
3.58137
3.57152
3.55687
3.5472
3.53025
3.49876
3.48188
3.47725
3.46673
3.45677
3.44404
3.42941
3.41396
3.39998
3.38226
3.37618
3.3752
3.3618
3.35297
3.35042
3.34908
3.34645
3.34297
3.33277
3.32858
3.33698
3.34338
3.34955
3.35835
3.37857
3.38432
3.39631
3.41151
3.41379
3.43139
3.45105
3.47604
3.48917
3.49929
3.51838
3.52521
3.53477
3.54798
3.5638
3.58652
3.59115
3.59447
3.61293
3.61957
3.61643
3.6195
3.62184
3.62513
3.62242
3.61761
3.61244
3.61459
3.60319
3.59411
3.59914
3.59867
3.59036
3.57902
3.56959
3.55148
3.54585
3.52474
3.49386
3.48018
3.47611
3.46408
3.4539
3.44132
3.42596
3.41113
3.39644
3.37953
3.37666
3.37242
3.3586
3.35131
3.35051
3.34928
3.34585
3.3428
3.32992
3.32993
3.33809
3.34512
3.35068
3.36011
3.38078
3.386
3.39919
3.4137
3.41527
3.43629
3.45484
3.48108
3.4899
3.50402
3.51896
3.52701
3.53723
3.5504
3.56961
3.58693
3.59249
3.59608
3.61606
3.61885
3.61709
3.61969
3.62393
3.62529
3.62083
3.61719
3.61101
3.6138
3.60013
3.59431
3.59991
3.59787
3.58826
3.57615
3.5685
3.54909
3.54221
3.52043
3.48828
3.47937
3.47373
3.46203
3.45033
3.43906
3.42257
3.40867
3.39274
3.37722
3.3776
3.37045
3.35634
3.35049
3.34837
3.34949
3.34511
3.34234
3.32843
3.33214
3.33911
3.34619
3.3524
3.36272
3.38106
3.38886
3.40135
3.413
3.42029
3.44037
3.46001
3.48505
3.49127
3.50805
3.51924
3.53024
3.53973
3.55418
3.57585
3.5881
3.59265
3.5978
3.61895
3.61896
3.61736
3.61809
3.62614
3.62484
3.61945
3.61669
3.61106
3.61219
3.59731
3.59577
3.59987
3.59706
3.58623
3.5738
3.56625
3.54808
3.53804
3.51243
3.48416
3.47882
3.47136
3.46079
3.44782
3.43604
3.41947
3.40708
3.38749
3.37687
3.37759
3.36821
3.35511
3.35308
3.34577
3.34859
3.34381
3.33968
3.32773
3.33434
3.34037
3.3477
3.35357
3.36773
3.38248
3.39169
3.4054
3.41158
3.42515
3.44377
3.46676
3.48699
3.49338
3.51211
3.52134
3.5314
3.54323
3.55772
3.58005
3.59044
3.5924
3.60149
3.61988
3.61877
3.61726
3.62065
3.62533
3.62549
3.61799
3.61591
3.61256
3.60946
3.59572
3.59653
3.60121
3.59397
3.58379
3.57237
3.56183
3.54639
3.5339
3.50524
3.4828
3.47731
3.46876
3.45975
3.44542
3.43333
3.41589
3.40361
3.38419
3.37637
3.37658
3.36521
3.35398
3.35225
3.34706
3.34744
3.34393
3.33503
3.32818
3.33569
3.34148
3.34895
3.35605
3.37379
3.38409
3.39369
3.40927
3.41236
3.42846
3.44756
3.47205
3.48875
3.49603
3.5162
3.5235
3.53279
3.54568
3.56064
3.58425
3.59126
3.59278
3.60967
3.61876
3.61764
3.6174
3.6224
3.62408
3.62508
3.61692
3.6143
3.61396
3.60637
3.59475
3.59729
3.60016
3.59164
3.58131
3.57106
3.55574
3.54766
3.52906
3.49852
3.48072
3.47821
3.46537
3.45732
3.44276
3.4297
3.41277
3.40008
3.38138
3.37651
3.37464
3.36136
3.35255
3.35055
3.34906
3.3464
3.3426
3.33257
3.32849
3.33751
3.3435
3.3498
3.35843
3.37924
3.38465
3.39639
3.41235
3.41344
3.43241
3.45128
3.47698
3.48902
3.49989
3.51869
3.5254
3.53532
3.54801
3.56505
3.58609
3.59207
3.59373
3.6145
3.61823
3.61778
3.61857
3.6234
3.62378
3.62356
3.61634
3.61315
3.61378
3.60331
3.59357
3.59958
3.5986
3.58983
3.57874
3.56942
3.55092
3.54566
3.52351
3.49392
3.47918
3.477
3.46278
3.45431
3.44016
3.42633
3.40999
3.39656
3.37877
3.37695
3.37207
3.35843
3.35077
3.35059
3.34911
3.34595
3.34273
3.32976
3.33011
3.33832
3.34517
3.35115
3.3603
3.38074
3.38679
3.39922
3.41388
3.41561
3.43727
3.45525
3.48211
3.48982
3.50457
3.51919
3.52755
3.53773
3.55049
3.57137
3.58597
3.59349
3.59526
3.61765
3.61762
3.61848
3.61758
3.62602
3.62392
3.62185
3.61603
3.61195
3.61295
3.60014
3.59428
3.59997
3.59809
3.58766
3.57601
3.56834
3.54871
3.54214
3.51901
3.48839
3.47826
3.47445
3.4608
3.45086
3.43777
3.423
3.40762
3.39273
3.37669
3.37818
3.36975
3.35627
3.3505
3.34771
3.34948
3.34519
3.34191
3.32836
3.33237
3.3397
3.34606
3.35288
3.36312
3.38103
3.38959
3.4013
3.4132
3.42092
3.44111
3.46061
3.4858
3.49143
3.50875
3.51929
3.53026
3.54077
3.55429
3.57703
3.58771
3.59348
3.59714
3.62043
3.61776
3.61855
3.61663
3.62763
3.62342
3.62067
3.61549
3.61193
3.61125
3.59759
3.59562
3.60033
3.59674
3.58551
3.57373
3.5655
3.54774
3.53789
3.51057
3.48484
3.4777
3.47183
3.45985
3.44827
3.43488
3.41968
3.40599
3.38726
3.37666
3.37764
3.36756
3.35503
3.35295
3.34596
3.34824
3.34402
3.33859
3.32805
3.33443
3.34074
3.34766
3.35396
3.36848
3.38286
3.39227
3.40567
3.41196
3.42523
3.44464
3.46729
3.48744
3.49365
3.51274
3.5218
3.53151
3.54372
3.55781
3.58129
3.58985
3.59354
3.6014
3.62085
3.61754
3.61865
3.61981
3.62635
3.62418
3.61903
3.6147
3.6136
3.60839
3.59592
3.59634
3.60125
3.59383
3.5831
3.57241
3.56119
3.54639
3.53371
3.50353
3.48334
3.47661
3.46919
3.45853
3.44589
3.43205
3.41615
3.40248
3.38432
3.37596
3.37657
3.36462
3.354
3.35184
3.34773
3.34713
3.34387
3.3345
3.32835
3.33579
3.34181
3.34901
3.35666
3.37469
3.38395
3.39435
3.40936
3.41298
3.42868
3.44841
3.47256
3.48911
3.49647
3.51668
3.52384
3.53301
3.54632
3.56063
3.58543
3.59056
3.59375
3.60957
3.61994
3.61652
3.6187
3.6211
3.62531
3.62368
3.61795
3.61312
3.61482
3.60532
3.59501
3.59751
3.59984
3.5916
3.58063
3.57091
3.55481
3.54745
3.52879
3.49697
3.4813
3.47707
3.46591
3.45604
3.44317
3.42841
3.41312
3.39896
3.38143
3.37636
3.37434
3.36072
3.35257
3.35047
3.34926
3.34617
3.34259
3.33206
3.32886
3.33766
3.34393
3.34976
3.35884
3.37988
3.3845
3.39714
3.41249
3.41387
3.43279
3.45209
3.47751
3.4894
3.50045
3.51876
3.52567
3.53554
3.54872
3.56533
3.58716
3.59133
3.5949
3.61389
3.61924
3.61663
3.62039
3.62218
3.62514
3.62199
3.61745
3.61193
3.61443
3.60234
3.59375
3.59974
3.59834
3.58984
3.57802
3.56931
3.55066
3.54465
3.52357
3.49223
3.48014
3.47556
3.46349
3.45281
3.4407
3.42502
3.41037
3.39545
3.37884
3.37677
3.37204
3.35791
3.35063
3.35034
3.34929
3.34578
3.343
3.32927
3.33064
3.3382
3.34556
3.3513
3.36063
3.38089
3.38691
3.40001
3.4134
3.41664
3.43761
3.45618
3.48252
3.49015
3.5051
3.51936
3.52821
3.53786
3.55112
3.57216
3.5866
3.59274
3.59641
3.61705
3.61877
3.6174
3.61871
3.62518
3.62521
3.62027
3.61714
3.61107
3.61346
3.59911
3.59492
3.59982
3.59794
3.58774
3.57532
3.5684
3.54866
3.54101
3.51894
3.48682
3.47909
3.47302
3.46154
3.44947
3.43815
3.42175
3.40812
3.39156
3.37697
3.3779
3.36972
3.35584
3.35125
3.34698
3.34962
3.34491
3.34177
3.32801
3.3329
3.3398
3.34632
3.35278
3.36396
3.38138
3.38964
3.40225
3.41237
3.42214
3.44126
3.46209
3.48599
3.49177
3.50937
3.51933
3.53046
3.54133
3.55519
3.57707
3.58876
3.59256
3.59855
3.61967
3.61896
3.61724
3.61799
3.62628
3.62479
3.61931
3.61655
3.61109
3.61165
3.59692
3.59611
3.60066
3.59603
3.58548
3.57327
3.56483
3.54773
3.53674
3.51018
3.48388
3.47836
3.47044
3.46049
3.44718
3.43525
3.4185
3.40612
3.38626
3.37695
3.37738
3.36727
3.3546
3.35308
3.3458
3.34828
3.34415
3.33778
3.32804
3.33483
3.34076
3.34799
3.35403
3.3694
3.38348
3.39214
3.40674
3.41159
3.42602
3.44487
3.46832
3.48754
3.49409
3.51329
3.52214
3.53178
3.54373
3.55867
3.58134
3.59075
3.59281
3.60371
3.61946
3.61852
3.61739
3.62146
3.62475
3.62544
3.61756
3.61569
3.6129
3.60857
3.59528
3.59656
3.60113
3.59322
3.58308
3.57205
3.56057
3.54683
3.5324
3.50318
3.48219
3.47792
3.46774
3.45904
3.44476
3.43227
3.41493
3.40259
3.38352
3.37602
3.37617
3.36432
3.35365
3.35164
3.34795
3.34708
3.34348
3.33425
3.32818
3.33622
3.34177
3.34941
3.35692
3.3756
3.38418
3.39425
3.41015
3.41283
3.42961
3.44864
3.47346
3.48912
3.49699
3.51712
3.52399
3.53349
3.54633
3.56172
3.585
3.59143
3.59282
3.6115
3.61884
3.61779
3.61741
3.62252
3.62383
3.62476
3.61659
3.61402
3.61408
3.60545
3.59445
3.59805
3.59965
3.59103
3.58057
3.5705
3.55392
3.5475
3.52732
3.49709
3.48005
3.47811
3.46456
3.45659
3.44188
3.4287
3.41194
3.39905
3.38058
3.37666
3.37359
3.36039
3.35216
3.3506
3.34911
3.34624
3.34223
3.33174
3.32887
3.33801
3.344
3.35004
3.35891
3.38048
3.38483
3.3971
3.41335
3.41355
3.43383
3.45228
3.47842
3.48952
3.50116
3.51874
3.52577
3.53612
3.54868
3.56659
3.5866
3.59233
3.59418
3.61541
3.61793
3.61795
3.61923
3.62385
3.62383
3.62309
3.61614
3.61257
3.61363
3.60243
3.59326
3.60014
3.59836
3.58925
3.57783
3.56913
3.5501
3.54462
3.52223
3.4923
3.47908
3.47621
3.46223
3.45327
3.43949
3.42536
3.40922
3.39553
3.37806
3.37707
3.37138
3.35782
3.35034
3.35021
3.34909
3.34576
3.34289
3.32905
3.33079
3.33842
3.34557
3.3518
3.36066
3.38084
3.38762
3.39986
3.41368
3.41691
3.4385
3.45663
3.4832
3.49023
3.50568
3.51935
3.52865
3.5384
3.55112
3.57371
3.58599
3.59361
3.59569
3.61858
3.6175
3.6187
3.61741
3.62688
3.62377
3.62139
3.61587
3.61197
3.61255
3.59903
3.59492
3.59984
3.59812
3.58714
3.57523
3.56843
3.54835
3.54065
3.51721
3.48699
3.4781
3.47373
3.46041
3.45005
3.43688
3.42217
3.4071
3.39155
3.37646
3.37794
3.36932
3.35594
3.35148
3.34659
3.34939
3.34493
3.34124
3.32802
3.33306
3.34007
3.34643
3.35304
3.36458
3.3815
3.39038
3.40244
3.41233
3.4226
3.44198
3.46307
3.48627
3.49197
3.50988
3.51975
3.53045
3.54217
3.5553
3.57822
3.58838
3.59339
3.59793
3.62111
3.61772
3.61851
3.61672
3.62769
3.62351
3.62046
3.61537
3.61212
3.61065
3.59716
3.596
3.60088
3.59581
3.58482
3.57326
3.56421
3.54713
3.53672
3.50848
3.48452
3.47725
3.47087
3.4595
3.44767
3.43412
3.41872
3.40495
3.38634
3.37663
3.37741
3.36672
3.35474
3.35277
3.3459
3.34804
3.34457
3.3368
3.32829
3.33478
3.34114
3.34801
3.35448
3.3702
3.38368
3.39275
3.40707
3.41193
3.42615
3.44569
3.46885
3.48798
3.49443
3.51383
3.52258
3.53166
3.54441
3.55858
3.58256
3.59011
3.59387
3.60393
3.62038
3.61709
3.61877
3.6204
3.62589
3.62399
3.61873
3.61436
3.61387
3.60753
3.59563
3.59628
3.60094
3.59311
3.58239
3.57209
3.55994
3.54665
3.53225
3.50147
3.48274
3.47708
3.4682
3.45775
3.44532
3.4309
3.41522
3.40144
3.3836
3.37577
3.37614
3.36368
3.35366
3.35123
3.34838
3.3468
3.34346
3.33375
3.32838
3.33629
3.34226
3.34936
3.35742
3.37643
3.38405
3.39495
3.41021
3.41343
3.42973
3.44949
3.47393
3.48948
3.49749
3.51749
3.52431
3.53369
3.54697
3.56189
3.58582
3.59082
3.59385
3.61123
3.6201
3.61633
3.61886
3.62131
3.62519
3.62313
3.61783
3.61289
3.61482
3.60445
3.59468
3.59822
3.59933
3.59106
3.5799
3.57036
3.55326
3.54706
3.52698
3.49573
3.48064
3.47693
3.46516
3.45526
3.44232
3.4274
3.4123
3.39794
3.38063
3.37651
3.37335
3.35965
3.35217
3.35057
3.34932
3.34606
3.34243
3.33111
3.32923
3.33792
3.34443
3.35001
3.35922
3.38102
3.38463
3.39789
3.41348
3.414
3.43443
3.45299
3.47888
3.48977
3.50184
3.51874
3.52611
3.53629
3.54926
3.56687
3.58725
3.59177
3.59543
3.61476
3.61901
3.6168
3.62062
3.62279
3.62515
3.6216
3.61719
3.61133
3.61421
3.6015
3.59373
3.60002
3.59807
3.58924
3.5772
3.56895
3.54996
3.54367
3.52227
3.49067
3.47995
3.47474
3.46289
3.45177
3.44003
3.42403
3.40962
3.39439
3.37813
3.37691
3.37137
3.35728
3.35049
3.3497
3.34923
3.34544
3.34303
3.32865
3.33126
3.33829
3.34592
3.3518
3.36118
3.38095
3.38769
3.40054
3.41327
3.41801
3.43876
3.45762
3.48349
3.49054
3.5062
3.51926
3.52929
3.53853
3.5519
3.57403
3.5869
3.59277
3.59699
3.61788
3.61876
3.61741
3.61877
3.62576
3.62503
3.61988
3.61688
3.6111
3.613
3.59792
3.59553
3.59969
3.59786
3.58716
3.57468
3.56814
3.54854
3.53954
3.51642
3.48565
3.47897
3.47238
3.46115
3.44884
3.43729
3.42097
3.40761
3.3902
3.3768
3.3777
3.3694
3.35567
3.35205
3.34605
3.34948
3.34466
3.34106
3.3278
3.33355
3.34002
3.34701
3.35297
3.36542
3.38186
3.39048
3.40347
3.41171
3.4237
3.44212
3.46446
3.48627
3.4924
3.51032
3.52016
3.53084
3.54231
3.5563
3.57827
3.5895
3.59248
3.5996
3.62005
3.61887
3.61716
3.6186
3.62632
3.62495
3.61898
3.61641
3.61162
3.61089
3.5965
3.59639
3.601
3.59518
3.58485
3.57284
3.56369
3.54694
3.53572
3.50823
3.48354
3.47795
3.46966
3.46038
3.44649
3.43444
3.41751
3.40509
3.38547
3.3768
3.37712
3.36647
3.35451
3.35275
3.34604
3.34798
3.34463
3.33622
3.32821
3.3351
3.34111
3.34838
3.35471
3.37127
3.38397
3.39275
3.40801
3.41176
3.42699
3.44599
3.46986
3.48809
3.49492
3.51439
3.52291
3.53191
3.54456
3.55947
3.58256
3.59101
3.59303
3.6063
3.61907
3.61812
3.61746
3.62206
3.62437
3.62525
3.61736
3.61514
3.6132
3.60778
3.59514
3.5965
3.60082
3.59258
3.58238
3.57177
3.55934
3.54696
3.53103
3.5012
3.48162
3.47819
3.46674
3.45834
3.44407
3.43121
3.41406
3.40159
3.38277
3.37618
3.37565
3.36321
3.35321
3.35115
3.34849
3.3468
3.34312
3.33356
3.32827
3.33672
3.34247
3.3496
3.35761
3.37727
3.38437
3.39497
3.41101
3.41333
3.43047
3.44977
3.47485
3.48921
3.49822
3.51779
3.52454
3.53422
3.54701
3.56299
3.58533
3.5918
3.59311
3.613
3.61864
3.61754
3.61778
3.62286
3.62383
3.62421
3.61651
3.61374
3.614
3.60458
3.59414
3.5987
3.59919
3.59056
3.57992
3.56997
3.55247
3.54729
3.5254
3.4959
3.47949
3.4778
3.46381
3.45573
3.44111
3.42773
3.41114
3.39804
3.37981
3.37681
3.37274
3.35945
3.3517
3.35073
3.34913
3.3461
3.34241
3.33073
3.32925
3.33816
3.3445
3.35036
3.35939
3.38085
3.38533
3.39794
3.41435
3.41373
3.43539
3.45331
3.47978
3.48975
3.50256
3.5188
3.52624
3.53682
3.54906
3.56822
3.58656
3.59286
3.5947
3.61628
3.61775
3.61812
3.61927
3.62447
3.62379
3.62266
3.61596
3.61192
3.61343
3.6016
3.59359
3.60008
3.59806
3.58864
3.57704
3.56875
3.54947
3.5436
3.52096
3.49071
3.47879
3.47553
3.46155
3.45226
3.43879
3.42437
3.40847
3.39445
3.37736
3.37727
3.37089
3.35713
3.35024
3.34946
3.34907
3.34546
3.34264
3.32881
3.3313
3.33859
3.3459
3.35211
3.36159
3.38087
3.3884
3.40049
3.41355
3.41839
3.43963
3.45813
3.4842
3.49065
3.50684
3.51928
3.5297
3.53904
3.55224
3.57522
3.5866
3.5936
3.59624
3.61937
3.61768
3.6186
3.61746
3.62725
3.62358
3.62094
3.61567
3.61197
3.61206
3.59815
3.59534
3.59962
3.59794
3.58656
3.57463
3.56754
3.54823
3.5394
3.51451
3.4859
3.47807
3.47303
3.46018
3.44934
3.43609
3.42124
3.40678
3.38973
3.37653
3.37792
3.36912
3.35551
3.35233
3.34602
3.34904
3.34456
3.34076
3.32777
3.33364
3.34031
3.34726
3.35322
3.36608
3.38192
3.39128
3.40376
3.41191
3.42404
3.44303
3.46505
3.48671
3.49266
3.5109
3.52066
3.53095
3.54293
3.55644
3.5795
3.58917
3.59332
3.59923
3.62116
3.61763
3.6184
3.61811
3.6275
3.6237
3.62001
3.61519
3.61282
3.60978
3.59673
3.5962
3.60115
3.59501
3.58417
3.5729
3.56306
3.54652
3.5357
3.50648
3.48413
3.47682
3.47033
3.45936
3.44695
3.43332
3.41768
3.40399
3.38546
3.37645
3.37713
3.36591
3.35448
3.35248
3.34652
3.34762
3.34458
3.33569
3.32838
3.33503
3.34143
3.34843
3.35533
3.37202
3.38387
3.3935
3.4081
3.41236
3.42717
3.44685
3.4704
3.48851
3.49519
3.51504
3.5232
3.5321
3.54526
3.55946
3.58378
3.59035
3.59374
3.60667
3.62005
3.61672
3.61876
3.62083
3.62569
3.62385
3.61852
3.61377
3.61416
3.6068
3.5955
3.5963
3.60068
3.59256
3.58173
3.57176
3.55815
3.54694
3.53088
3.49961
3.48216
3.47725
3.46718
3.45708
3.44447
3.4299
3.41438
3.40046
3.38271
3.37608
3.37557
3.36238
3.35319
3.35071
3.34891
3.34656
3.34313
3.33308
3.32852
3.33679
3.34303
3.34951
3.35808
3.37795
3.38425
3.39583
3.4111
3.41382
3.43075
3.4506
3.47537
3.48923
3.49878
3.5181
3.52494
3.53444
3.54768
3.56315
3.58629
3.59109
3.59427
3.61246
3.61972
3.61635
3.61927
3.62166
3.62516
3.62263
3.61761
3.61262
3.61468
3.60358
3.59431
3.59886
3.59886
3.59059
3.5793
3.56981
3.55195
3.54645
3.52528
3.49444
3.48032
3.47637
3.46441
3.45433
3.44161
3.42641
3.4115
3.39691
3.37987
3.37662
3.37264
3.35892
3.3516
3.35056
3.34928
3.3459
3.3427
3.33021
3.32959
3.33806
3.34492
3.35043
3.35983
3.38081
3.38552
3.3988
3.41394
3.41461
3.43568
3.45423
3.48035
3.48985
3.50335
3.51885
3.52664
3.53694
3.54989
3.56855
3.58715
3.59232
3.59588
3.61562
3.61888
3.61698
3.6202
3.62351
3.62521
3.62105
3.61717
3.61099
3.61394
3.60058
3.5941
3.59993
3.59781
3.58861
3.57647
3.56861
3.54935
3.54263
3.52107
3.48896
3.47955
3.47406
3.46227
3.45075
3.43936
3.42302
3.40891
3.3933
3.37745
3.37723
3.37084
3.35661
3.35045
3.34885
3.34935
3.34519
3.34256
3.32862
3.33176
3.33875
3.34612
3.35215
3.36223
3.38104
3.38849
3.40109
3.41307
3.41951
3.43989
3.45921
3.48456
3.49103
3.50745
3.51924
3.53008
3.53927
3.55347
3.57527
3.58773
3.59268
3.59753
3.61862
3.61894
3.61733
3.61855
3.62599
3.62492
3.61947
3.61675
3.61105
3.61244
3.59748
3.5957
3.59952
3.59752
3.58658
3.57408
3.56693
3.54821
3.53849
3.51371
3.48451
3.47892
3.47173
3.46091
3.44814
3.43644
3.41995
3.40731
3.38828
3.37686
3.37768
3.36872
3.35525
3.35288
3.34573
3.34887
3.34411
3.34067
3.32749
3.33405
3.34022
3.34755
3.35331
3.36697
3.38215
3.39137
3.4048
3.41156
3.42481
3.44325
3.46604
3.48677
3.49308
3.51152
3.52099
3.53124
3.54301
3.55728
3.57951
3.59026
3.59231
3.60089
3.61996
3.61876
3.61717
3.62013
3.62568
3.62526
3.61837
3.61611
3.61233
3.60991
3.59598
3.5965
3.60119
3.59435
3.58414
3.57254
3.56243
3.54656
3.53451
3.50615
3.48306
3.47749
3.46909
3.45998
3.44577
3.43368
3.41642
3.4041
3.38457
3.37653
3.37677
3.36562
3.35413
3.35243
3.34666
3.3476
3.34418
3.33541
3.3282
3.33547
3.34137
3.34877
3.35559
3.37291
3.38409
3.39343
3.40889
3.41217
3.42802
3.44707
3.47137
3.48857
3.49557
3.51579
3.52328
3.53249
3.54535
3.5603
3.58371
3.59119
3.59279
3.60877
3.6188
3.61774
3.61742
3.62231
3.62423
3.62513
3.61711
3.61449
3.61369
3.60689
3.59492
3.59691
3.60043
3.59195
3.58167
3.57134
3.55677
3.54748
3.5297
3.49937
3.48103
3.47827
3.46577
3.45765
3.44318
3.43017
3.41319
3.40056
3.38178
3.37643
3.37496
3.36192
3.35276
3.35054
3.34892
3.34656
3.34279
3.33289
3.32841
3.33718
3.34323
3.34972
3.35822
3.37861
3.38457
3.39597
3.41192
3.41342
3.43177
3.45081
3.4763
3.48902
3.49939
3.51841
3.52514
3.53496
3.54769
3.56435
3.58587
3.59197
3.59352
3.61404
3.61839
3.61768
3.61821
3.62323
3.62377
3.62374
3.61639
3.61338
3.61385
3.6037
3.59375
3.5993
3.59878
3.59004
3.57925
3.56952
3.55132
3.5462
3.52406
3.49466
3.47921
3.47722
3.46308
3.45483
3.44043
3.42676
3.41034
3.39702
3.37908
3.37689
3.37219
3.35876
3.35108
3.35065
3.3491
3.34598
3.34263
3.33004
3.32978
3.33827
3.34496
3.35087
3.36002
3.38071
3.38635
3.39884
3.41405
3.41495
3.43665
3.45462
3.48134
3.48977
3.5041
3.519
3.52695
3.53744
3.55008
3.57024
3.58621
3.59334
3.5951
3.61719
3.61766
3.61835
3.61831
3.62533
3.62394
3.62213
3.61603
3.61193
3.61309
3.6006
3.59401
3.60001
3.59805
3.58792
3.57639
3.56842
3.54892
3.5426
3.51971
3.48909
3.4784
3.4748
3.46102
3.4513
3.43812
3.42342
3.40785
3.39331
3.37679
3.3779
3.37017
3.35653
3.35027
3.3485
3.34931
3.34525
3.34214
3.32857
3.332
3.33932
3.34602
3.35259
3.36265
3.38094
3.38923
3.40098
3.41336
3.42001
3.44071
3.45981
3.48527
3.49118
3.50813
3.51928
3.53013
3.54001
3.55382
3.57646
3.58741
3.59352
3.59681
3.6201
3.61776
3.61861
3.61673
3.62752
3.62349
3.62074
3.61556
3.61193
3.61151
3.59777
3.59549
3.59996
3.59723
3.58587
3.57401
3.56615
3.54789
3.53847
3.51167
3.48497
3.47793
3.47225
3.45994
3.44861
3.43526
3.42015
3.4064
3.38789
3.3766
3.37774
3.36801
3.35524
3.35295
3.3459
3.34843
3.34395
3.33946
3.32789
3.33418
3.34056
3.34754
3.35375
3.36771
3.38236
3.39205
3.40506
3.41195
3.42484
3.44411
3.46657
3.48718
3.49332
3.51217
3.52142
3.53128
3.54351
3.55732
3.5807
3.5897
3.59332
3.60049
3.62101
3.61757
3.61856
3.61934
3.62668
3.62417
3.61924
3.61482
3.61341
3.60878
3.59615
3.59628
3.60123
3.59418
3.58341
3.57255
3.56176
3.54612
3.53441
3.50446
3.4836
3.47632
3.46965
3.45886
3.44621
3.43253
3.41657
3.40295
3.38461
3.37611
3.37675
3.36502
3.35413
3.3521
3.34725
3.3473
3.34407
3.33486
3.32834
3.33553
3.34167
3.3488
3.35623
3.37384
3.38389
3.39408
3.40893
3.41275
3.42817
3.44789
3.47188
3.48892
3.496
3.51624
3.5236
3.53267
3.546
3.5602
3.58493
3.59048
3.59372
3.60868
3.61992
3.61642
3.6187
3.62103
3.62543
3.62374
3.61816
3.61325
3.61477
3.60573
3.59514
3.59712
3.60008
3.59187
3.58095
3.57118
3.55568
3.5474
3.52952
3.49774
3.48156
3.47714
3.46627
3.45637
3.44357
3.42887
3.41349
3.39943
3.3818
3.37628
3.37482
3.36114
3.35273
3.35042
3.34924
3.34626
3.34276
3.33241
3.32868
3.33736
3.34369
3.34965
3.35859
3.37931
3.3844
3.3968
3.41202
3.41381
3.43215
3.4516
3.47683
3.48916
3.49988
3.51871
3.52551
3.53518
3.54837
3.5646
3.58677
3.59127
3.59471
3.61346
3.61939
3.61655
3.61992
3.62205
3.62514
3.62221
3.61754
3.61218
3.61451
3.60274
3.59389
3.59947
3.59845
3.59011
3.57845
3.56945
3.55104
3.5452
3.52412
3.493
3.48016
3.47585
3.46374
3.4533
3.44101
3.42546
3.41073
3.39592
3.37916
3.37672
3.37229
3.35821
3.35095
3.35043
3.34929
3.34581
3.34291
3.32958
3.33032
3.33815
3.34536
3.35101
3.36045
3.38082
3.38651
3.39964
3.41351
3.41602
3.43701
3.45557
3.48198
3.48995
3.50457
3.51918
3.5277
3.53756
3.55088
3.57094
3.58665
3.59266
3.59626
3.61659
3.61881
3.61724
3.61885
3.62471
3.62527
3.62052
3.61719
3.61105
3.61363
3.5996
3.59462
3.59987
3.59792
3.58795
3.57571
3.56841
3.54882
3.54169
3.51959
3.4875
3.47919
3.47335
3.46176
3.44984
3.43866
3.42207
3.4084
3.39207
3.37709
3.37793
3.36996
3.35603
3.35077
3.34747
3.34968
3.34503
3.34206
3.32819
3.33257
3.33956
3.34622
3.35272
3.36329
3.38116
3.38928
3.40173
3.41281
3.42135
3.44084
3.46093
3.48567
3.49156
3.50878
3.51925
3.53038
3.54061
3.55473
3.57652
3.58846
3.59261
3.59819
3.61934
3.61896
3.61727
3.61797
3.62627
3.62476
3.61938
3.61661
3.61107
3.6119
3.5971
3.59592
3.60031
3.59649
3.58582
3.57348
3.56548
3.54792
3.53735
3.51117
3.48401
3.47857
3.47087
3.46067
3.44744
3.4356
3.41894
3.4066
3.38676
3.37693
3.37747
3.36768
3.35487
3.35309
3.34583
3.34838
3.34391
3.33866
3.32791
3.33462
3.34058
3.34784
3.35381
3.36861
3.38306
3.39193
3.4061
3.4116
3.42561
3.44439
3.4676
3.48729
3.49376
3.51277
3.52177
3.53166
3.54348
3.55829
3.58074
3.59062
3.59265
3.60255
3.61969
3.61873
3.61737
3.6212
3.62496
3.62551
3.61774
3.61578
3.61277
3.60899
3.59546
3.59659
3.60125
3.59357
3.58342
3.57221
3.56116
3.54667
3.53309
3.50416
3.48248
3.47764
3.46823
3.45939
3.44504
3.43279
3.41539
3.40308
3.38385
3.37619
3.37636
3.36474
3.35381
3.35195
3.34763
3.34724
3.34369
3.33461
3.32818
3.33599
3.34164
3.3492
3.35654
3.37478
3.38416
3.394
3.40976
3.41263
3.42905
3.44817
3.47283
3.48897
3.49657
3.51672
3.52378
3.53318
3.54604
3.56115
3.58481
3.59135
3.59282
3.6107
3.61879
3.61775
3.6174
3.62247
3.62394
3.62501
3.61669
3.61413
3.61405
3.60587
3.59461
3.59773
3.59988
3.59131
3.58092
3.57076
3.55472
3.5477
3.52818
3.49767
3.48039
3.47815
3.46494
3.45694
3.44229
3.42917
3.41234
3.39954
3.38096
3.37661
3.37409
3.36086
3.35236
3.35062
3.34909
3.34629
3.34241
3.33217
3.3287
3.33786
3.34377
3.34993
3.35873
3.3799
3.38477
3.39679
3.4129
3.41351
3.43316
3.45185
3.47777
3.48929
3.50055
3.51877
3.52559
3.53574
3.54842
3.5659
3.58651
3.59215
3.59395
3.61501
3.61805
3.61788
3.61908
3.62357
3.62378
3.6233
3.61625
3.61285
3.6137
3.60284
3.59341
3.59988
3.59846
3.58953
3.57823
3.56928
3.55046
3.54504
3.52285
3.49304
3.47915
3.47666
3.46248
3.45374
3.4398
3.42581
3.40957
3.39601
3.37839
3.37701
3.37178
3.35808
3.35039
3.35048
3.34911
3.34591
3.34283
3.32939
3.33049
3.33838
3.3454
3.35149
3.36052
3.3808
3.38726
3.39964
3.41376
3.41633
3.43796
3.45597
3.48275
3.49005
3.50518
3.51941
3.52814
3.53808
3.55077
3.5728
3.58589
3.59359
3.59543
3.61818
3.61758
3.61866
3.61737
3.62657
3.62385
3.62157
3.61598
3.61197
3.61276
3.59957
3.59464
3.59991
3.59812
3.58741
3.57555
3.56834
3.54853
3.54133
3.51828
3.48758
3.47815
3.47406
3.46056
3.45041
3.43725
3.42255
3.40734
3.39208
3.37658
3.37813
3.36948
3.35602
3.35108
3.34709
3.34944
3.34504
3.34157
3.32815
3.33275
3.33997
3.34617
3.35296
3.36391
3.38128
3.39
3.4019
3.41269
3.42186
3.4416
3.46194
3.48617
3.49169
3.50945
3.51938
3.53035
3.54161
3.55483
3.57768
3.58806
3.59344
3.59755
3.62082
3.61776
3.61851
3.61664
3.62766
3.62345
3.62059
3.61543
3.61196
3.61097
3.59738
3.59585
3.60072
3.59621
3.58513
3.57348
3.56475
3.5475
3.5372
3.50942
3.48468
3.47746
3.47132
3.45964
3.44796
3.43448
3.41916
3.40545
3.38668
3.37669
3.37753
3.3671
3.35473
3.35294
3.34593
3.34814
3.34431
3.33757
3.3282
3.33467
3.34095
3.34784
3.35421
3.3694
3.38334
3.39251
3.40641
3.41196
3.42572
3.4452
3.46814
3.48773
3.49404
3.51334
3.52222
3.53165
3.54403
3.55825
3.582
3.59
3.59373
3.60276
3.62059
3.61729
3.61869
3.62012
3.6261
3.62409
3.61883
3.6146
3.61374
3.60791
3.59571
3.59632
3.60112
3.59343
3.58271
3.57223
3.56051
3.54657
3.5329
3.5024
3.48303
3.47691
3.46863
3.45811
3.44558
3.43142
3.41564
3.40191
3.38395
3.37575
3.37636
3.36412
3.35382
3.35147
3.34813
3.34694
3.34363
3.33408
3.32835
3.33607
3.34196
3.34927
3.3571
3.37566
3.38396
3.39465
3.40981
3.41321
3.42933
3.44897
3.47329
3.48929
3.49696
3.51715
3.52408
3.53337
3.54665
3.56129
3.58566
3.59065
3.59376
3.6105
3.62001
3.61656
3.61872
3.62116
3.62519
3.6234
3.61783
3.61301
3.61485
3.60483
3.59482
3.5979
3.59955
3.59129
3.58022
3.5706
3.55391
3.5472
3.52782
3.49627
3.48092
3.47702
3.46549
3.45562
3.44269
3.42785
3.41266
3.3984
3.38098
3.37644
3.37377
3.36017
3.35235
3.35046
3.34929
3.34611
3.34238
3.33156
3.32906
3.33784
3.3442
3.34988
3.35905
3.38058
3.38456
3.39751
3.41302
3.41393
3.43359
3.45258
3.47826
3.48966
3.50117
3.51872
3.52588
3.53597
3.54904
3.56614
3.58727
3.59153
3.59517
3.61435
3.6191
3.61671
3.62056
3.6225
3.62519
3.62174
3.61733
3.61162
3.61434
3.60187
3.59357
3.60005
3.59821
3.58952
3.57756
3.56913
3.55025
3.54413
3.52286
3.49136
3.48006
3.47505
3.4632
3.45225
3.44034
3.42449
3.40996
3.39489
3.37845
3.37684
3.37157
3.35761
3.35055
3.35003
3.34926
3.34561
3.34307
3.32887
3.33099
3.33824
3.34575
3.35166
3.36079
3.38094
3.38734
3.40027
3.41331
3.41734
3.43824
3.45694
3.48305
3.49036
3.50569
3.51931
3.5288
3.53822
3.55152
3.57323
3.58671
3.59276
3.59672
3.6175
3.61869
3.61745
3.61875
3.62553
3.62512
3.62007
3.61701
3.61108
3.61322
3.59849
3.59525
3.59975
3.59793
3.58743
3.57494
3.5685
3.54847
3.54021
3.51768
3.48616
3.47903
3.47264
3.46129
3.44913
3.43767
3.42136
3.40781
3.39097
3.3768
3.37772
3.36951
3.35576
3.3517
3.34641
3.34956
3.34478
3.34138
3.32787
3.33325
3.3399
3.34663
3.35288
3.36474
3.38166
3.39007
3.40287
3.41194
3.42301
3.44171
3.46341
3.48611
3.49209
3.50989
3.51974
3.53058
3.54196
3.55575
3.57769
3.58914
3.59251
3.59899
3.62
3.61891
3.61723
3.61809
3.62632
3.62487
3.61916
3.61647
3.61129
3.61127
3.59667
3.59628
3.60085
3.59555
3.58513
3.57303
3.5642
3.5473
3.53616
3.5091
3.4837
3.47813
3.46992
3.46037
3.44683
3.43483
3.41798
3.40553
3.38587
3.37687
3.37723
3.36683
3.35459
3.35289
3.34577
3.34816
3.34445
3.33688
3.32814
3.33496
3.34098
3.34819
3.35435
3.37032
3.38389
3.39242
3.40751
3.41156
3.42653
3.44544
3.46914
3.48783
3.49455
3.51386
3.52254
3.53181
3.54417
3.55906
3.58199
3.59089
3.59296
3.60508
3.61922
3.61829
3.61747
3.62179
3.6245
3.62531
3.61744
3.61541
3.61306
3.60813
3.59518
3.59651
3.60093
3.59285
3.58269
3.5719
3.5599
3.54692
3.53166
3.50209
3.48187
3.47811
3.46721
3.45865
3.44445
3.43167
3.41443
3.40205
3.38311
3.37604
3.3759
3.36382
3.35344
3.35137
3.34823
3.34692
3.34328
3.33387
3.32821
3.33649
3.34212
3.34953
3.3573
3.3765
3.38429
3.3946
3.41062
3.41308
3.43008
3.44925
3.4742
3.48935
3.49761
3.51752
3.52425
3.53387
3.54669
3.56242
3.58518
3.59163
3.59292
3.61235
3.61894
3.61753
3.61757
3.6227
3.62382
3.62445
3.6166
3.61388
3.61405
3.60499
3.5943
3.59842
3.5994
3.59077
3.58021
3.57022
3.55312
3.54738
3.52632
3.49648
3.4797
3.47802
3.46416
3.45617
3.44144
3.42818
3.41151
3.39851
3.38017
3.37675
3.37311
3.35978
3.35195
3.35072
3.34915
3.34618
3.34227
3.33122
3.32907
3.3381
3.34427
3.35019
3.35912
3.38097
3.38494
3.39754
3.41389
3.41364
3.43481
3.45276
3.47913
3.48964
3.50194
3.51876
3.52603
3.5365
3.54893
3.56745
3.58657
3.59262
3.59448
3.61588
3.61783
3.61805
3.6193
3.62418
3.62379
3.62292
3.61599
3.61223
3.61349
3.60199
3.59342
3.60013
3.59821
3.58893
3.5774
3.56892
3.54976
3.54408
3.52154
3.4915
3.47895
3.47585
3.46186
3.45272
3.43911
3.42483
3.40881
3.39495
3.37768
3.37716
3.37112
3.35745
3.35028
3.34983
3.34905
3.34557
3.34284
3.32879
3.3311
3.33847
3.34576
3.35198
3.3611
3.38085
3.38804
3.40017
3.41363
3.4177
3.43911
3.45742
3.48372
3.49044
3.50628
3.51929
3.52921
3.53876
3.55155
3.57463
3.58622
3.59362
3.596
3.61902
3.61758
3.61866
3.61743
3.62715
3.62367
3.62116
3.61573
3.61199
3.61231
3.59836
3.59526
3.59976
3.59805
3.58682
3.57491
3.56805
3.54841
3.53989
3.51572
3.4864
3.4781
3.47335
3.46028
3.44967
3.43647
3.42169
3.4069
3.39064
3.37648
3.37789
3.36921
3.3558
3.35192
3.34618
3.3493
3.34478
3.34089
3.32793
3.33341
3.3402
3.34687
3.35315
3.36538
3.38173
3.39086
3.40314
3.41206
3.42341
3.44246
3.46429
3.48646
3.49233
3.51038
3.52024
3.53075
3.54258
3.55593
3.5789
3.5888
3.59336
3.59862
3.62118
3.61767
3.61844
3.61732
3.62768
3.62361
3.62025
3.61531
3.61249
3.61021
3.59695
3.59614
3.60105
3.59538
3.58449
3.57303
3.56362
3.5467
3.53622
3.50744
3.48434
3.47703
3.47055
3.45953
3.44727
3.43367
3.41817
3.40444
3.38587
3.37655
3.37727
3.36629
3.35465
3.35261
3.3462
3.34784
3.34476
3.33604
3.32836
3.33493
3.3413
3.34823
3.3549
3.3713
3.38378
3.39314
3.40767
3.41215
3.42669
3.44632
3.46969
3.48827
3.49487
3.51445
3.52299
3.5318
3.54487
3.55905
3.58323
3.59025
3.59394
3.60536
3.62021
3.6169
3.61876
3.6207
3.62574
3.6239
3.61862
3.61406
3.61403
3.60713
3.59556
3.59628
3.60079
3.59281
3.58202
3.57192
3.55929
3.5467
3.53151
3.50044
3.48243
3.47718
3.46764
3.45739
3.44487
3.43036
3.41477
3.40092
3.38319
3.37594
3.37584
3.36298
3.35339
3.35099
3.34867
3.34667
3.34328
3.33339
3.32845
3.33656
3.34267
3.34944
3.35778
3.37733
3.38414
3.39538
3.41067
3.41372
3.43018
3.4501
3.47469
3.48935
3.49821
3.51781
3.52465
3.53409
3.54735
3.56255
3.58601
3.591
3.59408
3.61197
3.61978
3.61632
3.6191
3.62149
3.62519
3.62286
3.61773
3.61275
3.61475
3.60399
3.59449
3.59857
3.59907
3.59083
3.57958
3.57005
3.55252
3.54693
3.52592
3.49503
3.48041
3.47667
3.46475
3.45474
3.44194
3.42687
3.41187
3.39739
3.38021
3.37658
3.37293
3.35924
3.35187
3.35058
3.3493
3.34596
3.34259
3.33054
3.32944
3.33799
3.34469
3.35021
3.35953
3.3809
3.38508
3.39836
3.41403
3.4141
3.43512
3.45363
3.47964
3.48988
3.50257
3.51879
3.52635
3.53666
3.54944
3.56776
3.58724
3.59205
3.5957
3.61522
3.61892
3.61688
3.62056
3.62313
3.62515
3.62131
3.61715
3.61099
3.61412
3.60104
3.59392
3.59997
3.59788
3.58892
3.57678
3.56875
3.54963
3.5431
3.5216
3.48976
3.47976
3.47438
3.46255
3.45121
3.43966
3.42348
3.40922
3.3938
3.37775
3.37703
3.3711
3.3569
3.35045
3.34927
3.34926
3.34531
3.34279
3.32866
3.33148
3.33844
3.34608
3.35195
3.36174
3.38098
3.38811
3.40091
3.41318
3.41881
3.43936
3.45844
3.48406
3.49079
3.50686
3.51924
3.52985
3.53885
3.55269
3.57471
3.58734
3.59273
3.59727
3.61829
3.61888
3.61733
3.61878
3.62589
3.62493
3.61961
3.6168
3.61108
3.61271
3.59765
3.59563
3.59954
3.59773
3.58686
3.57436
3.56753
3.54837
3.53894
3.51503
3.48503
3.47893
3.47205
3.46102
3.44847
3.43683
3.42046
3.40746
3.38916
3.37684
3.37774
3.36925
3.35535
3.35253
3.34587
3.34917
3.3444
3.34091
3.32761
3.33383
3.34014
3.34744
3.35307
3.36624
3.38208
3.39097
3.40419
3.41154
3.42442
3.44277
3.46535
3.48655
3.49278
3.51093
3.52064
3.53109
3.54271
3.5569
3.57896
3.58993
3.59242
3.60032
3.62002
3.61882
3.61712
3.61952
3.62609
3.62507
3.6187
3.61628
3.612
3.61038
3.59625
3.59647
3.60113
3.59475
3.58449
3.57268
3.56304
3.54674
3.5351
3.50712
3.48331
3.47772
3.46939
3.46019
3.44612
3.43405
3.41694
3.40457
3.38499
3.37667
3.37695
3.36602
3.35431
3.3526
3.34641
3.34772
3.34442
3.3358
3.32822
3.33523
3.34127
3.34861
3.35521
3.37211
3.38407
3.39316
3.4085
3.41201
3.42754
3.4466
3.47069
3.48837
3.49528
3.51509
3.52314
3.53225
3.54501
3.55995
3.5832
3.59113
3.59281
3.60782
3.61889
3.61792
3.61746
3.62221
3.62431
3.62518
3.61726
3.61479
3.61336
3.60738
3.59507
3.59651
3.6007
3.59228
3.58203
3.57158
3.55803
3.54723
3.53032
3.50023
3.48132
3.47827
3.46621
3.45796
3.4436
3.43066
3.41361
3.40104
3.38222
3.37634
3.37533
3.3625
3.35298
3.35083
3.34876
3.34668
3.34295
3.3332
3.32835
3.33699
3.34289
3.34968
3.35796
3.37799
3.3845
3.39549
3.41151
3.41345
3.43112
3.45036
3.47564
3.48908
3.49888
3.51813
3.52488
3.53463
3.54738
3.56369
3.58565
3.5919
3.59333
3.61358
3.61854
3.61759
3.61797
3.62305
3.62379
3.62395
3.61639
3.61358
3.61393
3.6041
3.59393
3.59903
3.59896
3.59028
3.57957
3.56971
3.55179
3.54677
3.52462
3.49522
3.47937
3.47746
3.4634
3.45525
3.44072
3.42719
3.41071
3.39748
3.37941
3.37685
3.3724
3.35908
3.35137
3.3507
3.34911
3.34603
3.34253
3.33033
3.32944
3.33823
3.34476
3.35061
3.35973
3.38074
3.38585
3.39845
3.41428
3.4143
3.43604
3.45401
3.48061
3.48973
3.50346
3.51888
3.52657
3.53715
3.54958
3.56915
3.58646
3.59318
3.59491
3.61675
3.61769
3.61824
3.61884
3.62492
3.62386
3.62236
3.61599
3.61191
3.61323
3.60105
3.5938
3.60004
3.59799
3.58827
3.57669
3.56857
3.54916
3.54304
3.52036
3.48978
3.47856
3.47514
3.46124
3.45174
3.43843
3.42385
3.40809
3.39388
3.37701
3.37751
3.37057
3.35679
3.35024
3.34898
3.34918
3.34533
3.34236
3.32876
3.33162
3.33895
3.34595
3.35234
3.36216
3.38093
3.38885
3.40073
3.41344
3.41921
3.44024
3.45902
3.48478
3.49094
3.50753
3.51928
3.52998
3.53953
3.55315
3.57588
3.58705
3.59354
3.59654
3.61977
3.61775
3.6186
3.61716
3.62738
3.62356
3.62078
3.61562
3.61193
3.61176
3.59795
3.59542
3.59962
3.59769
3.58623
3.5743
3.56683
3.54803
3.5389
3.51294
3.4853
3.47806
3.47264
3.46006
3.44894
3.43565
3.42063
3.40663
3.38869
3.37658
3.37784
3.36851
3.35539
3.35276
3.34585
3.3487
3.34422
3.34043
3.32766
3.3339
3.3404
3.34739
3.3535
3.36695
3.38201
3.39176
3.40447
3.41193
3.42449
3.44359
3.46586
3.48696
3.49301
3.51159
3.52107
3.53112
3.54328
3.55688
3.58015
3.58954
3.5932
3.5999
3.62109
3.61755
3.61846
3.61882
3.62701
3.62393
3.61962
3.615
3.6132
3.60923
3.59641
3.59625
3.60121
3.59455
3.58376
3.57272
3.56236
3.5463
3.53502
3.50536
3.48386
3.47652
3.46998
3.4591
3.44655
3.43288
3.41708
3.40343
3.38498
3.37627
3.37693
3.36543
3.35428
3.35228
3.34682
3.34747
3.34431
3.33524
3.32836
3.33531
3.34155
3.34862
3.35578
3.37296
3.38388
3.39382
3.40854
3.41255
3.42772
3.4474
3.4712
3.48874
3.49554
3.51583
3.52336
3.53237
3.54566
3.55987
3.58439
3.59042
3.59372
3.60778
3.61995
3.61651
3.61871
3.62095
3.62559
3.62379
3.61835
3.61344
3.61451
3.60625
3.59531
3.59673
3.60036
3.59218
3.58131
3.57147
3.55669
3.54723
3.53015
3.49862
3.48184
3.47723
3.46666
3.45671
3.44397
3.42933
3.41389
3.3999
3.38219
3.3762
3.37514
3.3617
3.35293
3.35037
3.34911
3.34643
3.34294
3.33272
3.32859
3.33702
3.34344
3.34956
3.35838
3.37868
3.38433
3.39639
3.41158
3.41379
3.4315
3.45113
3.47615
3.48916
3.49937
3.51842
3.52525
3.53482
3.54804
3.56391
3.58655
3.59116
3.5945
3.613
3.61954
3.61645
3.61955
3.62187
3.62513
3.62239
3.6176
3.6124
3.61458
3.60312
3.59408
3.59918
3.59863
3.59032
3.57893
3.56957
3.55142
3.54576
3.52465
3.49377
3.48016
3.47607
3.46403
3.45382
3.44127
3.42589
3.41108
3.39637
3.37948
3.37666
3.37239
3.35855
3.35126
3.35049
3.34928
3.34584
3.34281
3.32987
3.32998
3.33809
3.34515
3.35072
3.36016
3.38078
3.38609
3.39925
3.41367
3.41537
3.43639
3.45494
3.48121
3.4899
3.50409
3.51899
3.52711
3.53727
3.55047
3.5698
3.58688
3.59251
3.59611
3.61613
3.61884
3.61711
3.61958
3.62399
3.6253
3.62079
3.6172
3.61102
3.61378
3.60006
3.59434
3.59991
3.59788
3.58821
3.57609
3.56848
3.54905
3.54214
3.52031
