-0.335894
0.0388352
0.0241965
0.0103977
0.0105374
0.00900355
0.00813501
0.00750269
0.00712319
0.00688258
0.00600935
0.00632895
0.00627404
0.00458389
0.00516999
0.00410133
0.00583365
0.00508703
0.00471151
0.00432308
0.00691155
0.00719454
0.00369527
0.00418258
0.0042479
0.00385575
0.00427753
0.00494661
0.00393001
0.00388869
0.00457509
0.0038112
0.0042969
0.00433322
0.00470414
0.00369407
0.00428825
0.00432921
0.00435662
0.00387446
0.00554568
0.00455666
0.0046776
0.0045215
0.00448814
0.00441456
0.00442643
0.00457305
0.00416182
0.00439958
0.00464323
0.00406191
0.0045902
0.00368684
0.00400681
0.0041011
0.00365401
0.0040237
0.00395046
0.00347288
0.00388814
0.00377352
0.00373116
0.00362441
0.00341334
0.00353587
0.0033554
0.00327864
0.00312819
0.00325865
0.00267364
0.00314388
0.00267836
0.00284031
0.0026303
0.0025501
0.00256681
0.00235773
0.00238839
0.00219621
0.00233022
0.00198596
0.00217657
0.00187372
0.00192289
0.00168156
0.00215446
0.00115137
0.00231848
0.0013732
0.00226581
0.00120558
0.00228012
0.00107063
0.0021585
0.00101478
0.00212036
0.00121691
0.00180887
0.00129964
0.0021311
0.00121032
0.00206547
0.00103438
0.0021963
0.000917742
0.00204479
0.00112065
0.00211663
0.00132396
0.00194999
0.00147936
0.00202358
0.00140562
0.00194603
0.00153608
0.00184416
0.00167115
0.00172581
0.00183236
0.00157713
0.0020008
0.00154978
0.00200714
0.001545
0.00185753
0.00168115
0.00188389
0.00176181
0.00200171
0.00171425
0.0018629
0.00176723
0.00171213
0.00183669
0.00170658
0.0016561
0.00178208
0.0016747
0.00167147
0.00157278
0.00162855
0.00163586
0.00138472
0.00155285
0.00148181
0.0015076
0.00153528
0.00156334
0.00139417
0.00135496
0.00130623
0.00130957
0.00125026
0.00129282
0.000984918
0.00107978
0.0010657
0.000902567
0.00103833
0.000965619
0.000891751
0.00088957
0.000764199
0.000772234
0.000657703
0.000662643
0.000568105
0.000584444
0.000472095
0.000491613
0.000373297
0.000333226
0.000237826
0.000250418
9.09196e-05
8.82309e-05
2.51388e-06
-1.39724e-05
-0.000124752
-0.000132581
-0.000259989
-0.000256739
-0.00037448
-0.000383902
-0.000504945
-0.000519343
-0.000592822
-0.000624342
-0.00068964
-0.000736051
-0.000856551
-0.000860551
-0.000945432
-0.00107253
-0.00114146
-0.00120174
-0.00122399
-0.00124739
-0.00133878
-0.00136401
-0.00144922
-0.00147256
-0.00155017
-0.00158366
-0.00165127
-0.00167532
-0.00172203
-0.00174079
-0.00194189
-0.00202237
-0.00179653
-0.00195964
-0.00191297
-0.00198837
-0.00212368
-0.00215087
-0.0021797
-0.00221439
-0.00221758
-0.00226303
-0.00227642
-0.00228629
-0.00230724
-0.00236778
-0.00235638
-0.00244501
-0.00240976
-0.00244692
-0.00237956
-0.00240964
-0.00243878
-0.00246772
-0.0023804
-0.00243205
-0.00237198
-0.00243078
-0.00232757
-0.00238247
-0.00229839
-0.00236079
-0.00226908
-0.00231856
-0.00216955
-0.00222746
-0.0021035
-0.00213282
-0.00203904
-0.00206974
-0.00195608
-0.00203903
-0.00196566
-0.00203723
-0.00188343
-0.00189222
-0.00166629
-0.00170138
-0.00152385
-0.00157781
-0.00140029
-0.00145861
-0.00127269
-0.00130749
-0.00111961
-0.00116277
-0.000970841
-0.00100878
-0.000817267
-0.000854555
-0.000643325
-0.000677438
-0.000459933
-0.000481874
-0.000276933
-0.000370153
-0.000245993
-0.000254019
-2.95495e-07
-7.17967e-06
0.000263921
0.000263057
0.000555899
0.00053875
0.000767285
0.000694583
0.000841746
0.000779981
0.0010198
0.00101705
0.00122269
0.00122165
0.00141066
0.00138109
0.00159474
0.00159954
0.00178251
0.00178919
0.00195374
0.0019581
0.0021332
0.00215206
0.00228134
0.00229871
0.0024365
0.00246923
0.00259913
0.00263401
0.00274222
0.00276999
0.0028539
0.00288111
0.00295926
0.0029979
0.00305899
0.00309568
0.00316718
0.00325339
0.00330555
0.0033634
0.00338395
0.00344602
0.00345278
0.00352243
0.00349957
0.00356552
0.00350047
0.0035707
0.00352131
0.00358863
0.0035172
0.00358924
0.0034975
0.00358836
0.00349434
0.00358365
0.00347029
0.00354874
0.00340529
0.00349137
0.00332749
0.00341613
0.00326511
0.00335719
0.00315914
0.00330275
0.00310845
0.00322953
0.0029935
0.00308922
0.002844
0.00294108
0.00268678
0.00280706
0.00253213
0.00261515
0.00234525
0.00246314
0.0021876
0.0022393
0.00192248
0.00197957
0.0015635
0.00168875
0.00136459
0.0014764
0.00114233
0.0012369
0.000870333
0.000957344
0.000612263
0.00070975
0.000380422
0.000508356
0.000219321
0.000300231
-6.26486e-05
1.18687e-05
-0.000327486
-0.000261616
-0.000602981
-0.000529327
-0.000879517
-0.000805055
-0.00114501
-0.00107801
-0.00140946
-0.0013465
-0.00166428
-0.0016116
-0.00192138
-0.00186872
-0.00216755
-0.0021193
-0.00240296
-0.00235454
-0.00262568
-0.00261302
-0.0028785
-0.00284159
-0.00306432
-0.0030479
-0.00326754
-0.0032589
-0.00346077
-0.00345074
-0.00361693
-0.0036452
-0.00379897
-0.00380727
-0.00393906
-0.00394656
-0.00405591
-0.00409018
-0.00417495
-0.00419828
-0.00425645
-0.00429355
-0.0043244
-0.00436447
-0.00438896
-0.0044306
-0.00440931
-0.00446821
-0.00442249
-0.00446723
-0.00440312
-0.00450516
-0.00443071
-0.0045224
-0.0043896
-0.0044917
-0.00433224
-0.0044293
-0.00423641
-0.00432945
-0.00413394
-0.00425265
-0.00401459
-0.00413451
-0.00387913
-0.00400455
-0.00372138
-0.00385296
-0.00354644
-0.00369667
-0.00338078
-0.00351904
-0.00314442
-0.00327329
-0.00287147
-0.0029859
-0.00262376
-0.00277425
-0.00235913
-0.00252383
-0.00210236
-0.0022505
-0.00179376
-0.0019274
-0.00147192
-0.00164457
-0.00117474
-0.00134347
-0.000863286
-0.00101741
-0.000525702
-0.000670844
-0.00018509
-0.000337914
0.0001597
7.55177e-06
0.000471076
0.000250159
0.000748267
0.00058678
0.00107331
0.000920848
0.00141339
0.00126583
0.00173101
0.00156327
0.00200721
0.00184843
0.00229361
0.00218664
0.00263168
0.00250104
0.00291447
0.00279756
0.00319053
0.00308116
0.0034618
0.00335411
0.00370641
0.00360822
0.00393674
0.00384617
0.00414869
0.00406955
0.00434076
0.00427149
0.00451707
0.00442456
0.00467961
0.00469375
0.00488566
0.00486331
0.00501429
0.00498797
0.00511369
0.00509996
0.00519757
0.00518162
0.00522925
0.00525376
0.00526963
0.00528753
0.00527828
0.00533919
0.00530164
0.00528704
0.00511233
0.00522574
0.005104
0.00517822
0.00503278
0.00513516
0.00492347
0.00502428
0.00480847
0.00492143
0.00464853
0.0047882
0.00446529
0.00460252
0.00428126
0.00445261
0.00408219
0.00427704
0.00386728
0.00405193
0.00361089
0.00377909
0.00334455
0.00359817
0.00311733
0.00332129
0.00281851
0.00304254
0.00250864
0.00274701
0.00219115
0.00242769
0.00186014
0.00210335
0.00153374
0.00180888
0.00120493
0.00146636
0.000808709
0.00104616
0.000425343
0.000689921
7.74527e-05
0.000336273
-0.00029013
-2.23953e-05
-0.000641765
-0.000372617
-0.000982506
-0.000709224
-0.00136727
-0.0011237
-0.00174473
-0.00148317
-0.00210392
-0.00186295
-0.00243429
-0.0021709
-0.00271877
-0.00247057
-0.00296728
-0.00274765
-0.00326751
-0.00303749
-0.00352477
-0.00330806
-0.00378577
-0.00357783
-0.00403594
-0.00386113
-0.00424003
-0.00407758
-0.00446772
-0.00429204
-0.00463851
-0.00453644
-0.00482002
-0.00471542
-0.00495953
-0.00489386
-0.00511422
-0.0050477
-0.00517659
-0.00508304
-0.00516786
-0.00513189
-0.00519534
-0.00518189
-0.00521312
-0.00519382
-0.00519278
-0.00521637
-0.00511751
-0.00518011
-0.00510045
-0.00518827
-0.00502161
-0.00512184
-0.00491525
-0.00500668
-0.00470045
-0.00483061
-0.00451844
-0.00467146
-0.00431272
-0.00448599
-0.0040841
-0.00426902
-0.00382714
-0.00405006
-0.00357521
-0.00380767
-0.00329298
-0.0035204
-0.0029856
-0.00323326
-0.00268208
-0.00286676
-0.00230506
-0.00250923
-0.00194912
-0.00217562
-0.00160437
-0.00179678
-0.00119706
-0.00139641
-0.00081962
-0.00100976
-0.000410689
-0.0005891
1.46276e-05
-0.000175063
0.000435158
0.000247431
0.00083908
0.000662478
0.00124964
0.00106505
0.00166558
0.00149951
0.00208876
0.00192009
0.00248956
0.00232947
0.00288104
0.00272171
0.00325755
0.0031033
0.0036193
0.00346753
0.0039596
0.0038181
0.00428429
0.00414157
0.00458531
0.00444534
0.00486132
0.00472527
0.00510954
0.00497762
0.00532895
0.00519939
0.00551597
0.00538768
0.00567046
0.00554294
0.00577271
0.00570098
0.00589855
0.00579973
0.00592773
0.00585178
0.00592323
0.00587153
0.00588423
0.00586047
0.00580233
0.00580166
0.00568609
0.00571258
0.00553197
0.00558586
0.00534187
0.00541489
0.00513068
0.00519177
0.00487955
0.0049383
0.00459149
0.00465166
0.00426938
0.00433281
0.00391428
0.00398316
0.00352751
0.00360358
0.00311952
0.00320259
0.00268234
0.00277688
0.00222391
0.00232804
0.00175405
0.00186772
0.00126505
0.00139091
0.000765221
0.000902927
0.000258003
0.000407841
-0.000251275
-8.86645e-05
-0.00075953
-0.000583974
-0.0012636
-0.00107331
-0.00175757
-0.00155507
-0.00223937
-0.00202232
-0.00270783
-0.00247478
-0.0031534
-0.00290547
-0.00357337
-0.00331135
-0.00396927
-0.00369136
-0.00433259
-0.00404011
-0.0046617
-0.00436215
-0.00495549
-0.00463412
-0.00520898
-0.00487389
-0.00541606
-0.00507822
-0.00557576
-0.00524326
-0.00568838
-0.00536615
-0.00575342
-0.00544097
-0.00576313
-0.00547357
-0.00571725
-0.0054391
-0.00567944
-0.00544367
-0.00554827
-0.00531968
-0.00536321
-0.00516796
-0.00513331
-0.00496908
-0.00486235
-0.00472924
-0.00455108
-0.00444974
-0.00419854
-0.00413417
-0.00381508
-0.00378194
-0.0033934
-0.00338945
-0.00294439
-0.00297797
-0.00246404
-0.00253296
-0.0019612
-0.00206414
-0.00143707
-0.00156315
-0.000905961
-0.00107441
-0.000357908
-0.000557183
0.000198516
-3.68273e-05
0.00075038
0.00048782
0.00130793
0.00102616
0.00185063
0.00153703
0.00238577
0.00205588
0.00290798
0.00254937
0.00340845
0.00302829
0.00387647
0.00349143
0.00432148
0.00390065
0.00475516
0.00440928
0.00513968
0.00471214
0.00537693
0.00492387
0.00559911
0.0052419
0.00582804
0.00548653
0.00595941
0.00575551
0.00624192
0.00596308
0.00635439
0.00602781
0.00633609
0.00610483
0.00641867
0.0061302
0.00636515
0.00608153
0.00621591
0.00594162
0.00606157
0.00580525
0.00588214
0.00560758
0.005625
0.00533577
0.00531624
0.00503508
0.00501721
0.00465505
0.0046357
0.00418709
0.00410804
0.00370207
0.00368755
0.00327024
0.00317825
0.00274012
0.00255489
0.00218181
0.00197393
0.00160068
0.00136489
0.000991906
0.000706363
0.000398424
0.000122336
-0.000201474
-0.000554131
-0.000891236
-0.0012238
-0.00155491
-0.00193326
-0.00224525
-0.00270415
-0.00296601
-0.00330999
-0.00353726
-0.00383965
-0.00398174
-0.00435738
-0.00449583
-0.00486344
-0.0050343
-0.00552032
-0.00563245
-0.00606882
-0.00621043
-0.0065991
-0.0067154
-0.00708836
-0.00717864
-0.00753216
-0.00757915
-0.00788382
-0.00785247
-0.00820427
-0.00819147
-0.00851699
-0.00854504
-0.00880659
-0.00871437
-0.00901094
-0.00887508
-0.00910114
-0.00898261
-0.0091963
-0.00891285
-0.00911339
-0.00889783
-0.00904195
-0.00873533
-0.00886777
-0.00858838
-0.00852513
-0.00823374
-0.00830702
-0.00799927
-0.00797418
-0.00761826
-0.00756582
-0.00723628
-0.00711854
-0.00665775
-0.00662497
-0.00627566
-0.0061112
-0.00569208
-0.00549217
-0.00500718
-0.00469297
-0.00430735
-0.00403547
-0.00363467
-0.00328047
-0.00284463
-0.0025368
-0.00206857
-0.00171326
-0.00126049
-0.000889723
-0.00046659
-1.76316e-05
0.000476868
0.000971151
0.00150985
0.00196209
0.00237228
0.00293449
0.00321748
0.00363558
0.00391665
0.00443249
0.00469432
0.00520067
0.00557275
0.00607483
0.00637987
0.00678287
0.00715312
0.00786214
0.00811179
0.00863439
0.0087806
0.00936322
0.00954422
0.0100418
0.0101974
0.0107074
0.0108726
0.01133
0.0114951
0.0118491
0.0118934
0.0122632
0.0124212
0.0126715
0.0126735
0.0128701
0.0128448
0.0132786
0.0130705
0.0133481
0.0131945
0.0134424
0.013205
0.0133652
0.0131244
0.0133465
0.0131097
0.0132487
0.0129716
0.0129975
0.0125158
0.0123061
0.0120544
0.0120769
0.0116547
0.0114686
0.011057
0.0109272
0.0104355
0.0102528
0.0098078
0.00947219
0.00884753
0.00860377
0.00812352
0.00762949
0.00709759
0.00659166
0.00589366
0.00538741
0.00493245
0.0044176
0.00368132
0.00321916
0.00284027
0.00240149
0.00187313
0.0011864
0.000645889
-0.000219381
-0.00049189
-0.00132327
-0.00176924
-0.00265201
-0.00303498
-0.00401204
-0.00413762
-0.00515844
-0.00546386
-0.00643252
-0.00672926
-0.00789463
-0.00823027
-0.00894275
-0.00923023
-0.0105992
-0.0107095
-0.0115821
-0.0117179
-0.0125934
-0.0126004
-0.0136333
-0.0138464
-0.0148966
-0.014902
-0.0157735
-0.015778
-0.0166411
-0.0166529
-0.0174958
-0.0175574
-0.0181287
-0.0180513
-0.018615
-0.0184172
-0.0190523
-0.0189807
-0.019407
-0.0192099
-0.0192774
-0.0190604
-0.0194964
-0.0194358
-0.0196749
-0.0194679
-0.0196591
-0.0192888
-0.0191837
-0.0190459
-0.0187385
-0.0186442
-0.0182533
-0.0183789
-0.0174663
-0.0173848
-0.0167487
-0.0168997
-0.0156142
-0.0156175
-0.0142716
-0.0148021
-0.0136108
-0.0140296
-0.0122821
-0.0128919
-0.0108621
-0.0113934
-0.00932184
-0.0103884
-0.0080508
-0.00885091
-0.00625687
-0.00723214
-0.00444379
-0.00548225
-0.00279442
-0.00416289
-0.00113289
-0.00250332
0.000672046
-0.000372254
0.00268742
0.00105713
0.00433162
0.0032014
0.00665042
0.00526903
0.00851851
0.00715389
0.0104691
0.00886309
0.0124006
0.0110843
0.0144323
0.013052
0.016287
0.0145648
0.017796
0.0162281
0.0194746
0.0181585
0.0212655
0.0197846
0.022921
0.0214522
0.0244841
0.0229748
0.0253895
0.0235938
0.0266213
0.025004
0.0272499
0.0256688
0.028084
0.0265827
0.0286898
0.0273014
0.0291992
0.0278162
0.0295274
0.0284825
0.0297059
0.0287999
0.0296666
0.0280738
0.0292493
0.0280526
0.0285519
0.0277202
0.0277995
0.0270416
0.0266396
0.0259456
0.0256985
0.0251762
0.0250903
0.0242333
0.023318
0.0225262
0.0217873
0.0210423
0.0199078
0.0192218
0.0183987
0.0175784
0.0162249
0.0153938
0.0138415
0.0132459
0.0116666
0.0106993
0.00951064
0.00869629
0.00709733
0.00624198
0.0042339
0.00278914
0.00109919
-1.70783e-05
-0.00149046
-0.00267545
-0.00468917
-0.00600116
-0.00774648
-0.00893276
-0.0107632
-0.011409
-0.0132188
-0.0143355
-0.0161146
-0.0171057
-0.0187915
-0.0199038
-0.0217471
-0.0227217
-0.0244565
-0.0252769
-0.0273376
-0.0281331
-0.0292807
-0.0300645
-0.0315254
-0.032142
-0.0337222
-0.0343034
-0.0358253
-0.0362151
-0.0376058
-0.0380156
-0.0396315
-0.0401029
-0.0409742
-0.0403974
-0.041634
-0.0413084
-0.0422186
-0.0418174
-0.0428186
-0.0424113
-0.0428674
-0.0423092
-0.042888
-0.0420453
-0.0427762
-0.0421465
-0.0422666
-0.0408594
-0.0405327
-0.0395647
-0.0391088
-0.0385669
-0.0376563
-0.0370084
-0.0356156
-0.0349189
-0.0331847
-0.0325128
-0.0306091
-0.029911
-0.0281736
-0.0274638
-0.0252586
-0.025085
-0.0219228
-0.0219726
-0.018795
-0.0181519
-0.0143156
-0.0148069
-0.0106942
-0.0104046
-0.00658027
-0.00651805
-0.00234776
-0.00216396
0.00204433
0.0022884
0.00625873
0.0062303
0.0105989
0.0104566
0.0148533
0.0147571
0.0192598
0.0189033
0.0233103
0.0235651
0.0282595
0.0280071
0.0324774
0.0319987
0.0360782
0.0356262
0.040483
0.0392963
0.0437931
0.0430777
0.0473552
0.0467677
0.051375
0.0503585
0.0543364
0.0531754
0.0566475
0.0553941
0.0588606
0.0575872
0.0611583
0.0592499
0.0629516
0.0616459
0.0650869
0.0628546
0.0666598
0.0637999
0.066029
0.062853
0.065632
0.0624989
0.065368
0.0620495
0.0642132
0.0611885
0.0625317
0.0593385
0.0600987
0.0576854
0.0576813
0.0552277
0.054508
0.0513425
0.0508704
0.0491515
0.0475666
0.0450169
0.0426095
0.0407064
0.0380765
0.0358815
0.0333899
0.0303862
0.0267719
0.0243969
0.0213889
0.0187607
0.0149373
0.0122398
0.00751062
0.00502468
0.000452394
-0.00111947
-0.00507457
-0.0069512
-0.0114821
-0.0135966
-0.0189781
-0.0211651
-0.0262024
-0.0280794
-0.0333343
-0.0352006
-0.039977
-0.0415674
-0.0474519
-0.048817
-0.0540096
-0.0550854
-0.06066
-0.0618791
-0.0668411
-0.0682419
-0.0729805
-0.0741115
-0.0784969
-0.0788936
-0.0845087
-0.0850876
-0.088927
-0.0890233
-0.0928635
-0.0929605
-0.0967804
-0.0962912
-0.0997764
-0.0988506
-0.102059
-0.101292
-0.103856
-0.102846
-0.104861
-0.103235
-0.105165
-0.103337
-0.104714
-0.103087
-0.10384
-0.10065
-0.100107
-0.0977706
-0.0970013
-0.0934785
-0.0914505
-0.0896189
-0.0873689
-0.0843952
-0.0806977
-0.0781036
-0.0735245
-0.070507
-0.065289
-0.0633792
-0.0562229
-0.0533371
-0.0461844
-0.0438508
-0.0357235
-0.0328915
-0.0230231
-0.0205149
-0.0106733
-0.00784715
0.00193165
0.00409116
0.0129007
0.0162755
0.0277108
0.0303401
0.0412358
0.0443516
0.0553414
0.0576714
0.0665071
0.0699981
0.0795119
0.0830194
0.0953091
0.0979285
0.107252
0.110043
0.118131
0.121019
0.129212
0.131079
0.139465
0.141296
0.148753
0.150927
0.158455
0.159545
0.166617
0.166845
0.172247
0.170493
0.174849
0.173804
0.17884
0.177244
0.182219
0.180144
0.182867
0.179094
0.181889
0.176223
0.1767
0.170662
0.170822
0.163232
0.16535
0.156574
0.157997
0.150525
0.1477
0.137451
0.135139
0.124513
0.120205
0.110399
0.103285
0.0919309
0.0851874
0.0739631
0.0668513
0.0548568
0.0452612
0.0339724
0.0228739
0.0119497
-0.000539604
-0.0131462
-0.0254214
-0.038731
-0.0545852
-0.0658819
-0.0793239
-0.0919602
-0.107401
-0.121565
-0.133593
-0.148748
-0.159678
-0.174432
-0.186007
-0.199671
-0.209869
-0.225848
-0.235059
-0.247433
-0.256105
-0.267136
-0.274206
-0.287036
-0.2916
-0.299357
-0.304419
-0.312008
-0.313537
-0.317702
-0.320201
-0.324536
-0.326147
-0.328301
-0.328667
-0.332679
-0.330789
-0.327925
-0.32244
-0.321706
-0.315064
-0.312935
-0.303408
-0.29926
-0.288966
-0.283365
-0.272811
-0.266761
-0.2505
-0.24288
-0.226763
-0.217413
-0.200991
-0.189711
-0.172625
-0.161598
-0.14095
-0.127908
-0.11082
-0.0961307
-0.0762523
-0.063149
-0.0411062
-0.02473
-0.0111764
0.00774745
0.0262164
0.04574
0.0637481
0.0841033
0.101229
0.122387
0.140229
0.161892
0.177452
0.198582
0.212595
0.234073
0.252421
0.27306
0.287921
0.307517
0.318109
0.335943
0.349565
0.366437
0.377644
0.39287
0.403922
0.413522
0.422757
0.432703
0.441157
0.450561
0.458497
0.46375
0.464898
0.465794
0.468854
0.468126
0.469229
0.464062
0.457692
0.453274
0.447749
0.442043
0.433561
0.426497
0.416483
0.408417
0.39789
0.38456
0.368762
0.353336
0.337939
0.321553
0.307284
0.28324
0.264517
0.243284
0.221088
0.199618
0.178737
0.157649
0.136535
0.114032
0.0922082
0.0655963
0.0456872
0.0189471
-0.00496056
-0.0300212
-0.0514195
-0.070203
-0.0901774
-0.115496
-0.138336
-0.165238
-0.186238
-0.206827
-0.22563
-0.248271
-0.267932
-0.290464
-0.308608
-0.329532
-0.352943
-0.368715
-0.386036
-0.400548
-0.415847
-0.431829
-0.448314
-0.462227
-0.473571
-0.485434
-0.492095
-0.503927
-0.506696
-0.514295
-0.520835
-0.524778
-0.529537
-0.527852
-0.526114
-0.523711
-0.519179
-0.514028
-0.508288
-0.501586
-0.489865
-0.473855
-0.461911
-0.446909
-0.43391
-0.41728
-0.397058
-0.378752
-0.35782
-0.338986
-0.319292
-0.296262
-0.275579
-0.252463
-0.226152
-0.197779
-0.173285
-0.149792
-0.121674
-0.0930403
-0.0669663
-0.0413054
-0.0139035
0.0121051
0.0380174
0.0705221
0.0961714
0.121213
0.151486
0.171362
0.194766
0.21591
0.239682
0.263064
0.286285
0.306368
0.32699
0.348726
0.371784
0.39042
0.408028
0.42772
0.446519
0.463778
0.478405
0.49328
0.499943
0.512274
0.527047
0.537319
0.544418
0.550705
0.553739
0.559844
0.560937
0.566257
0.565375
0.564866
0.558148
0.555105
0.544643
0.533411
0.522609
0.509938
0.493252
0.477349
0.464801
0.442063
0.420349
0.397835
0.379198
0.34971
0.326759
0.304678
0.278982
0.255163
0.231275
0.20238
0.172611
0.146461
0.11783
0.0888204
0.056408
0.0280181
-0.000333697
-0.0297183
-0.0599672
-0.0899792
-0.115936
-0.15042
-0.175596
-0.201282
-0.232149
-0.25876
-0.27615
-0.300563
-0.322063
-0.342946
-0.363437
-0.382559
-0.399842
-0.422168
-0.438988
-0.456563
-0.48043
-0.495566
-0.509522
-0.523699
-0.535123
-0.545639
-0.553282
-0.563566
-0.570138
-0.580659
-0.582127
-0.586841
-0.588265
-0.586141
-0.582472
-0.582181
-0.576958
-0.576336
-0.561323
-0.550864
-0.535187
-0.523591
-0.508458
-0.490772
-0.472768
-0.449632
-0.432623
-0.406112
-0.379774
-0.356145
-0.333921
-0.303634
-0.277483
-0.251147
-0.221783
-0.196084
-0.166227
-0.137879
-0.109842
-0.0807143
-0.0468982
-0.0178244
0.012414
0.0436086
0.0766485
0.105088
0.134403
0.160721
0.19621
0.221209
0.24928
0.274969
0.300203
0.323395
0.34364
0.364868
0.38683
0.406867
0.422614
0.435732
0.458213
0.477419
0.493031
0.516419
0.523952
0.53881
0.55032
0.563141
0.570877
0.579422
0.58435
0.590102
0.592508
0.593916
0.593652
0.591311
0.586459
0.587563
0.579335
0.573783
0.564798
0.55407
0.538546
0.520231
0.505395
0.48697
0.470592
0.444789
0.424895
0.401364
0.377693
0.348822
0.325518
0.294809
0.266767
0.240433
0.209374
0.181925
0.153932
0.124149
0.0956909
0.0675943
0.0351836
0.00568164
-0.0277351
-0.0578478
-0.0917731
-0.122039
-0.147639
-0.174874
-0.208724
-0.240639
-0.266444
-0.285745
-0.313602
-0.341216
-0.358731
-0.379294
-0.401765
-0.420484
-0.437846
-0.452746
-0.469491
-0.490318
-0.505595
-0.525294
-0.535111
-0.550179
-0.560535
-0.573563
-0.582222
-0.58548
-0.589369
-0.592574
-0.596428
-0.595952
-0.592834
-0.592219
-0.592714
-0.585028
-0.576274
-0.574014
-0.562294
-0.550886
-0.532952
-0.515311
-0.499061
-0.48043
-0.46298
-0.436743
-0.415718
-0.393486
-0.369132
-0.339631
-0.314802
-0.284093
-0.255345
-0.229321
-0.196881
-0.169304
-0.140695
-0.111871
-0.0827433
-0.0553893
-0.0229917
0.00597393
0.0409334
0.0712534
0.105084
0.132871
0.159295
0.187777
0.220979
0.253187
0.275372
0.29609
0.325942
0.350748
0.369007
0.389376
0.411294
0.42976
0.446531
0.463489
0.477826
0.499393
0.513879
0.532455
0.540012
0.557211
0.566993
0.580691
0.58544
0.588119
0.591852
0.594974
0.596218
0.594927
0.593233
0.594651
0.591677
0.581528
0.57688
0.570436
0.55818
0.545964
0.527453
0.509975
0.493707
0.474761
0.455475
0.429435
0.407575
0.386324
0.362121
0.330577
0.305698
0.274834
0.245313
0.220516
0.186999
0.160393
0.129279
0.102865
0.0730733
0.0467959
0.0134505
-0.0166236
-0.0509371
-0.0819613
-0.113905
-0.141779
-0.16733
-0.198039
-0.231317
-0.260344
-0.28149
-0.30472
-0.335839
-0.356588
-0.375429
-0.395976
-0.418129
-0.435616
-0.452542
-0.46874
-0.48432
-0.504596
-0.519458
-0.537376
-0.543965
-0.561073
-0.571269
-0.584151
-0.586645
-0.58926
-0.593091
-0.596249
-0.595353
-0.595547
-0.594714
-0.594917
-0.589116
-0.579202
-0.576086
-0.56835
-0.554006
-0.540914
-0.522425
-0.504563
-0.489154
-0.470019
-0.447968
-0.423337
-0.402261
-0.379082
-0.354287
-0.323653
-0.298357
-0.266946
-0.237669
-0.211444
-0.179617
-0.15349
-0.121584
-0.0948382
-0.065889
-0.0379631
-0.00603996
0.0252952
0.0592013
0.0901586
0.120997
0.149156
0.174389
0.206491
0.239616
0.266193
0.286216
0.312588
0.343074
0.360122
0.381302
0.402246
0.422546
0.439693
0.457793
0.471663
0.489751
0.508442
0.523265
0.541351
0.547797
0.564241
0.574083
0.585511
0.587116
0.590277
0.593926
0.595903
0.595532
0.595638
0.595661
0.594138
0.586618
0.578984
0.573492
0.565841
0.551435
0.536082
0.518217
0.500457
0.484433
0.465764
0.441274
0.417931
0.397636
0.372812
0.346995
0.317382
0.291715
0.260173
0.232397
0.203778
0.172891
0.146921
0.115381
0.0896513
0.0584044
0.0306182
-0.000771437
-0.0328719
-0.0663702
-0.0971677
-0.12768
-0.154895
-0.181272
-0.214033
-0.247144
-0.271492
-0.290723
-0.318967
-0.348058
-0.364369
-0.385865
-0.406811
-0.425893
-0.443545
-0.461903
-0.47405
-0.494486
-0.511841
-0.525947
-0.54446
-0.55123
-0.566919
-0.577009
-0.585942
-0.587759
-0.591762
-0.593653
-0.595682
-0.595786
-0.595512
-0.595624
-0.592645
-0.584221
-0.578961
-0.571094
-0.562018
-0.549726
-0.53228
-0.514557
-0.497348
-0.479698
-0.461123
-0.436611
-0.413119
-0.393856
-0.367405
-0.340702
-0.311074
-0.285222
-0.25348
-0.227548
-0.195571
-0.167537
-0.139995
-0.110116
-0.0830379
-0.0525237
-0.0240808
0.00775398
0.0397913
0.0731072
0.103627
0.133849
0.15993
0.187823
0.220437
0.254396
0.274988
0.296184
0.324506
0.351864
0.368949
0.389937
0.41143
0.429389
0.447395
0.465421
0.47811
0.497664
0.51524
0.529314
0.545597
0.555306
0.56916
0.579688
0.586593
0.58817
0.592991
0.594514
0.595433
0.59518
0.59536
0.595203
0.592069
0.581357
0.578547
0.569558
0.559455
0.546825
0.528801
0.511254
0.494001
0.47579
0.457101
0.431348
0.408336
0.389153
0.362676
0.334453
0.306251
0.278362
0.246736
0.223159
0.189308
0.162095
0.133459
0.103641
0.0766985
0.0470117
0.0182073
-0.0146269
-0.0466
-0.0798105
-0.109516
-0.139906
-0.164498
-0.194689
-0.226463
-0.259821
-0.27901
-0.301425
-0.331435
-0.354808
-0.373471
-0.393989
-0.416311
-0.432765
-0.451085
-0.467864
-0.482827
-0.501417
-0.519076
-0.533618
-0.544495
-0.55884
-0.571465
-0.58202
-0.587383
-0.588683
-0.593465
-0.595529
-0.59545
-0.595301
-0.59537
-0.594567
-0.590744
-0.579793
-0.577533
-0.568057
-0.556341
-0.542749
-0.525422
-0.507462
-0.491159
-0.472297
-0.452097
-0.426735
-0.404054
-0.3839
-0.357517
-0.328648
-0.300795
-0.272458
-0.240487
-0.2174
-0.183136
-0.15693
-0.126254
-0.0978885
-0.0711958
-0.0415367
-0.0118241
0.0219396
0.0527386
0.0870884
0.11471
0.145881
0.169477
0.201733
0.233921
0.263135
0.283018
0.307614
0.338894
0.357362
0.377994
0.39779
0.420384
0.436581
0.455517
0.469642
0.487232
0.504589
0.522672
0.536936
0.546976
0.560807
0.573998
0.583343
0.588141
0.588667
0.594361
0.59485
0.596149
0.594974
0.595955
0.594318
0.588852
0.578672
0.575432
0.567224
0.553297
0.539498
0.520961
0.503183
0.487723
0.468919
0.445537
0.422233
0.400087
0.378153
0.350972
0.323317
0.295047
0.266227
0.234819
0.210235
0.17744
0.151518
0.120517
0.0923208
0.0654142
0.0345283
0.00591023
-0.0289053
-0.0594759
-0.0933557
-0.121713
-0.151505
-0.17531
-0.208732
-0.240868
-0.268005
-0.28679
-0.314301
-0.344203
-0.360924
-0.382636
-0.402898
-0.423966
-0.440013
-0.459306
-0.47145
-0.492101
-0.507557
-0.52544
-0.540367
-0.550138
-0.563395
-0.576034
-0.584527
-0.588161
-0.589645
-0.594729
-0.595174
-0.596147
-0.595039
-0.596278
-0.593369
-0.586439
-0.578711
-0.573161
-0.564622
-0.551065
-0.535273
-0.517412
-0.499675
-0.483507
-0.464832
-0.439992
-0.417505
-0.396035
-0.372778
-0.344434
-0.31764
-0.289111
-0.260144
-0.230582
-0.202449
-0.17185
-0.145321
-0.115095
-0.0875792
-0.0585864
-0.0281101
0.000462045
0.0356326
0.0660854
0.0996373
0.127777
0.156471
0.182129
0.215478
0.248004
0.272394
0.291609
0.31985
0.34898
0.364933
0.386859
0.406883
0.426991
0.443646
0.463156
0.473276
0.496573
0.510735
0.527951
0.543238
0.553316
0.565891
0.578768
0.584888
0.588788
0.591142
0.594205
0.595035
0.596285
0.59501
0.5962
0.591958
0.584274
0.578499
0.571111
0.56142
0.549706
0.531754
0.514017
0.4967
0.478883
0.460809
0.435393
0.412963
0.392493
0.367566
0.338445
0.311758
0.282678
0.253912
0.225811
0.195109
0.166568
0.138957
0.109841
0.0810408
0.0529348
0.0219138
-0.00729512
-0.0422673
-0.0726516
-0.105775
-0.133913
-0.161211
-0.188418
-0.221804
-0.254979
-0.275842
-0.296779
-0.325503
-0.352441
-0.369266
-0.390858
-0.411586
-0.430397
-0.447342
-0.466475
-0.477731
-0.499786
-0.513913
-0.531437
-0.543952
-0.557361
-0.568054
-0.581277
-0.585592
-0.589165
-0.592335
-0.595428
-0.594844
-0.595667
-0.594823
-0.59562
-0.591542
-0.581524
-0.578029
-0.569664
-0.559029
-0.546413
-0.528182
-0.510894
-0.493467
-0.475244
-0.456666
-0.43022
-0.408307
-0.387592
-0.36318
-0.332213
-0.307012
-0.276225
-0.246844
-0.221754
-0.188685
-0.161586
-0.131864
-0.103836
-0.0747653
-0.04759
-0.016012
0.0141828
0.0490819
0.0793133
0.11147
0.139941
0.165788
0.195078
0.228068
0.259919
0.279997
0.301984
0.332476
0.355424
0.373843
0.394901
0.416368
0.433941
0.45105
0.468816
0.482154
0.503492
0.517963
0.535822
0.543136
0.560661
0.57046
0.583461
0.586424
0.589667
0.592797
0.596184
0.594943
0.595765
0.594899
0.595065
0.58997
0.579995
0.577026
0.568272
0.555752
0.542116
0.525023
0.506901
0.490723
0.471687
0.451589
0.425568
0.404209
0.382142
0.357761
0.326493
0.301441
0.270347
0.240762
0.215505
0.182618
0.156383
0.124829
0.0981057
0.0690352
0.0419472
0.00942992
-0.0212829
-0.0553221
-0.0862664
-0.116857
-0.145864
-0.170974
-0.20218
-0.235372
-0.263355
-0.283739
-0.308497
-0.339818
-0.357802
-0.378472
-0.398931
-0.420359
-0.437544
-0.455495
-0.470599
-0.48666
-0.506642
-0.521511
-0.53893
-0.545836
-0.562579
-0.572992
-0.584731
-0.587136
-0.589641
-0.593706
-0.595537
-0.595568
-0.595592
-0.595474
-0.594697
-0.588156
-0.578969
-0.574789
-0.56718
-0.553093
-0.538688
-0.520464
-0.502723
-0.487184
-0.468246
-0.445081
-0.420961
-0.400295
-0.376303
-0.351213
-0.321072
-0.29565
-0.26412
-0.235034
-0.208588
-0.176916
-0.15092
-0.119086
-0.0927585
-0.0631702
-0.0348939
-0.0035902
0.0283661
0.0619484
0.0928437
0.123691
0.151506
0.176698
0.209141
0.242233
0.268398
0.287614
0.31502
0.3448
0.361659
0.382916
0.404001
0.423866
0.44118
0.459258
0.472607
0.491459
0.509574
0.524158
0.542467
0.549014
0.565186
0.575132
0.585825
0.587234
0.590664
0.593999
0.595705
0.59567
0.595615
0.595624
0.593695
0.585662
0.579127
0.572508
0.564204
0.550671
0.534709
0.516963
0.499447
0.482858
0.463899
0.439775
0.416345
0.396356
0.370993
0.344767
0.315318
0.289621
0.25795
0.230912
0.200673
0.171301
0.144575
0.113723
0.0877399
0.0564354
0.0285054
-0.00288953
-0.0350652
-0.0685133
-0.0991632
-0.129571
-0.156485
-0.183619
-0.215692
-0.249393
-0.272549
-0.292568
-0.32037
-0.34949
-0.365828
-0.387082
-0.408032
-0.426919
-0.444734
-0.463043
-0.474503
-0.495496
-0.512904
-0.526702
-0.545176
-0.55249
-0.567584
-0.577832
-0.58616
-0.587825
-0.592147
-0.593591
-0.595552
-0.595676
-0.595578
-0.5956
-0.592356
-0.583473
-0.578843
-0.570595
-0.561048
-0.549515
-0.531271
-0.513516
-0.496323
-0.478312
-0.460128
-0.435032
-0.411673
-0.392669
-0.365856
-0.338888
-0.309568
-0.283149
-0.251602
-0.226294
-0.193587
-0.166014
-0.138385
-0.108294
-0.0810118
-0.0509411
-0.0222834
0.0096458
0.0417672
0.0750026
0.105376
0.135588
0.161226
0.189877
0.222136
0.256112
0.276096
0.297642
0.326418
0.352672
0.370066
0.391026
0.412713
0.430316
0.448389
0.466168
0.479444
0.498808
0.515945
0.530495
0.545229
0.556393
0.569745
0.580337
0.586827
0.588267
0.593179
0.595028
0.595309
0.595119
0.595423
0.594984
0.591925
0.580836
0.578253
0.569154
0.558741
0.546078
0.527525
0.510409
0.493027
0.474804
0.45574
0.430034
0.406955
0.387803
0.361449
0.332684
0.304787
0.2767
0.244755
0.221975
0.187469
0.160859
0.131071
0.102189
0.0750857
0.0454153
0.0165686
-0.0167728
-0.0483713
-0.0818387
-0.110829
-0.141622
-0.165815
-0.196398
-0.228593
-0.260801
-0.280368
-0.302829
-0.333463
-0.355887
-0.374677
-0.395005
-0.417447
-0.434021
-0.452093
-0.468417
-0.483896
-0.502365
-0.520151
-0.534728
-0.544966
-0.55954
-0.572168
-0.582425
-0.587633
-0.588785
-0.593705
-0.595365
-0.595587
-0.59513
-0.595512
-0.594545
-0.590156
-0.579335
-0.577184
-0.568098
-0.555492
-0.541604
-0.524476
-0.506238
-0.490307
-0.471274
-0.450265
-0.425486
-0.402929
-0.382287
-0.355634
-0.327188
-0.299192
-0.270725
-0.238843
-0.215097
-0.181409
-0.155551
-0.124614
-0.0960974
-0.069697
-0.0393536
-0.0102042
0.0239654
0.0546011
0.08874
0.116543
0.147592
0.171104
0.203793
0.235786
0.264446
0.283974
0.309638
0.340725
0.358034
0.379477
0.399315
0.421351
0.437447
0.456632
0.469952
0.48865
0.505468
0.523588
0.537763
0.547827
0.56145
0.574703
0.58371
0.588207
0.588855
0.594545
0.594962
0.596023
0.59509
0.596079
0.594064
0.588411
0.578486
0.574862
0.566684
0.552777
0.538019
0.519913
0.502179
0.486593
0.467889
0.443892
0.420829
0.398918
0.376492
0.349005
0.321795
0.293382
0.26449
0.233226
0.208225
0.175878
0.149807
0.118991
0.0910833
0.0633545
0.0326823
0.00420234
-0.0308497
-0.0613919
-0.0951656
-0.123573
-0.152926
-0.177034
-0.210759
-0.242909
-0.269463
-0.288001
-0.315997
-0.345522
-0.36206
-0.383856
-0.404173
-0.424813
-0.441161
-0.460409
-0.47199
-0.493557
-0.508357
-0.526129
-0.54145
-0.550932
-0.564099
-0.576855
-0.584607
-0.588466
-0.590051
-0.594651
-0.595131
-0.596199
-0.594952
-0.596058
-0.593026
-0.585805
-0.578703
-0.57247
-0.563474
-0.335894
0.0388352
0.0241965
0.0103977
0.0105374
0.00900355
0.00813501
0.00750269
0.00712319
0.00688258
0.00600935
0.00632895
0.00627404
0.00458389
0.00516999
0.00410133
0.00583365
0.00508703
0.00471151
0.00432308
0.00691155
0.00719454
0.00369527
0.00418258
0.0042479
0.00385575
0.00427753
0.00494661
0.00393001
0.00388869
0.00457509
0.0038112
0.0042969
0.00433322
0.00470414
0.00369407
0.00428825
0.00432921
0.00435662
0.00387446
0.00554568
0.00455666
0.0046776
0.0045215
0.00448814
0.00441456
0.00442643
0.00457305
0.00416182
0.00439958
0.00464323
0.00406191
0.0045902
0.00368684
0.00400681
0.0041011
0.00365401
0.0040237
0.00395046
0.00347288
0.00388814
0.00377352
0.00373116
0.00362441
0.00341334
0.00353587
0.0033554
0.00327864
0.00312819
0.00325865
0.00267364
0.00314388
0.00267836
0.00284031
0.0026303
0.0025501
0.00256681
0.00235773
0.00238839
0.00219621
0.00233022
0.00198596
0.00217657
0.00187372
0.00192289
0.00168156
0.00215446
0.00115137
0.00231848
0.0013732
0.00226581
0.00120558
0.00228012
0.00107063
0.0021585
0.00101478
0.00212036
0.00121691
0.00180887
0.00129964
0.0021311
0.00121032
0.00206547
0.00103438
0.0021963
0.000917742
0.00204479
0.00112065
0.00211663
0.00132396
0.00194999
0.00147936
0.00202358
0.00140562
0.00194603
0.00153608
0.00184416
0.00167115
0.00172581
0.00183236
0.00157713
0.0020008
0.00154978
0.00200714
0.001545
0.00185753
0.00168115
0.00188389
0.00176181
0.00200171
0.00171425
0.0018629
0.00176723
0.00171213
0.00183669
0.00170658
0.0016561
0.00178208
0.0016747
0.00167147
0.00157278
0.00162855
0.00163586
0.00138472
0.00155285
0.00148181
0.0015076
0.00153528
0.00156334
0.00139417
0.00135496
0.00130623
0.00130957
0.00125026
0.00129282
0.000984918
0.00107978
0.0010657
0.000902567
0.00103833
0.000965619
0.000891751
0.00088957
0.000764199
0.000772234
0.000657703
0.000662643
0.000568105
0.000584444
0.000472095
0.000491613
0.000373297
0.000333226
0.000237826
0.000250418
9.09196e-05
8.82309e-05
2.51388e-06
-1.39724e-05
-0.000124752
-0.000132581
-0.000259989
-0.000256739
-0.00037448
-0.000383902
-0.000504945
-0.000519343
-0.000592822
-0.000624342
-0.00068964
-0.000736051
-0.000856551
-0.000860551
-0.000945432
-0.00107253
-0.00114146
-0.00120174
-0.00122399
-0.00124739
-0.00133878
-0.00136401
-0.00144922
-0.00147256
-0.00155017
-0.00158366
-0.00165127
-0.00167532
-0.00172203
-0.00174079
-0.00194189
-0.00202237
-0.00179653
-0.00195964
-0.00191297
-0.00198837
-0.00212368
-0.00215087
-0.0021797
-0.00221439
-0.00221758
-0.00226303
-0.00227642
-0.00228629
-0.00230724
-0.00236778
-0.00235638
-0.00244501
-0.00240976
-0.00244692
-0.00237956
-0.00240964
-0.00243878
-0.00246772
-0.0023804
-0.00243205
-0.00237198
-0.00243078
-0.00232757
-0.00238247
-0.00229839
-0.00236079
-0.00226908
-0.00231856
-0.00216955
-0.00222746
-0.0021035
-0.00213282
-0.00203904
-0.00206974
-0.00195608
-0.00203903
-0.00196566
-0.00203723
-0.00188343
-0.00189222
-0.00166629
-0.00170138
-0.00152385
-0.00157781
-0.00140029
-0.00145861
-0.00127269
-0.00130749
-0.00111961
-0.00116277
-0.000970841
-0.00100878
-0.000817267
-0.000854555
-0.000643325
-0.000677438
-0.000459933
-0.000481874
-0.000276933
-0.000370153
-0.000245993
-0.000254019
-2.95495e-07
-7.17967e-06
0.000263921
0.000263057
0.000555899
0.00053875
0.000767285
0.000694583
0.000841746
0.000779981
0.0010198
0.00101705
0.00122269
0.00122165
0.00141066
0.00138109
0.00159474
0.00159954
0.00178251
0.00178919
0.00195374
0.0019581
0.0021332
0.00215206
0.00228134
0.00229871
0.0024365
0.00246923
0.00259913
0.00263401
0.00274222
0.00276999
0.0028539
0.00288111
0.00295926
0.0029979
0.00305899
0.00309568
0.00316718
0.00325339
0.00330555
0.0033634
0.00338395
0.00344602
0.00345278
0.00352243
0.00349957
0.00356552
0.00350047
0.0035707
0.00352131
0.00358863
0.0035172
0.00358924
0.0034975
0.00358836
0.00349434
0.00358365
0.00347029
0.00354874
0.00340529
0.00349137
0.00332749
0.00341613
0.00326511
0.00335719
0.00315914
0.00330275
0.00310845
0.00322953
0.0029935
0.00308922
0.002844
0.00294108
0.00268678
0.00280706
0.00253213
0.00261515
0.00234525
0.00246314
0.0021876
0.0022393
0.00192248
0.00197957
0.0015635
0.00168875
0.00136459
0.0014764
0.00114233
0.0012369
0.000870333
0.000957344
0.000612263
0.00070975
0.000380422
0.000508356
0.000219321
0.000300231
-6.26486e-05
1.18687e-05
-0.000327486
-0.000261616
-0.000602981
-0.000529327
-0.000879517
-0.000805055
-0.00114501
-0.00107801
-0.00140946
-0.0013465
-0.00166428
-0.0016116
-0.00192138
-0.00186872
-0.00216755
-0.0021193
-0.00240296
-0.00235454
-0.00262568
-0.00261302
-0.0028785
-0.00284159
-0.00306432
-0.0030479
-0.00326754
-0.0032589
-0.00346077
-0.00345074
-0.00361693
-0.0036452
-0.00379897
-0.00380727
-0.00393906
-0.00394656
-0.00405591
-0.00409018
-0.00417495
-0.00419828
-0.00425645
-0.00429355
-0.0043244
-0.00436447
-0.00438896
-0.0044306
-0.00440931
-0.00446821
-0.00442249
-0.00446723
-0.00440312
-0.00450516
-0.00443071
-0.0045224
-0.0043896
-0.0044917
-0.00433224
-0.0044293
-0.00423641
-0.00432945
-0.00413394
-0.00425265
-0.00401459
-0.00413451
-0.00387913
-0.00400455
-0.00372138
-0.00385296
-0.00354644
-0.00369667
-0.00338078
-0.00351904
-0.00314442
-0.00327329
-0.00287147
-0.0029859
-0.00262376
-0.00277425
-0.00235913
-0.00252383
-0.00210236
-0.0022505
-0.00179376
-0.0019274
-0.00147192
-0.00164457
-0.00117474
-0.00134347
-0.000863286
-0.00101741
-0.000525702
-0.000670844
-0.00018509
-0.000337914
0.0001597
7.55177e-06
0.000471076
0.000250159
0.000748267
0.00058678
0.00107331
0.000920848
0.00141339
0.00126583
0.00173101
0.00156327
0.00200721
0.00184843
0.00229361
0.00218664
0.00263168
0.00250104
0.00291447
0.00279756
0.00319053
0.00308116
0.0034618
0.00335411
0.00370641
0.00360822
0.00393674
0.00384617
0.00414869
0.00406955
0.00434076
0.00427149
0.00451707
0.00442456
0.00467961
0.00469375
0.00488566
0.00486331
0.00501429
0.00498797
0.00511369
0.00509996
0.00519757
0.00518162
0.00522925
0.00525376
0.00526963
0.00528753
0.00527828
0.00533919
0.00530164
0.00528704
0.00511233
0.00522574
0.005104
0.00517822
0.00503278
0.00513516
0.00492347
0.00502428
0.00480847
0.00492143
0.00464853
0.0047882
0.00446529
0.00460252
0.00428126
0.00445261
0.00408219
0.00427704
0.00386728
0.00405193
0.00361089
0.00377909
0.00334455
0.00359817
0.00311733
0.00332129
0.00281851
0.00304254
0.00250864
0.00274701
0.00219115
0.00242769
0.00186014
0.00210335
0.00153374
0.00180888
0.00120493
0.00146636
0.000808709
0.00104616
0.000425343
0.000689921
7.74527e-05
0.000336273
-0.00029013
-2.23953e-05
-0.000641765
-0.000372617
-0.000982506
-0.000709224
-0.00136727
-0.0011237
-0.00174473
-0.00148317
-0.00210392
-0.00186295
-0.00243429
-0.0021709
-0.00271877
-0.00247057
-0.00296728
-0.00274765
-0.00326751
-0.00303749
-0.00352477
-0.00330806
-0.00378577
-0.00357783
-0.00403594
-0.00386113
-0.00424003
-0.00407758
-0.00446772
-0.00429204
-0.00463851
-0.00453644
-0.00482002
-0.00471542
-0.00495953
-0.00489386
-0.00511422
-0.0050477
-0.00517659
-0.00508304
-0.00516786
-0.00513189
-0.00519534
-0.00518189
-0.00521312
-0.00519382
-0.00519278
-0.00521637
-0.00511751
-0.00518011
-0.00510045
-0.00518827
-0.00502161
-0.00512184
-0.00491525
-0.00500668
-0.00470045
-0.00483061
-0.00451844
-0.00467146
-0.00431272
-0.00448599
-0.0040841
-0.00426902
-0.00382714
-0.00405006
-0.00357521
-0.00380767
-0.00329298
-0.0035204
-0.0029856
-0.00323326
-0.00268208
-0.00286676
-0.00230506
-0.00250923
-0.00194912
-0.00217562
-0.00160437
-0.00179678
-0.00119706
-0.00139641
-0.00081962
-0.00100976
-0.000410689
-0.0005891
1.46276e-05
-0.000175063
0.000435158
0.000247431
0.00083908
0.000662478
0.00124964
0.00106505
0.00166558
0.00149951
0.00208876
0.00192009
0.00248956
0.00232947
0.00288104
0.00272171
0.00325755
0.0031033
0.0036193
0.00346753
0.0039596
0.0038181
0.00428429
0.00414157
0.00458531
0.00444534
0.00486132
0.00472527
0.00510954
0.00497762
0.00532895
0.00519939
0.00551597
0.00538768
0.00567046
0.00554294
0.00577271
0.00570098
0.00589855
0.00579973
0.00592773
0.00585178
0.00592323
0.00587153
0.00588423
0.00586047
0.00580233
0.00580166
0.00568609
0.00571258
0.00553197
0.00558586
0.00534187
0.00541489
0.00513068
0.00519177
0.00487955
0.0049383
0.00459149
0.00465166
0.00426938
0.00433281
0.00391428
0.00398316
0.00352751
0.00360358
0.00311952
0.00320259
0.00268234
0.00277688
0.00222391
0.00232804
0.00175405
0.00186772
0.00126505
0.00139091
0.000765221
0.000902927
0.000258003
0.000407841
-0.000251275
-8.86645e-05
-0.00075953
-0.000583974
-0.0012636
-0.00107331
-0.00175757
-0.00155507
-0.00223937
-0.00202232
-0.00270783
-0.00247478
-0.0031534
-0.00290547
-0.00357337
-0.00331135
-0.00396927
-0.00369136
-0.00433259
-0.00404011
-0.0046617
-0.00436215
-0.00495549
-0.00463412
-0.00520898
-0.00487389
-0.00541606
-0.00507822
-0.00557576
-0.00524326
-0.00568838
-0.00536615
-0.00575342
-0.00544097
-0.00576313
-0.00547357
-0.00571725
-0.0054391
-0.00567944
-0.00544367
-0.00554827
-0.00531968
-0.00536321
-0.00516796
-0.00513331
-0.00496908
-0.00486235
-0.00472924
-0.00455108
-0.00444974
-0.00419854
-0.00413417
-0.00381508
-0.00378194
-0.0033934
-0.00338945
-0.00294439
-0.00297797
-0.00246404
-0.00253296
-0.0019612
-0.00206414
-0.00143707
-0.00156315
-0.000905961
-0.00107441
-0.000357908
-0.000557183
0.000198516
-3.68273e-05
0.00075038
0.00048782
0.00130793
0.00102616
0.00185063
0.00153703
0.00238577
0.00205588
0.00290798
0.00254937
0.00340845
0.00302829
0.00387647
0.00349143
0.00432148
0.00390065
0.00475516
0.00440928
0.00513968
0.00471214
0.00537693
0.00492387
0.00559911
0.0052419
0.00582804
0.00548653
0.00595941
0.00575551
0.00624192
0.00596308
0.00635439
0.00602781
0.00633609
0.00610483
0.00641867
0.0061302
0.00636515
0.00608153
0.00621591
0.00594162
0.00606157
0.00580525
0.00588214
0.00560758
0.005625
0.00533577
0.00531624
0.00503508
0.00501721
0.00465505
0.0046357
0.00418709
0.00410804
0.00370207
0.00368755
0.00327024
0.00317825
0.00274012
0.00255489
0.00218181
0.00197393
0.00160068
0.00136489
0.000991906
0.000706363
0.000398424
0.000122336
-0.000201474
-0.000554131
-0.000891236
-0.0012238
-0.00155491
-0.00193326
-0.00224525
-0.00270415
-0.00296601
-0.00330999
-0.00353726
-0.00383965
-0.00398174
-0.00435738
-0.00449583
-0.00486344
-0.0050343
-0.00552032
-0.00563245
-0.00606882
-0.00621043
-0.0065991
-0.0067154
-0.00708836
-0.00717864
-0.00753216
-0.00757915
-0.00788382
-0.00785247
-0.00820427
-0.00819147
-0.00851699
-0.00854504
-0.00880659
-0.00871437
-0.00901094
-0.00887508
-0.00910114
-0.00898261
-0.0091963
-0.00891285
-0.00911339
-0.00889783
-0.00904195
-0.00873533
-0.00886777
-0.00858838
-0.00852513
-0.00823374
-0.00830702
-0.00799927
-0.00797418
-0.00761826
-0.00756582
-0.00723628
-0.00711854
-0.00665775
-0.00662497
-0.00627566
-0.0061112
-0.00569208
-0.00549217
-0.00500718
-0.00469297
-0.00430735
-0.00403547
-0.00363467
-0.00328047
-0.00284463
-0.0025368
-0.00206857
-0.00171326
-0.00126049
-0.000889723
-0.00046659
-1.76316e-05
0.000476868
0.000971151
0.00150985
0.00196209
0.00237228
0.00293449
0.00321748
0.00363558
0.00391665
0.00443249
0.00469432
0.00520067
0.00557275
0.00607483
0.00637987
0.00678287
0.00715312
0.00786214
0.00811179
0.00863439
0.0087806
0.00936322
0.00954422
0.0100418
0.0101974
0.0107074
0.0108726
0.01133
0.0114951
0.0118491
0.0118934
0.0122632
0.0124212
0.0126715
0.0126735
0.0128701
0.0128448
0.0132786
0.0130705
0.0133481
0.0131945
0.0134424
0.013205
0.0133652
0.0131244
0.0133465
0.0131097
0.0132487
0.0129716
0.0129975
0.0125158
0.0123061
0.0120544
0.0120769
0.0116547
0.0114686
0.011057
0.0109272
0.0104355
0.0102528
0.0098078
0.00947219
0.00884753
0.00860377
0.00812352
0.00762949
0.00709759
0.00659166
0.00589366
0.00538741
0.00493245
0.0044176
0.00368132
0.00321916
0.00284027
0.00240149
0.00187313
0.0011864
0.000645889
-0.000219381
-0.00049189
-0.00132327
-0.00176924
-0.00265201
-0.00303498
-0.00401204
-0.00413762
-0.00515844
-0.00546386
-0.00643252
-0.00672926
-0.00789463
-0.00823027
-0.00894275
-0.00923023
-0.0105992
-0.0107095
-0.0115821
-0.0117179
-0.0125934
-0.0126004
-0.0136333
-0.0138464
-0.0148966
-0.014902
-0.0157735
-0.015778
-0.0166411
-0.0166529
-0.0174958
-0.0175574
-0.0181287
-0.0180513
-0.018615
-0.0184172
-0.0190523
-0.0189807
-0.019407
-0.0192099
-0.0192774
-0.0190604
-0.0194964
-0.0194358
-0.0196749
-0.0194679
-0.0196591
-0.0192888
-0.0191837
-0.0190459
-0.0187385
-0.0186442
-0.0182533
-0.0183789
-0.0174663
-0.0173848
-0.0167487
-0.0168997
-0.0156142
-0.0156175
-0.0142716
-0.0148021
-0.0136108
-0.0140296
-0.0122821
-0.0128919
-0.0108621
-0.0113934
-0.00932184
-0.0103884
-0.0080508
-0.00885091
-0.00625687
-0.00723214
-0.00444379
-0.00548225
-0.00279442
-0.00416289
-0.00113289
-0.00250332
0.000672046
-0.000372254
0.00268742
0.00105713
0.00433162
0.0032014
0.00665042
0.00526903
0.00851851
0.00715389
0.0104691
0.00886309
0.0124006
0.0110843
0.0144323
0.013052
0.016287
0.0145648
0.017796
0.0162281
0.0194746
0.0181585
0.0212655
0.0197846
0.022921
0.0214522
0.0244841
0.0229748
0.0253895
0.0235938
0.0266213
0.025004
0.0272499
0.0256688
0.028084
0.0265827
0.0286898
0.0273014
0.0291992
0.0278162
0.0295274
0.0284825
0.0297059
0.0287999
0.0296666
0.0280738
0.0292493
0.0280526
0.0285519
0.0277202
0.0277995
0.0270416
0.0266396
0.0259456
0.0256985
0.0251762
0.0250903
0.0242333
0.023318
0.0225262
0.0217873
0.0210423
0.0199078
0.0192218
0.0183987
0.0175784
0.0162249
0.0153938
0.0138415
0.0132459
0.0116666
0.0106993
0.00951064
0.00869629
0.00709733
0.00624198
0.0042339
0.00278914
0.00109919
-1.70783e-05
-0.00149046
-0.00267545
-0.00468917
-0.00600116
-0.00774648
-0.00893276
-0.0107632
-0.011409
-0.0132188
-0.0143355
-0.0161146
-0.0171057
-0.0187915
-0.0199038
-0.0217471
-0.0227217
-0.0244565
-0.0252769
-0.0273376
-0.0281331
-0.0292807
-0.0300645
-0.0315254
-0.032142
-0.0337222
-0.0343034
-0.0358253
-0.0362151
-0.0376058
-0.0380156
-0.0396315
-0.0401029
-0.0409742
-0.0403974
-0.041634
-0.0413084
-0.0422186
-0.0418174
-0.0428186
-0.0424113
-0.0428674
-0.0423092
-0.042888
-0.0420453
-0.0427762
-0.0421465
-0.0422666
-0.0408594
-0.0405327
-0.0395647
-0.0391088
-0.0385669
-0.0376563
-0.0370084
-0.0356156
-0.0349189
-0.0331847
-0.0325128
-0.0306091
-0.029911
-0.0281736
-0.0274638
-0.0252586
-0.025085
-0.0219228
-0.0219726
-0.018795
-0.0181519
-0.0143156
-0.0148069
-0.0106942
-0.0104046
-0.00658027
-0.00651805
-0.00234776
-0.00216396
0.00204433
0.0022884
0.00625873
0.0062303
0.0105989
0.0104566
0.0148533
0.0147571
0.0192598
0.0189033
0.0233103
0.0235651
0.0282595
0.0280071
0.0324774
0.0319987
0.0360782
0.0356262
0.040483
0.0392963
0.0437931
0.0430777
0.0473552
0.0467677
0.051375
0.0503585
0.0543364
0.0531754
0.0566475
0.0553941
0.0588606
0.0575872
0.0611583
0.0592499
0.0629516
0.0616459
0.0650869
0.0628546
0.0666598
0.0637999
0.066029
0.062853
0.065632
0.0624989
0.065368
0.0620495
0.0642132
0.0611885
0.0625317
0.0593385
0.0600987
0.0576854
0.0576813
0.0552277
0.054508
0.0513425
0.0508704
0.0491515
0.0475666
0.0450169
0.0426095
0.0407064
0.0380765
0.0358815
0.0333899
0.0303862
0.0267719
0.0243969
0.0213889
0.0187607
0.0149373
0.0122398
0.00751062
0.00502468
0.000452394
-0.00111947
-0.00507457
-0.0069512
-0.0114821
-0.0135966
-0.0189781
-0.0211651
-0.0262024
-0.0280794
-0.0333343
-0.0352006
-0.039977
-0.0415674
-0.0474519
-0.048817
-0.0540096
-0.0550854
-0.06066
-0.0618791
-0.0668411
-0.0682419
-0.0729805
-0.0741115
-0.0784969
-0.0788936
-0.0845087
-0.0850876
-0.088927
-0.0890233
-0.0928635
-0.0929605
-0.0967804
-0.0962912
-0.0997764
-0.0988506
-0.102059
-0.101292
-0.103856
-0.102846
-0.104861
-0.103235
-0.105165
-0.103337
-0.104714
-0.103087
-0.10384
-0.10065
-0.100107
-0.0977706
-0.0970013
-0.0934785
-0.0914505
-0.0896189
-0.0873689
-0.0843952
-0.0806977
-0.0781036
-0.0735245
-0.070507
-0.065289
-0.0633792
-0.0562229
-0.0533371
-0.0461844
-0.0438508
-0.0357235
-0.0328915
-0.0230231
-0.0205149
-0.0106733
-0.00784715
0.00193165
0.00409116
0.0129007
0.0162755
0.0277108
0.0303401
0.0412358
0.0443516
0.0553414
0.0576714
0.0665071
0.0699981
0.0795119
0.0830194
0.0953091
0.0979285
0.107252
0.110043
0.118131
0.121019
0.129212
0.131079
0.139465
0.141296
0.148753
0.150927
0.158455
0.159545
0.166617
0.166845
0.172247
0.170493
0.174849
0.173804
0.17884
0.177244
0.182219
0.180144
0.182867
0.179094
0.181889
0.176223
0.1767
0.170662
0.170822
0.163232
0.16535
0.156574
0.157997
0.150525
0.1477
0.137451
0.135139
0.124513
0.120205
0.110399
0.103285
0.0919309
0.0851874
0.0739631
0.0668513
0.0548568
0.0452612
0.0339724
0.0228739
0.0119497
-0.000539604
-0.0131462
-0.0254214
-0.038731
-0.0545852
-0.0658819
-0.0793239
-0.0919602
-0.107401
-0.121565
-0.133593
-0.148748
-0.159678
-0.174432
-0.186007
-0.199671
-0.209869
-0.225848
-0.235059
-0.247433
-0.256105
-0.267136
-0.274206
-0.287036
-0.2916
-0.299357
-0.304419
-0.312008
-0.313537
-0.317702
-0.320201
-0.324536
-0.326147
-0.328301
-0.328667
-0.332679
-0.330789
-0.327925
-0.32244
-0.321706
-0.315064
-0.312935
-0.303408
-0.29926
-0.288966
-0.283365
-0.272811
-0.266761
-0.2505
-0.24288
-0.226763
-0.217413
-0.200991
-0.189711
-0.172625
-0.161598
-0.14095
-0.127908
-0.11082
-0.0961307
-0.0762523
-0.063149
-0.0411062
-0.02473
-0.0111764
0.00774745
0.0262164
0.04574
0.0637481
0.0841033
0.101229
0.122387
0.140229
0.161892
0.177452
0.198582
0.212595
0.234073
0.252421
0.27306
0.287921
0.307517
0.318109
0.335943
0.349565
0.366437
0.377644
0.39287
0.403922
0.413522
0.422757
0.432703
0.441157
0.450561
0.458497
0.46375
0.464898
0.465794
0.468854
0.468126
0.469229
0.464062
0.457692
0.453274
0.447749
0.442043
0.433561
0.426497
0.416483
0.408417
0.39789
0.38456
0.368762
0.353336
0.337939
0.321553
0.307284
0.28324
0.264517
0.243284
0.221088
0.199618
0.178737
0.157649
0.136535
0.114032
0.0922082
0.0655963
0.0456872
0.0189471
-0.00496056
-0.0300212
-0.0514195
-0.070203
-0.0901774
-0.115496
-0.138336
-0.165238
-0.186238
-0.206827
-0.22563
-0.248271
-0.267932
-0.290464
-0.308608
-0.329532
-0.352943
-0.368715
-0.386036
-0.400548
-0.415847
-0.431829
-0.448314
-0.462227
-0.473571
-0.485434
-0.492095
-0.503927
-0.506696
-0.514295
-0.520835
-0.524778
-0.529537
-0.527852
-0.526114
-0.523711
-0.519179
-0.514028
-0.508288
-0.501586
-0.489865
-0.473855
-0.461911
-0.446909
-0.43391
-0.41728
-0.397058
-0.378752
-0.35782
-0.338986
-0.319292
-0.296262
-0.275579
-0.252463
-0.226152
-0.197779
-0.173285
-0.149792
-0.121674
-0.0930403
-0.0669663
-0.0413054
-0.0139035
0.0121051
0.0380174
0.0705221
0.0961714
0.121213
0.151486
0.171362
0.194766
0.21591
0.239682
0.263064
0.286285
0.306368
0.32699
0.348726
0.371784
0.39042
0.408028
0.42772
0.446519
0.463778
0.478405
0.49328
0.499943
0.512274
0.527047
0.537319
0.544418
0.550705
0.553739
0.559844
0.560937
0.566257
0.565375
0.564866
0.558148
0.555105
0.544643
0.533411
0.522609
0.509938
0.493252
0.477349
0.464801
0.442063
0.420349
0.397835
0.379198
0.34971
0.326759
0.304678
0.278982
0.255163
0.231275
0.20238
0.172611
0.146461
0.11783
0.0888204
0.056408
0.0280181
-0.000333697
-0.0297183
-0.0599672
-0.0899792
-0.115936
-0.15042
-0.175596
-0.201282
-0.232149
-0.25876
-0.27615
-0.300563
-0.322063
-0.342946
-0.363437
-0.382559
-0.399842
-0.422168
-0.438988
-0.456563
-0.48043
-0.495566
-0.509522
-0.523699
-0.535123
-0.545639
-0.553282
-0.563566
-0.570138
-0.580659
-0.582127
-0.586841
-0.588265
-0.586141
-0.582472
-0.582181
-0.576958
-0.576336
-0.561323
-0.550864
-0.535187
-0.523591
-0.508458
-0.490772
-0.472768
-0.449632
-0.432623
-0.406112
-0.379774
-0.356145
-0.333921
-0.303634
-0.277483
-0.251147
-0.221783
-0.196084
-0.166227
-0.137879
-0.109842
-0.0807143
-0.0468982
-0.0178244
0.012414
0.0436086
0.0766485
0.105088
0.134403
0.160721
0.19621
0.221209
0.24928
0.274969
0.300203
0.323395
0.34364
0.364868
0.38683
0.406867
0.422614
0.435732
0.458213
0.477419
0.493031
0.516419
0.523952
0.53881
0.55032
0.563141
0.570877
0.579422
0.58435
0.590102
0.592508
0.593916
0.593652
0.591311
0.586459
0.587563
0.579335
0.573783
0.564798
0.55407
0.538546
0.520231
0.505395
0.48697
0.470592
0.444789
0.424895
0.401364
0.377693
0.348822
0.325518
0.294809
0.266767
0.240433
0.209374
0.181925
0.153932
0.124149
0.0956909
0.0675943
0.0351836
0.00568164
-0.0277351
-0.0578478
-0.0917731
-0.122039
-0.147639
-0.174874
-0.208724
-0.240639
-0.266444
-0.285745
-0.313602
-0.341216
-0.358731
-0.379294
-0.401765
-0.420484
-0.437846
-0.452746
-0.469491
-0.490318
-0.505595
-0.525294
-0.535111
-0.550179
-0.560535
-0.573563
-0.582222
-0.58548
-0.589369
-0.592574
-0.596428
-0.595952
-0.592834
-0.592219
-0.592714
-0.585028
-0.576274
-0.574014
-0.562294
-0.550886
-0.532952
-0.515311
-0.499061
-0.48043
-0.46298
-0.436743
-0.415718
-0.393486
-0.369132
-0.339631
-0.314802
-0.284093
-0.255345
-0.229321
-0.196881
-0.169304
-0.140695
-0.111871
-0.0827433
-0.0553893
-0.0229917
0.00597393
0.0409334
0.0712534
0.105084
0.132871
0.159295
0.187777
0.220979
0.253187
0.275372
0.29609
0.325942
0.350748
0.369007
0.389376
0.411294
0.42976
0.446531
0.463489
0.477826
0.499393
0.513879
0.532455
0.540012
0.557211
0.566993
0.580691
0.58544
0.588119
0.591852
0.594974
0.596218
0.594927
0.593233
0.594651
0.591677
0.581528
0.57688
0.570436
0.55818
0.545964
0.527453
0.509975
0.493707
0.474761
0.455475
0.429435
0.407575
0.386324
0.362121
0.330577
0.305698
0.274834
0.245313
0.220516
0.186999
0.160393
0.129279
0.102865
0.0730733
0.0467959
0.0134505
-0.0166236
-0.0509371
-0.0819613
-0.113905
-0.141779
-0.16733
-0.198039
-0.231317
-0.260344
-0.28149
-0.30472
-0.335839
-0.356588
-0.375429
-0.395976
-0.418129
-0.435616
-0.452542
-0.46874
-0.48432
-0.504596
-0.519458
-0.537376
-0.543965
-0.561073
-0.571269
-0.584151
-0.586645
-0.58926
-0.593091
-0.596249
-0.595353
-0.595547
-0.594714
-0.594917
-0.589116
-0.579202
-0.576086
-0.56835
-0.554006
-0.540914
-0.522425
-0.504563
-0.489154
-0.470019
-0.447968
-0.423337
-0.402261
-0.379082
-0.354287
-0.323653
-0.298357
-0.266946
-0.237669
-0.211444
-0.179617
-0.15349
-0.121584
-0.0948382
-0.065889
-0.0379631
-0.00603996
0.0252952
0.0592013
0.0901586
0.120997
0.149156
0.174389
0.206491
0.239616
0.266193
0.286216
0.312588
0.343074
0.360122
0.381302
0.402246
0.422546
0.439693
0.457793
0.471663
0.489751
0.508442
0.523265
0.541351
0.547797
0.564241
0.574083
0.585511
0.587116
0.590277
0.593926
0.595903
0.595532
0.595638
0.595661
0.594138
0.586618
0.578984
0.573492
0.565841
0.551435
0.536082
0.518217
0.500457
0.484433
0.465764
0.441274
0.417931
0.397636
0.372812
0.346995
0.317382
0.291715
0.260173
0.232397
0.203778
0.172891
0.146921
0.115381
0.0896513
0.0584044
0.0306182
-0.000771437
-0.0328719
-0.0663702
-0.0971677
-0.12768
-0.154895
-0.181272
-0.214033
-0.247144
-0.271492
-0.290723
-0.318967
-0.348058
-0.364369
-0.385865
-0.406811
-0.425893
-0.443545
-0.461903
-0.47405
-0.494486
-0.511841
-0.525947
-0.54446
-0.55123
-0.566919
-0.577009
-0.585942
-0.587759
-0.591762
-0.593653
-0.595682
-0.595786
-0.595512
-0.595624
-0.592645
-0.584221
-0.578961
-0.571094
-0.562018
-0.549726
-0.53228
-0.514557
-0.497348
-0.479698
-0.461123
-0.436611
-0.413119
-0.393856
-0.367405
-0.340702
-0.311074
-0.285222
-0.25348
-0.227548
-0.195571
-0.167537
-0.139995
-0.110116
-0.0830379
-0.0525237
-0.0240808
0.00775398
0.0397913
0.0731072
0.103627
0.133849
0.15993
0.187823
0.220437
0.254396
0.274988
0.296184
0.324506
0.351864
0.368949
0.389937
0.41143
0.429389
0.447395
0.465421
0.47811
0.497664
0.51524
0.529314
0.545597
0.555306
0.56916
0.579688
0.586593
0.58817
0.592991
0.594514
0.595433
0.59518
0.59536
0.595203
0.592069
0.581357
0.578547
0.569558
0.559455
0.546825
0.528801
0.511254
0.494001
0.47579
0.457101
0.431348
0.408336
0.389153
0.362676
0.334453
0.306251
0.278362
0.246736
0.223159
0.189308
0.162095
0.133459
0.103641
0.0766985
0.0470117
0.0182073
-0.0146269
-0.0466
-0.0798105
-0.109516
-0.139906
-0.164498
-0.194689
-0.226463
-0.259821
-0.27901
-0.301425
-0.331435
-0.354808
-0.373471
-0.393989
-0.416311
-0.432765
-0.451085
-0.467864
-0.482827
-0.501417
-0.519076
-0.533618
-0.544495
-0.55884
-0.571465
-0.58202
-0.587383
-0.588683
-0.593465
-0.595529
-0.59545
-0.595301
-0.59537
-0.594567
-0.590744
-0.579793
-0.577533
-0.568057
-0.556341
-0.542749
-0.525422
-0.507462
-0.491159
-0.472297
-0.452097
-0.426735
-0.404054
-0.3839
-0.357517
-0.328648
-0.300795
-0.272458
-0.240487
-0.2174
-0.183136
-0.15693
-0.126254
-0.0978885
-0.0711958
-0.0415367
-0.0118241
0.0219396
0.0527386
0.0870884
0.11471
0.145881
0.169477
0.201733
0.233921
0.263135
0.283018
0.307614
0.338894
0.357362
0.377994
0.39779
0.420384
0.436581
0.455517
0.469642
0.487232
0.504589
0.522672
0.536936
0.546976
0.560807
0.573998
0.583343
0.588141
0.588667
0.594361
0.59485
0.596149
0.594974
0.595955
0.594318
0.588852
0.578672
0.575432
0.567224
0.553297
0.539498
0.520961
0.503183
0.487723
0.468919
0.445537
0.422233
0.400087
0.378153
0.350972
0.323317
0.295047
0.266227
0.234819
0.210235
0.17744
0.151518
0.120517
0.0923208
0.0654142
0.0345283
0.00591023
-0.0289053
-0.0594759
-0.0933557
-0.121713
-0.151505
-0.17531
-0.208732
-0.240868
-0.268005
-0.28679
-0.314301
-0.344203
-0.360924
-0.382636
-0.402898
-0.423966
-0.440013
-0.459306
-0.47145
-0.492101
-0.507557
-0.52544
-0.540367
-0.550138
-0.563395
-0.576034
-0.584527
-0.588161
-0.589645
-0.594729
-0.595174
-0.596147
-0.595039
-0.596278
-0.593369
-0.586439
-0.578711
-0.573161
-0.564622
-0.551065
-0.535273
-0.517412
-0.499675
-0.483507
-0.464832
-0.439992
-0.417505
-0.396035
-0.372778
-0.344434
-0.31764
-0.289111
-0.260144
-0.230582
-0.202449
-0.17185
-0.145321
-0.115095
-0.0875792
-0.0585864
-0.0281101
0.000462045
0.0356326
0.0660854
0.0996373
0.127777
0.156471
0.182129
0.215478
0.248004
0.272394
0.291609
0.31985
0.34898
0.364933
0.386859
0.406883
0.426991
0.443646
0.463156
0.473276
0.496573
0.510735
0.527951
0.543238
0.553316
0.565891
0.578768
0.584888
0.588788
0.591142
0.594205
0.595035
0.596285
0.59501
0.5962
0.591958
0.584274
0.578499
0.571111
0.56142
0.549706
0.531754
0.514017
0.4967
0.478883
0.460809
0.435393
0.412963
0.392493
0.367566
0.338445
0.311758
0.282678
0.253912
0.225811
0.195109
0.166568
0.138957
0.109841
0.0810408
0.0529348
0.0219138
-0.00729512
-0.0422673
-0.0726516
-0.105775
-0.133913
-0.161211
-0.188418
-0.221804
-0.254979
-0.275842
-0.296779
-0.325503
-0.352441
-0.369266
-0.390858
-0.411586
-0.430397
-0.447342
-0.466475
-0.477731
-0.499786
-0.513913
-0.531437
-0.543952
-0.557361
-0.568054
-0.581277
-0.585592
-0.589165
-0.592335
-0.595428
-0.594844
-0.595667
-0.594823
-0.59562
-0.591542
-0.581524
-0.578029
-0.569664
-0.559029
-0.546413
-0.528182
-0.510894
-0.493467
-0.475244
-0.456666
-0.43022
-0.408307
-0.387592
-0.36318
-0.332213
-0.307012
-0.276225
-0.246844
-0.221754
-0.188685
-0.161586
-0.131864
-0.103836
-0.0747653
-0.04759
-0.016012
0.0141828
0.0490819
0.0793133
0.11147
0.139941
0.165788
0.195078
0.228068
0.259919
0.279997
0.301984
0.332476
0.355424
0.373843
0.394901
0.416368
0.433941
0.45105
0.468816
0.482154
0.503492
0.517963
0.535822
0.543136
0.560661
0.57046
0.583461
0.586424
0.589667
0.592797
0.596184
0.594943
0.595765
0.594899
0.595065
0.58997
0.579995
0.577026
0.568272
0.555752
0.542116
0.525023
0.506901
0.490723
0.471687
0.451589
0.425568
0.404209
0.382142
0.357761
0.326493
0.301441
0.270347
0.240762
0.215505
0.182618
0.156383
0.124829
0.0981057
0.0690352
0.0419472
0.00942992
-0.0212829
-0.0553221
-0.0862664
-0.116857
-0.145864
-0.170974
-0.20218
-0.235372
-0.263355
-0.283739
-0.308497
-0.339818
-0.357802
-0.378472
-0.398931
-0.420359
-0.437544
-0.455495
-0.470599
-0.48666
-0.506642
-0.521511
-0.53893
-0.545836
-0.562579
-0.572992
-0.584731
-0.587136
-0.589641
-0.593706
-0.595537
-0.595568
-0.595592
-0.595474
-0.594697
-0.588156
-0.578969
-0.574789
-0.56718
-0.553093
-0.538688
-0.520464
-0.502723
-0.487184
-0.468246
-0.445081
-0.420961
-0.400295
-0.376303
-0.351213
-0.321072
-0.29565
-0.26412
-0.235034
-0.208588
-0.176916
-0.15092
-0.119086
-0.0927585
-0.0631702
-0.0348939
-0.0035902
0.0283661
0.0619484
0.0928437
0.123691
0.151506
0.176698
0.209141
0.242233
0.268398
0.287614
0.31502
0.3448
0.361659
0.382916
0.404001
0.423866
0.44118
0.459258
0.472607
0.491459
0.509574
0.524158
0.542467
0.549014
0.565186
0.575132
0.585825
0.587234
0.590664
0.593999
0.595705
0.59567
0.595615
0.595624
0.593695
0.585662
0.579127
0.572508
0.564204
0.550671
0.534709
0.516963
0.499447
0.482858
0.463899
0.439775
0.416345
0.396356
0.370993
0.344767
0.315318
0.289621
0.25795
0.230912
0.200673
0.171301
0.144575
0.113723
0.0877399
0.0564354
0.0285054
-0.00288953
-0.0350652
-0.0685133
-0.0991632
-0.129571
-0.156485
-0.183619
-0.215692
-0.249393
-0.272549
-0.292568
-0.32037
-0.34949
-0.365828
-0.387082
-0.408032
-0.426919
-0.444734
-0.463043
-0.474503
-0.495496
-0.512904
-0.526702
-0.545176
-0.55249
-0.567584
-0.577832
-0.58616
-0.587825
-0.592147
-0.593591
-0.595552
-0.595676
-0.595578
-0.5956
-0.592356
-0.583473
-0.578843
-0.570595
-0.561048
-0.549515
-0.531271
-0.513516
-0.496323
-0.478312
-0.460128
-0.435032
-0.411673
-0.392669
-0.365856
-0.338888
-0.309568
-0.283149
-0.251602
-0.226294
-0.193587
-0.166014
-0.138385
-0.108294
-0.0810118
-0.0509411
-0.0222834
0.0096458
0.0417672
0.0750026
0.105376
0.135588
0.161226
0.189877
0.222136
0.256112
0.276096
0.297642
0.326418
0.352672
0.370066
0.391026
0.412713
0.430316
0.448389
0.466168
0.479444
0.498808
0.515945
0.530495
0.545229
0.556393
0.569745
0.580337
0.586827
0.588267
0.593179
0.595028
0.595309
0.595119
0.595423
0.594984
0.591925
0.580836
0.578253
0.569154
0.558741
0.546078
0.527525
0.510409
0.493027
0.474804
0.45574
0.430034
0.406955
0.387803
0.361449
0.332684
0.304787
0.2767
0.244755
0.221975
0.187469
0.160859
0.131071
0.102189
0.0750857
0.0454153
0.0165686
-0.0167728
-0.0483713
-0.0818387
-0.110829
-0.141622
-0.165815
-0.196398
-0.228593
-0.260801
-0.280368
-0.302829
-0.333463
-0.355887
-0.374677
-0.395005
-0.417447
-0.434021
-0.452093
-0.468417
-0.483896
-0.502365
-0.520151
-0.534728
-0.544966
-0.55954
-0.572168
-0.582425
-0.587633
-0.588785
-0.593705
-0.595365
-0.595587
-0.59513
-0.595512
-0.594545
-0.590156
-0.579335
-0.577184
-0.568098
-0.555492
-0.541604
-0.524476
-0.506238
-0.490307
-0.471274
-0.450265
-0.425486
-0.402929
-0.382287
-0.355634
-0.327188
-0.299192
-0.270725
-0.238843
-0.215097
-0.181409
-0.155551
-0.124614
-0.0960974
-0.069697
-0.0393536
-0.0102042
0.0239654
0.0546011
0.08874
0.116543
0.147592
0.171104
0.203793
0.235786
0.264446
0.283974
0.309638
0.340725
0.358034
0.379477
0.399315
0.421351
0.437447
0.456632
0.469952
0.48865
0.505468
0.523588
0.537763
0.547827
0.56145
0.574703
0.58371
0.588207
0.588855
0.594545
0.594962
0.596023
0.59509
0.596079
0.594064
0.588411
0.578486
0.574862
0.566684
0.552777
0.538019
0.519913
0.502179
0.486593
0.467889
0.443892
0.420829
0.398918
0.376492
0.349005
0.321795
0.293382
0.26449
0.233226
0.208225
0.175878
0.149807
0.118991
0.0910833
0.0633545
0.0326823
0.00420234
-0.0308497
-0.0613919
-0.0951656
-0.123573
-0.152926
-0.177034
-0.210759
-0.242909
-0.269463
-0.288001
-0.315997
-0.345522
-0.36206
-0.383856
-0.404173
-0.424813
-0.441161
-0.460409
-0.47199
-0.493557
-0.508357
-0.526129
-0.54145
-0.550932
-0.564099
-0.576855
-0.584607
-0.588466
-0.590051
-0.594651
-0.595131
-0.596199
-0.594952
-0.596058
-0.593026
-0.585805
-0.578703
-0.57247
-0.563474
-0.550247
-0.534266
-0.516478
-0.499024
-0.48223
-0.463442
-0.438759
-0.416305
-0.395047
-0.371366
-0.342588
-0.315859
-0.287439
-0.258311
-0.229153
-0.199996
-0.170487
-0.143403
-0.113733
-0.0858398
-0.0569175
-0.0264145
0.00242597
0.0375244
0.0679775
0.101389
0.129512
0.157853
0.184089
0.217125
0.250014
0.273374
0.293143
0.321287
0.350006
0.366328
0.388034
0.40825
0.427926
0.444744
0.464169
0.474215
0.497321
0.511709
0.528635
0.543877
0.55463
0.566493
0.579478
0.585134
0.588788
0.591484
0.594335
0.594993
0.596025
0.595077
0.596062
0.591783
0.58355
0.578386
0.570673
0.560371
0.549348
0.530834
0.512981
0.495812
0.477739
0.459925
0.433758
0.411673
0.391115
0.366316
0.336765
0.310284
0.280765
0.252092
0.224582
0.193253
0.165172
0.137325
0.108066
0.0791622
0.0513684
0.0202076
-0.00916364
-0.0441738
-0.0745284
-0.107387
-0.135676
-0.162437
-0.19043
-0.223462
-0.256599
-0.276962
-0.29825
-0.3274
-0.353023
-0.370555
-0.391977
-0.412894
-0.431348
-0.448405
-0.467171
-0.479054
-0.500893
-0.514786
-0.532714
-0.543396
-0.558431
-0.568615
-0.581927
-0.585852
-0.589297
-0.592429
-0.595899
-0.594786
-0.595772
-0.594875
-0.59539
-0.591317
-0.581055
-0.5777
-0.56911
-0.558239
-0.545678
-0.526956
-0.509871
-0.492587
-0.474214
-0.455311
-0.428911
-0.407027
-0.386165
-0.361959
-0.33041
-0.305418
-0.274597
-0.245152
-0.220312
-0.186916
-0.160365
-0.12937
-0.102447
-0.0730534
-0.0462178
-0.0141388
0.0162142
0.0508546
0.081362
0.112752
0.141694
0.167109
0.196709
0.230308
0.260951
0.281237
0.303595
0.334667
0.356542
0.374997
0.39596
0.417537
0.435204
0.452106
0.469417
0.483347
0.504434
0.519067
0.536862
0.543693
0.561371
0.571174
0.583845
0.586692
0.589736
0.593081
0.595851
0.595219
0.595524
0.59507
0.595058
0.589389
0.579672
0.5765
0.568359
0.554735
0.541376
0.523912
0.50563
0.489834
0.470627
0.449602
0.424314
0.403113
0.380504
0.355884
0.324957
0.299807
0.26857
0.239097
0.213255
0.181012
0.154826
0.123138
0.0963096
0.0676712
0.0398238
0.00772705
-0.0233044
-0.0572377
-0.0881011
-0.118806
-0.147556
-0.172594
-0.204239
-0.237403
-0.264676
-0.284976
-0.310392
-0.341435
-0.358742
-0.37986
-0.400584
-0.421318
-0.438463
-0.456619
-0.471055
-0.488119
-0.507489
-0.522326
-0.53993
-0.546707
-0.563309
-0.573674
-0.58509
-0.587107
-0.589868
-0.593854
-0.595545
-0.59549
-0.595654
-0.595611
-0.594417
-0.587534
-0.578984
-0.574206
-0.566495
-0.552308
-0.537423
-0.519358
-0.501745
-0.485952
-0.467187
-0.44344
-0.419471
-0.399089
-0.374598
-0.349298
-0.319491
-0.293879
-0.262408
-0.233591
-0.206506
-0.175133
-0.149246
-0.117433
-0.0914893
-0.0608846
-0.0330863
-0.00169853
0.0302959
0.0639139
0.0946812
0.125478
0.152925
0.178494
0.211373
0.244398
0.269844
0.288819
0.316716
0.346142
0.362806
0.384148
0.405298
0.424658
0.442163
0.460384
0.473219
0.492806
0.510446
0.524868
0.543485
0.549858
0.565907
0.575938
0.585666
0.587607
0.591169
0.593904
0.59567
0.595718
0.595475
0.595611
0.593275
0.585014
0.579092
0.571786
0.563177
0.549942
0.533649
0.515977
0.498671
0.481632
0.462591
0.438524
0.415019
0.395323
0.369571
0.342971
0.3135
0.287934
0.256048
0.229448
0.198322
0.169864
0.142618
0.112456
0.0856607
0.0548457
0.026855
-0.00493436
-0.0370066
-0.0704143
-0.100976
-0.131314
-0.157907
-0.185483
-0.217606
-0.251393
-0.273527
-0.294059
-0.322025
-0.350367
-0.367172
-0.388312
-0.409424
-0.427876
-0.445824
-0.464004
-0.475993
-0.4962
-0.513772
-0.527563
-0.545606
-0.5537
-0.568231
-0.578573
-0.586341
-0.587965
-0.592456
-0.593743
-0.595552
-0.595456
-0.595624
-0.595336
-0.592262
-0.582622
-0.578725
-0.570167
-0.560089
-0.548841
-0.530356
-0.512483
-0.495388
-0.477224
-0.459031
-0.433441
-0.410367
-0.391231
-0.364581
-0.337186
-0.308089
-0.281181
-0.249717
-0.225013
-0.191807
-0.164625
-0.136488
-0.106303
-0.0792323
-0.0493948
-0.0205231
0.0115528
0.0437687
0.0768818
0.10704
0.13735
0.162473
0.191837
0.223855
0.257757
0.277212
0.299127
0.328349
0.353347
0.37144
0.392176
0.414123
0.431249
0.4495
0.466833
0.480823
0.499908
0.517167
0.53167
0.544716
0.557494
0.570222
0.580989
0.587073
0.588417
0.593286
0.595343
0.595342
0.595316
0.595392
0.594739
0.591632
0.580353
0.577932
0.568556
0.557957
0.544959
0.526501
0.509256
0.492206
0.473729
0.454306
0.428718
0.405755
0.386265
0.360144
0.330841
0.303128
0.274998
0.243121
0.220207
0.185801
0.159339
0.128816
0.100536
0.0735632
0.0440276
0.0146839
-0.0188886
-0.0500615
-0.0841851
-0.112158
-0.143411
-0.167106
-0.19838
-0.230826
-0.261843
-0.281451
-0.304667
-0.335844
-0.356856
-0.375739
-0.396103
-0.418635
-0.435135
-0.453329
-0.468971
-0.485201
-0.50328
-0.521236
-0.535704
-0.545613
-0.560201
-0.572907
-0.582799
-0.587879
-0.588758
-0.593995
-0.595194
-0.595912
-0.594983
-0.595688
-0.59465
-0.589506
-0.579146
-0.576511
-0.568057
-0.55426
-0.541066
-0.523029
-0.504975
-0.489345
-0.470278
-0.448253
-0.424227
-0.401817
-0.380657
-0.353714
-0.325648
-0.297535
-0.268904
-0.237224
-0.212985
-0.179851
-0.153911
-0.122966
-0.0943336
-0.0681952
-0.0374195
-0.00846615
0.0259371
0.0565672
0.0905864
0.118591
0.149208
0.172776
0.205825
0.237932
0.265732
0.285336
0.311497
0.34213
0.359163
0.380787
0.400814
0.422345
0.438403
0.457796
0.470518
0.490083
0.506282
0.52433
0.538905
0.548643
0.562308
0.575262
0.584063
0.58807
0.589193
0.594587
0.595082
0.595969
0.595123
0.59619
0.593754
0.58756
0.57862
0.574194
0.566087
0.551936
0.53691
0.51876
0.501149
0.485291
0.466861
0.442102
0.41936
0.397665
0.374918
0.347103
0.320144
0.291624
0.262827
0.232209
0.205941
0.174164
0.148047
0.117384
0.089815
0.0612346
0.0308079
0.00228911
-0.0328089
-0.0633269
-0.0970125
-0.125272
-0.154384
-0.179032
-0.212927
-0.245024
-0.270927
-0.289238
-0.317663
-0.346878
-0.363174
-0.385109
-0.405469
-0.425565
-0.442063
-0.461613
-0.472606
-0.494817
-0.509288
-0.52687
-0.542231
-0.551877
-0.564853
-0.577632
-0.58448
-0.588697
-0.590558
-0.594556
-0.595126
-0.59626
-0.594945
-0.596108
-0.592566
-0.585188
-0.578652
-0.57183
-0.562579
-0.549809
-0.533147
-0.515489
-0.498182
-0.480965
-0.462211
-0.437479
-0.414969
-0.394022
-0.369869
-0.340972
-0.31409
-0.285711
-0.256474
-0.227671
-0.197941
-0.1689
-0.141493
-0.112392
-0.0837706
-0.0553297
-0.0247181
0.00445367
0.0394521
0.0698869
0.103171
0.1313
0.159237
0.185854
0.219079
0.252049
0.274341
0.294629
0.322949
0.350963
0.367565
0.389214
0.409643
0.428917
0.445811
0.465154
0.475724
0.498032
0.512602
0.529877
0.544012
0.555768
0.567155
0.580253
0.585266
0.589083
0.591792
0.594539
0.595012
0.595861
0.595025
0.595762
0.591751
0.582595
0.578283
0.570241
0.559632
0.548275
0.529957
0.512049
0.494835
0.47673
0.458609
0.432262
0.410325
0.389659
0.365034
0.33493
0.308931
0.278826
0.250009
0.223408
0.19143
0.163793
0.135153
0.10611
0.0773301
0.0497436
0.0185362
-0.0111391
-0.046146
-0.0764754
-0.109067
-0.137504
-0.163671
-0.192393
-0.225164
-0.258297
-0.278009
-0.299804
-0.329437
-0.354003
-0.371796
-0.393213
-0.414387
-0.432269
-0.449526
-0.467873
-0.480452
-0.501963
-0.516234
-0.533869
-0.542949
-0.559517
-0.569222
-0.58257
-0.586096
-0.589446
-0.592572
-0.596013
-0.594934
-0.595825
-0.59484
-0.595135
-0.590969
-0.580566
-0.577416
-0.568594
-0.557404
-0.543975
-0.526186
-0.508669
-0.491797
-0.473174
-0.453844
-0.427545
-0.40587
-0.38455
-0.360358
-0.328682
-0.303786
-0.272879
-0.243373
-0.218445
-0.185334
-0.158542
-0.127349
-0.100782
-0.0714181
-0.0447648
-0.0120429
0.0182569
0.0525983
0.0836432
0.114207
0.143426
0.168581
0.199022
0.23238
0.261749
0.282427
0.30547
0.337094
0.35704
0.376163
0.397076
0.41874
0.436173
0.453479
0.469966
0.48473
0.505313
0.520078
0.537749
0.544565
0.561859
0.571913
0.584189
0.586915
0.589582
0.593373
0.59571
0.595515
0.59549
0.595279
0.595081
0.588847
0.579428
0.575784
0.567953
0.553784
0.540597
0.522205
0.504316
0.488821
0.469676
0.447638
0.423014
0.402009
0.378818
0.354
0.323358
0.298132
0.266749
0.237445
0.211187
0.179389
0.153312
0.121469
0.09451
0.0659346
0.0379107
0.00602014
-0.0252954
-0.0591796
-0.0900035
-0.120789
-0.149141
-0.174253
-0.206253
-0.239419
-0.265995
-0.286166
-0.312297
-0.342837
-0.359895
-0.381095
-0.402012
-0.422337
-0.439461
-0.457598
-0.471648
-0.489466
-0.508335
-0.523085
-0.54107
-0.547592
-0.564139
-0.574139
-0.58543
-0.587083
-0.590214
-0.593906
-0.595734
-0.595462
-0.595588
-0.595756
-0.594122
-0.586684
-0.579112
-0.573494
-0.565967
-0.551515
-0.536298
-0.518331
-0.500669
-0.4847
-0.466112
-0.441512
-0.418214
-0.3979
-0.373168
-0.347426
-0.317829
-0.292136
-0.260653
-0.23271
-0.204324
-0.173385
-0.147522
-0.115809
-0.0900939
-0.0589431
-0.0312215
0.000185828
0.0322372
0.0657639
0.0965228
0.127134
0.154382
0.180555
0.213353
0.246467
0.271074
0.290117
0.31838
0.347499
0.363875
0.38539
0.406427
0.425494
0.443118
0.461447
0.473881
0.494005
0.511424
0.525615
0.544172
0.550842
0.566629
0.57671
0.585749
0.587714
0.591613
0.593759
0.59567
0.595766
0.595502
0.59558
0.592804
0.584439
0.579028
0.571272
0.562322
0.549689
0.532688
0.514958
0.497746
0.480289
0.461483
0.437189
0.413682
0.394318
0.368032
0.341413
0.311746
0.286073
0.254225
0.2281
0.196389
0.168245
0.140763
0.110875
0.0837859
0.0532727
0.024924
-0.00688474
-0.0389423
-0.0722793
-0.102803
-0.133056
-0.159296
-0.187086
-0.219557
-0.253451
-0.274509
-0.29552
-0.323717
-0.351361
-0.368373
-0.389405
-0.410787
-0.4289
-0.446883
-0.464994
-0.477466
-0.496958
-0.514794
-0.528871
-0.545598
-0.554821
-0.56888
-0.579393
-0.586468
-0.588122
-0.592808
-0.594234
-0.595489
-0.595212
-0.595439
-0.595225
-0.592161
-0.581723
-0.578609
-0.569736
-0.55954
-0.547354
-0.529379
-0.511627
-0.494433
-0.476262
-0.457713
-0.431986
-0.408987
-0.389787
-0.363274
-0.335292
-0.306842
-0.279188
-0.24771
-0.223765
-0.190195
-0.162879
-0.134443
-0.104382
-0.0774934
-0.0477206
-0.0189985
0.0134789
0.0458256
0.0788211
0.108809
0.139077
0.163841
0.193791
0.22555
0.25935
0.278319
0.300709
0.330468
0.354335
0.372801
0.393442
0.415637
0.432192
0.450577
0.467548
0.482261
0.500916
0.518528
0.532876
0.544434
0.558479
0.570986
0.581667
0.587301
0.5886
0.593417
0.59547
0.595458
0.595315
0.595335
0.594555
0.591161
0.579938
0.577655
0.568174
0.556807
0.543354
0.52576
0.508027
0.491512
0.472776
0.452806
0.427373
0.4046
0.384671
0.358291
0.329359
0.301561
0.273301
0.241328
0.218324
0.184087
0.157637
0.127039
0.0987505
0.0719548
0.0424458
0.0126412
-0.0209572
-0.0518617
-0.0861798
-0.113853
-0.145104
-0.168699
-0.200713
-0.232897
-0.262629
-0.282639
-0.306596
-0.338021
-0.35709
-0.377178
-0.397239
-0.419859
-0.436133
-0.454808
-0.469451
-0.486605
-0.504161
-0.52221
-0.536558
-0.54657
-0.560523
-0.573664
-0.583167
-0.588077
-0.588619
-0.594269
-0.594969
-0.596103
-0.59494
-0.595907
-0.594448
-0.58908
-0.57886
-0.575747
-0.567453
-0.553543
-0.540142
-0.521464
-0.503701
-0.488268
-0.469364
-0.446373
-0.422891
-0.400659
-0.378951
-0.351864
-0.324054
-0.295841
-0.267073
-0.235585
-0.211086
-0.178215
-0.152355
-0.12127
-0.0928221
-0.0663353
-0.035465
-0.00671417
0.0279561
0.0585615
0.0924769
0.120725
0.150758
0.17451
0.207825
0.239953
0.267179
0.28633
0.313445
0.343583
0.360365
0.382047
0.402272
0.423411
0.439475
0.458746
0.471144
0.491475
0.50717
0.52511
0.539995
0.549662
0.563066
0.575738
0.584394
0.588152
0.589502
0.594701
0.59519
0.59607
0.594993
0.596367
0.593493
0.586765
0.578708
0.573478
0.565267
0.551267
0.535785
0.517843
0.500059
0.484092
0.465548
0.440497
0.418137
0.396543
0.373443
0.345271
0.31844
0.289899
0.260994
0.231173
0.203704
0.172485
0.14623
0.115758
0.0882943
0.0593927
0.0289541
0.000396244
-0.0347537
-0.065209
-0.0988238
-0.126996
-0.155826
-0.181136
-0.214758
-0.247074
-0.271925
-0.290799
-0.319266
-0.348307
-0.364315
-0.386342
-0.406377
-0.426548
-0.443134
-0.462647
-0.473111
-0.496061
-0.510289
-0.527614
-0.542926
-0.55286
-0.565576
-0.578413
-0.584789
-0.588751
-0.590966
-0.594255
-0.595115
-0.5963
-0.594991
-0.596192
-0.592092
-0.584575
-0.578561
-0.571329
-0.56176
-0.549776
-0.532193
-0.514446
-0.497171
-0.479562
-0.461231
-0.436057
-0.413599
-0.392972
-0.368289
-0.339266
-0.312429
-0.2836
-0.254738
-0.226372
-0.196031
-0.167256
-0.139713
-0.110641
-0.0819972
-0.0536551
-0.022697
0.00642206
0.0413845
0.0717836
0.104991
0.133099
0.160615
0.187485
0.221025
0.25417
0.275328
0.296109
0.324656
0.352007
0.368752
0.390347
0.410983
0.429953
0.446882
0.466092
0.477127
0.4992
0.513615
0.53096
0.543975
0.556868
0.567783
0.580989
0.585472
0.589119
0.5922
0.595193
0.594902
0.595695
0.594801
0.595713
0.591589
0.581753
0.578153
0.569828
0.559318
0.54679
0.528765
0.511245
0.493904
0.475717
0.457281
0.430843
0.408938
0.388225
0.363743
0.333043
0.307654
0.277013
0.247852
0.222303
0.18953
0.162137
0.132964
0.104476
0.0755805
0.0482491
0.0168785
-0.0132448
-0.0481278
-0.0784447
-0.11075
-0.139195
-0.165131
-0.194301
-0.227025
-0.259501
-0.279344
-0.301348
-0.331538
-0.35496
-0.373256
-0.394408
-0.415838
-0.433348
-0.450571
-0.468546
-0.481699
-0.503029
-0.517454
-0.535271
-0.542926
-0.560344
-0.570105
-0.583274
-0.586299
-0.589614
-0.592686
-0.596173
-0.594929
-0.595819
-0.594834
-0.595076
-0.590246
-0.580223
-0.577151
-0.568305
-0.5562
-0.542689
-0.525429
-0.507457
-0.491112
-0.472164
-0.452348
-0.426179
-0.404732
-0.382902
-0.358638
-0.327176
-0.302181
-0.271143
-0.241543
-0.216531
-0.18343
-0.15701
-0.125617
-0.0989409
-0.0697673
-0.0429866
-0.0101665
0.020337
0.0544672
0.0855277
0.116052
0.145059
0.17022
0.20122
0.234531
0.262748
0.28336
0.307518
0.338974
0.357502
0.377777
0.398256
0.419899
0.437152
0.454975
0.470412
0.486042
0.506221
0.521056
0.538567
0.545446
0.562289
0.572663
0.584564
0.587087
0.589568
0.593614
0.595462
0.595631
0.595516
0.59542
0.594816
0.588364
0.579094
0.575059
0.567419
0.553213
0.539403
0.520952
0.503195
0.487692
0.468723
0.445844
0.421612
0.400827
0.377081
0.352137
0.321772
0.296411
0.264931
0.235773
0.209472
0.177669
0.151685
0.119831
0.0932704
0.063993
0.0358428
0.00431788
-0.0274146
-0.0610994
-0.091964
-0.122868
-0.150793
-0.175931
-0.208249
-0.241366
-0.267682
-0.287067
-0.314214
-0.344199
-0.361118
-0.382355
-0.4034
-0.423475
-0.440602
-0.458737
-0.472335
-0.490802
-0.509204
-0.523829
-0.541995
-0.548635
-0.564856
-0.574727
-0.585713
-0.587136
-0.590521
-0.594011
-0.59573
-0.59564
-0.59558
-0.595739
-0.593855
-0.585952
-0.579134
-0.572805
-0.564758
-0.551004
-0.535182
-0.517393
-0.499722
-0.483468
-0.464582
-0.440344
-0.416864
-0.396807
-0.371682
-0.345615
-0.316117
-0.290401
-0.258799
-0.231523
-0.201848
-0.171919
-0.145486
-0.114353
-0.0885021
-0.0572051
-0.0293441
0.0020337
0.0341852
0.0676498
0.0983409
0.128792
0.155834
0.182699
0.215001
0.248459
0.272079
0.291856
0.319777
0.348943
0.365167
0.386546
0.407409
0.426488
0.444225
0.462551
0.474251
0.495162
0.512413
0.526358
0.544859
0.551849
0.567325
0.577494
0.586043
0.587797
0.591992
0.593523
0.595572
0.595763
0.595551
0.595667
0.592445
0.583788
0.5789
0.570794
0.561546
0.549686
0.531672
0.513977
0.49673
0.478846
0.460559
0.43576
0.412294
0.393273
0.366441
0.339658
0.310244
0.284033
0.252425
0.226865
0.194444
0.166678
0.139072
0.109113
0.0818856
0.0516425
0.0230911
-0.00880433
-0.040883
-0.0741534
-0.104594
-0.134805
-0.160649
-0.188938
-0.221373
-0.255379
-0.275571
-0.296973
-0.325512
-0.352342
-0.369528
-0.390524
-0.412122
-0.429892
-0.447915
-0.465837
-0.478832
-0.498303
-0.515592
-0.529875
-0.545513
-0.555901
-0.569467
-0.580035
-0.586715
-0.588209
-0.593154
-0.594792
-0.595362
-0.595144
-0.595365
-0.595091
-0.592019
-0.581053
-0.578407
-0.569378
-0.559121
-0.546385
-0.528097
-0.510837
-0.493488
-0.475251
-0.456364
-0.43063
-0.407593
-0.388419
-0.362009
-0.33349
-0.30551
-0.277441
-0.245555
-0.22254
-0.188328
-0.161372
-0.132263
-0.102875
-0.0757872
-0.0461347
-0.0173533
0.0157902
0.0476157
0.0808735
0.110295
0.140795
0.165214
0.195613
0.22765
0.2603
0.279741
0.302161
0.332513
0.355326
0.374135
0.394537
0.416912
0.433441
0.451622
0.468149
0.483343
0.501939
0.519654
0.534247
0.544723
0.5592
0.571861
0.582239
0.587514
0.588742
0.593583
0.595544
0.595465
0.595232
0.595438
0.594551
0.590422
0.57953
0.577386
0.568031
0.555812
0.54209
0.524956
0.506815
0.490711
0.471759
0.451196
0.426045
0.403442
0.383033
0.356504
0.327874
0.29994
0.271536
0.239599
0.216204
0.182189
0.156224
0.125369
0.0969293
0.0703603
0.0403514
0.0109753
-0.0230261
-0.0537265
-0.0879249
-0.115657
-0.146802
-0.170356
-0.202845
-0.234911
-0.263823
-0.283458
-0.308743
-0.339874
-0.357695
-0.378803
-0.398559
-0.420912
-0.437032
-0.456118
-0.469831
-0.487961
-0.505068
-0.523191
-0.537353
-0.54742
-0.56114
-0.574369
-0.583539
-0.58819
-0.588754
-0.59446
-0.594952
-0.596073
-0.595064
-0.596012
-0.594182
-0.588609
-0.578528
-0.57512
-0.566954
-0.553155
-0.538671
-0.5204
-0.502631
-0.487131
-0.468383
-0.444643
-0.421492
-0.399463
-0.377266
-0.349892
-0.322515
-0.294173
-0.265296
-0.233976
-0.209186
-0.176618
-0.1506
-0.119701
-0.0917062
-0.0644204
-0.033507
-0.00503777
0.0299606
0.0604962
0.0943285
0.12271
0.152292
0.176226
0.209743
0.241897
0.268818
0.287438
0.315223
0.344908
0.361539
0.383292
0.403586
0.424426
0.440679
0.459913
0.47175
0.492874
0.507979
0.525816
0.540904
0.550579
0.563777
0.576489
0.584662
0.588273
0.58982
0.594709
0.595152
0.59618
0.595067
0.596149
0.593184
0.586104
0.578707
0.572814
0.563982
0.550674
0.534727
0.51692
0.499359
0.482802
0.464037
0.439336
0.416898
0.39552
0.371991
0.343447
0.316709
0.288221
0.259165
0.229828
0.201123
0.171125
0.144291
0.114353
0.0867146
0.057678
0.0271566
-0.00147084
-0.0366424
-0.0670955
-0.100573
-0.128698
-0.157212
-0.183203
-0.216274
-0.249093
-0.272935
-0.292447
-0.320538
-0.349616
-0.365693
-0.387483
-0.407604
-0.42749
-0.444237
-0.463726
-0.47357
-0.496983
-0.511295
-0.528345
-0.543602
-0.554055
-0.566196
-0.579152
-0.585028
-0.588814
-0.591327
-0.594278
-0.595012
-0.596185
-0.595041
-0.596122
-0.591857
-0.583907
-0.578435
-0.570875
-0.560857
-0.549524
-0.531278
-0.513486
-0.496228
-0.478252
-0.460319
-0.434544
-0.412254
-0.391789
-0.366889
-0.337542
-0.31097
-0.281656
-0.252951
-0.225158
-0.194098
-0.165812
-0.138144
-0.108907
-0.0800136
-0.0521
-0.0209979
0.00828691
0.043281
0.0736525
0.106657
0.134847
0.161871
0.189513
0.222684
0.25584
0.276446
0.297566
0.32655
0.352827
0.36989
0.391447
0.412272
0.430894
0.447895
0.466864
0.478429
0.500385
0.514332
0.532159
0.543622
0.557929
0.568379
0.581624
0.585729
0.589228
0.592379
0.595698
0.594789
0.595636
0.594887
0.595498
0.591435
0.58127
0.577855
0.569399
0.558593
0.546054
0.527515
0.510398
0.492937
0.474715
0.455951
0.429519
0.407574
0.386865
0.362538
0.331262
0.306171
0.275366
0.245897
0.221094
0.187691
0.160991
0.130468
0.103162
0.0738099
0.0468285
0.0150154
-0.0152677
-0.0500198
-0.080385
-0.112133
-0.140871
-0.166519
-0.19596
-0.229186
-0.260481
-0.280729
-0.302761
-0.333583
-0.356073
-0.374472
-0.395448
-0.416987
-0.434616
-0.451594
-0.469136
-0.482783
-0.503993
-0.518541
-0.536381
-0.54342
-0.561052
-0.570822
-0.583673
-0.586567
-0.589712
-0.592944
-0.595968
-0.595085
-0.595648
-0.594985
-0.595057
-0.589661
-0.579768
-0.576794
-0.568344
-0.555347
-0.54157
-0.524465
-0.506232
-0.490253
-0.471115
-0.450515
-0.424909
-0.403622
-0.381264
-0.356757
-0.325682
-0.300571
-0.269407
-0.239865
-0.214239
-0.181725
-0.155593
-0.123924
-0.0971373
-0.0682571
-0.0407731
-0.0085332
0.0223787
0.0563336
0.0872262
0.117868
0.146788
0.171833
0.203282
0.236388
0.264077
0.284325
0.309539
0.340791
0.358205
0.379249
0.399812
0.420869
0.438027
0.456089
0.470756
0.487446
0.507109
0.521975
0.539405
0.546312
0.562935
0.573383
0.584925
0.587161
0.589753
0.59381
0.595544
0.59551
0.595624
0.595551
0.594557
0.587911
0.57893
0.574489
0.566858
0.552683
0.537928
0.519893
0.502195
0.486556
0.467667
0.444209
0.420187
0.399661
0.375399
0.350179
0.320241
0.294718
0.263178
0.234154
0.207508
0.175994
0.15003
0.118211
0.0920698
0.0619221
0.033946
0.00260323
-0.0293902
-0.0629994
-0.0938175
-0.124685
-0.152244
-0.177635
-0.210311
-0.243401
-0.269153
-0.288262
-0.315925
-0.345511
-0.362269
-0.383568
-0.404689
-0.424309
-0.44174
-0.459831
-0.472903
-0.492231
-0.510019
-0.524527
-0.543086
-0.549433
-0.56556
-0.575567
-0.585765
-0.587465
-0.590927
-0.593938
-0.595679
-0.595691
-0.595486
-0.595533
-0.593504
-0.585316
-0.57912
-0.572115
-0.563608
-0.550179
-0.534174
-0.516447
-0.499058
-0.482193
-0.463195
-0.439111
-0.415653
-0.395807
-0.370266
-0.343764
-0.314337
-0.28872
-0.25694
-0.230151
-0.199336
-0.170575
-0.143525
-0.113013
-0.0866982
-0.0555694
-0.0276322
0.00398961
0.0361004
0.0695285
0.10013
0.130497
0.157245
0.18464
0.21668
0.25046
0.273068
0.293373
0.321248
0.349939
0.366576
0.387719
0.408784
0.427425
0.445323
0.463554
0.475263
0.495875
0.513389
0.527041
0.545493
0.55316
0.567926
0.578215
0.586283
0.587806
0.592324
0.593661
0.595527
0.595492
0.595617
0.59553
0.592268
0.583057
0.578782
0.570363
0.560478
0.549294
0.530758
0.512934
0.495833
0.477725
0.459653
0.434132
0.410985
0.391895
0.365178
0.337989
0.308772
0.282101
0.250613
0.22561
0.192623
0.165249
0.137453
0.107276
0.0800417
0.0501212
0.0213253
-0.0106473
-0.0428265
-0.076004
-0.106249
-0.136528
-0.161899
-0.190934
-0.223052
-0.256985
-0.276704
-0.29843
-0.327415
-0.352919
-0.37084
-0.391636
-0.41344
-0.43084
-0.448981
-0.46652
-0.480184
-0.499391
-0.516472
-0.531152
-0.544955
-0.556978
-0.570014
-0.580694
-0.586965
-0.588351
-0.593231
-0.595268
-0.595302
-0.595262
-0.595407
-0.594862
-0.591785
-0.580586
-0.57807
-0.56882
-0.558327
-0.545621
-0.52689
-0.509798
-0.492606
-0.474232
-0.454987
-0.429336
-0.406303
-0.387002
-0.360768
-0.331707
-0.303911
-0.275801
-0.243893
-0.22108
-0.186555
-0.160167
-0.12977
-0.101317
-0.0742744
-0.0446835
-0.0155887
0.0179138
0.0492918
0.0830228
0.111522
0.142597
0.166484
0.197292
0.229872
0.261367
0.280952
0.303808
0.334721
0.356436
0.375288
0.395595
0.418087
0.434702
0.452695
0.468726
0.484565
0.502874
0.520756
0.535286
0.545283
0.559915
0.57257
0.582629
0.587773
0.588811
0.59386
0.595235
0.595742
0.594996
0.595606
0.594562
0.589832
0.579225
0.576838
0.568123
0.554775
0.541381
0.523817
0.505542
0.489816
0.470717
0.449192
0.424804
0.402329
0.381415
0.354609
0.326361
0.298304
0.269748
0.237968
0.213947
0.180565
0.154664
0.123724
0.0951382
0.0689975
0.0382718
0.00926526
-0.0250276
-0.0556624
-0.0897377
-0.117659
-0.14847
-0.172004
-0.204902
-0.23698
-0.265138
-0.284736
-0.310626
-0.341492
-0.358646
-0.380198
-0.400195
-0.421876
-0.437954
-0.457257
-0.470269
-0.489451
-0.505906
-0.523993
-0.53837
-0.548283
-0.561892
-0.575035
-0.583907
-0.588137
-0.588996
-0.594593
-0.594966
-0.595998
-0.595125
-0.596147
-0.593901
-0.587972
-0.578548
-0.574532
-0.566281
-0.552334
-0.537433
-0.519292
-0.501646
-0.485891
-0.467333
-0.442997
-0.419999
-0.398252
-0.375563
-0.347983
-0.320916
-0.292422
-0.263603
-0.232579
-0.207023
-0.174934
-0.148867
-0.118135
-0.0903753
-0.0621782
-0.031666
-0.00316891
0.0319147
0.0624513
0.0961686
0.124509
0.153715
0.178047
0.211993
0.244067
0.27027
0.288651
0.316913
0.34626
0.362679
0.384534
0.404877
0.425217
0.441645
0.461056
0.472337
0.494242
0.508852
0.526524
0.541912
0.551424
0.564505
0.577281
0.584493
0.588627
0.590337
0.594605
0.595123
0.596232
0.594937
0.596139
0.592763
0.585456
0.578675
0.572081
0.562979
0.549964
0.533657
0.515937
0.498576
0.481582
0.462745
0.438076
0.415572
0.394484
0.370564
0.341674
0.31488
0.286501
0.257315
0.228323
0.198828
0.169652
0.142362
0.11308
0.0846436
0.0560636
0.0255236
-0.00353264
-0.0385663
-0.0690158
-0.102352
-0.13048
-0.158605
-0.185076
-0.218197
-0.251104
-0.2739
-0.293947
-0.322181
-0.350509
-0.367016
-0.388717
-0.408994
-0.428449
-0.445325
-0.464696
-0.475048
-0.497714
-0.512151
-0.529233
-0.544012
-0.555253
-0.566851
-0.579887
-0.585215
-0.588958
-0.591643
-0.594424
-0.595019
-0.595967
-0.595087
-0.595847
-0.591774
-0.583043
-0.578323
-0.570439
-0.559923
-0.548818
-0.530366
-0.512459
-0.495295
-0.477161
-0.459219
-0.432946
-0.410958
-0.390334
-0.365629
-0.335825
-0.309486
-0.279729
-0.250997
-0.223935
-0.192258
-0.164492
-0.136158
-0.106976
-0.0781901
-0.0505167
-0.0192945
0.0102331
0.0452404
0.0755667
0.108279
0.136656
0.163088
0.191488
0.224382
0.257505
0.277542
0.299069
0.328472
0.353529
0.371243
0.392609
0.413685
0.431827
0.449009
0.467538
0.479782
0.501499
0.515575
0.533324
0.54312
0.559031
0.568866
0.582266
0.585983
0.589369
0.592499
0.595984
0.594833
0.595838
0.594858
0.595246
0.591141
0.580784
0.577541
0.568799
0.557813
0.544881
0.52651
0.509244
0.492131
0.473618
0.454531
0.428182
0.406402
0.385298
0.361224
0.329401
0.304512
0.273668
0.244225
0.219311
0.186056
0.159382
0.128258
0.10157
0.0721747
0.0454778
0.0130445
-0.0173184
-0.0517642
-0.0826754
-0.113505
-0.142622
-0.167846
-0.197927
-0.231436
-0.261487
-0.281822
-0.304583
-0.335968
-0.357027
-0.375514
-0.396556
-0.418172
-0.43572
-0.452825
-0.469715
-0.484066
-0.50491
-0.519626
-0.537348
-0.544077
-0.5617
-0.57157
-0.584036
-0.586821
-0.589667
-0.593243
-0.595798
-0.595417
-0.595509
-0.595166
-0.595161
-0.589021
-0.579575
-0.576121
-0.568259
-0.554146
-0.541004
-0.522995
-0.504972
-0.489294
-0.470104
-0.44852
-0.423632
-0.402528
-0.379611
-0.354857
-0.324112
-0.298913
-0.267593
-0.238214
-0.212148
-0.180166
-0.153979
-0.122245
-0.0953517
-0.066742
-0.0388129
-0.00680845
0.0243769
0.0582723
0.0891114
0.11986
0.148432
0.173471
0.205317
0.238495
0.265373
0.285662
0.311403
0.342169
0.359347
0.380536
0.40132
0.42186
0.438983
0.457219
0.471363
0.488836
0.50793
0.522721
0.540552
0.547129
0.563789
0.573942
0.585267
0.58704
0.590081
0.593856
0.595661
0.595458
0.595652
0.595664
0.594246
0.587061
0.579059
0.57382
0.566265
0.551851
0.536813
0.518739
0.501171
0.485256
0.466637
0.442408
0.418729
0.398408
0.373837
0.348278
0.318602
0.292942
0.2615
0.233155
0.205284
0.174184
0.148321
0.116555
0.0908246
0.0597837
0.0320896
0.000674518
-0.0313322
-0.0649225
-0.0956701
-0.126349
-0.153709
-0.179633
-0.212457
-0.245506
-0.27061
-0.289494
-0.317591
-0.346854
-0.363385
-0.384811
-0.405989
-0.42506
-0.442642
-0.461013
-0.473553
-0.493458
-0.51096
-0.525272
-0.543855
-0.550387
-0.566304
-0.57635
-0.585644
-0.587694
-0.591424
-0.59385
-0.595672
-0.595748
-0.595485
-0.59558
-0.593041
-0.584704
-0.579062
-0.571497
-0.562709
-0.549765
-0.533075
-0.51545
-0.498208
-0.480922
-0.461966
-0.437832
-0.414314
-0.394788
-0.368759
-0.342157
-0.312586
-0.287028
-0.255039
-0.228702
-0.197281
-0.168997
-0.141601
-0.111668
-0.0846325
-0.0540071
-0.0258977
0.00599115
0.0380447
0.0714157
0.101945
0.132247
0.158654
0.186377
0.218637
0.252484
0.274045
0.294844
0.322924
0.350889
0.367816
0.388889
0.410178
0.428418
0.446388
0.464532
0.476792
0.496553
0.514298
0.528313
0.545602
0.554302
0.568579
0.579004
0.586402
0.588108
0.592627
0.593882
0.595541
0.595333
0.595553
0.595237
0.592235
0.582102
0.578675
0.569939
0.559746
0.548191
0.529887
0.512
0.49486
0.476722
0.458323
0.432648
0.40963
0.390455
0.363883
0.336162
0.307438
0.280066
0.248664
0.224337
0.190915
0.163755
0.135377
0.105241
0.0782802
0.0484609
0.0196798
-0.0125687
-0.0448693
-0.0779168
-0.107988
-0.138306
-0.163171
-0.192873
-0.224778
-0.258665
-0.277765
-0.29997
-0.32948
-0.353892
-0.372098
-0.392869
-0.414939
-0.431759
-0.4501
-0.467217
-0.481618
-0.500433
-0.517934
-0.532301
-0.544518
-0.558056
-0.570631
-0.581344
-0.587196
-0.58851
-0.593364
-0.595381
-0.595448
-0.595304
-0.595371
-0.594612
-0.591429
-0.5801
-0.577781
-0.568323
-0.557472
-0.543921
-0.526125
-0.508589
-0.491812
-0.473217
-0.4535
-0.427987
-0.405128
-0.385409
-0.359127
-0.330024
-0.302286
-0.274079
-0.242152
-0.219192
-0.184947
-0.158364
-0.127804
-0.0996104
-0.0727045
-0.0431947
-0.0135407
0.0199934
0.0510126
0.0853205
0.11297
0.144358
0.167952
0.199669
0.231919
0.262166
0.282152
0.305703
0.337155
0.356909
0.376478
0.396701
0.419296
0.435662
0.454095
0.469245
0.485983
0.503746
0.52176
0.536171
0.546161
0.560395
0.573302
0.582983
0.587985
0.588667
0.594142
0.595099
0.596033
0.594959
0.59582
0.594563
0.589301
0.578976
0.576118
0.567709
0.553837
0.540598
0.522114
0.50421
0.48879
0.469793
0.44722
0.42352
0.401203
0.379748
0.352711
0.324785
0.296631
0.26792
0.236351
0.211852
0.178984
0.1531
0.122062
0.0933918
0.067249
0.0364006
0.00753482
-0.0269792
-0.057643
-0.0915925
-0.119704
-0.150015
-0.173704
-0.2069
-0.239022
-0.266445
-0.285937
-0.312529
-0.342913
-0.359795
-0.381447
-0.401617
-0.4229
-0.438958
-0.458237
-0.470834
-0.490831
-0.506749
-0.52475
-0.539508
-0.549172
-0.562719
-0.575483
-0.584259
-0.58812
-0.589351
-0.594639
-0.59517
-0.595974
-0.595049
-0.596297
-0.593611
-0.587123
-0.578685
-0.57381
-0.565749
-0.551542
-0.536312
-0.518279
-0.500566
-0.484646
-0.466256
-0.441064
-0.41876
-0.397065
-0.374145
-0.346114
-0.31924
-0.290701
-0.261851
-0.231699
-0.204784
-0.173256
-0.147128
-0.116476
-0.0890112
-0.060238
-0.0298207
-0.00127606
0.0338475
0.0643153
0.0979853
0.126206
0.155151
0.180114
0.213965
0.246149
0.271472
0.289969
0.318569
-0.335894
0.0388352
0.0241965
0.0103977
0.0105374
0.00900355
0.00813501
0.00750269
0.00712319
0.00688258
0.00600935
0.00632895
0.00627404
0.00458389
0.00516999
0.00410133
0.00583365
0.00508703
0.00471151
0.00432308
0.00691155
0.00719454
0.00369527
0.00418258
0.0042479
0.00385575
0.00427753
0.00494661
0.00393001
0.00388869
0.00457509
0.0038112
0.0042969
0.00433322
0.00470414
0.00369407
0.00428825
0.00432921
0.00435662
0.00387446
0.00554568
0.00455666
0.0046776
0.0045215
0.00448814
0.00441456
0.00442643
0.00457305
0.00416182
0.00439958
0.00464323
0.00406191
0.0045902
0.00368684
0.00400681
0.0041011
0.00365401
0.0040237
0.00395046
0.00347288
0.00388814
0.00377352
0.00373116
0.00362441
0.00341334
0.00353587
0.0033554
0.00327864
0.00312819
0.00325865
0.00267364
0.00314388
0.00267836
0.00284031
0.0026303
0.0025501
0.00256681
0.00235773
0.00238839
0.00219621
0.00233022
0.00198596
0.00217657
0.00187372
0.00192289
0.00168156
0.00215446
0.00115137
0.00231848
0.0013732
0.00226581
0.00120558
0.00228012
0.00107063
0.0021585
0.00101478
0.00212036
0.00121691
0.00180887
0.00129964
0.0021311
0.00121032
0.00206547
0.00103438
0.0021963
0.000917742
0.00204479
0.00112065
0.00211663
0.00132396
0.00194999
0.00147936
0.00202358
0.00140562
0.00194603
0.00153608
0.00184416
0.00167115
0.00172581
0.00183236
0.00157713
0.0020008
0.00154978
0.00200714
0.001545
0.00185753
0.00168115
0.00188389
0.00176181
0.00200171
0.00171425
0.0018629
0.00176723
0.00171213
0.00183669
0.00170658
0.0016561
0.00178208
0.0016747
0.00167147
0.00157278
0.00162855
0.00163586
0.00138472
0.00155285
0.00148181
0.0015076
0.00153528
0.00156334
0.00139417
0.00135496
0.00130623
0.00130957
0.00125026
0.00129282
0.000984918
0.00107978
0.0010657
0.000902567
0.00103833
0.000965619
0.000891751
0.00088957
0.000764199
0.000772234
0.000657703
0.000662643
0.000568105
0.000584444
0.000472095
0.000491613
0.000373297
0.000333226
0.000237826
0.000250418
9.09196e-05
8.82309e-05
2.51388e-06
-1.39724e-05
-0.000124752
-0.000132581
-0.000259989
-0.000256739
-0.00037448
-0.000383902
-0.000504945
-0.000519343
-0.000592822
-0.000624342
-0.00068964
-0.000736051
-0.000856551
-0.000860551
-0.000945432
-0.00107253
-0.00114146
-0.00120174
-0.00122399
-0.00124739
-0.00133878
-0.00136401
-0.00144922
-0.00147256
-0.00155017
-0.00158366
-0.00165127
-0.00167532
-0.00172203
-0.00174079
-0.00194189
-0.00202237
-0.00179653
-0.00195964
-0.00191297
-0.00198837
-0.00212368
-0.00215087
-0.0021797
-0.00221439
-0.00221758
-0.00226303
-0.00227642
-0.00228629
-0.00230724
-0.00236778
-0.00235638
-0.00244501
-0.00240976
-0.00244692
-0.00237956
-0.00240964
-0.00243878
-0.00246772
-0.0023804
-0.00243205
-0.00237198
-0.00243078
-0.00232757
-0.00238247
-0.00229839
-0.00236079
-0.00226908
-0.00231856
-0.00216955
-0.00222746
-0.0021035
-0.00213282
-0.00203904
-0.00206974
-0.00195608
-0.00203903
-0.00196566
-0.00203723
-0.00188343
-0.00189222
-0.00166629
-0.00170138
-0.00152385
-0.00157781
-0.00140029
-0.00145861
-0.00127269
-0.00130749
-0.00111961
-0.00116277
-0.000970841
-0.00100878
-0.000817267
-0.000854555
-0.000643325
-0.000677438
-0.000459933
-0.000481874
-0.000276933
-0.000370153
-0.000245993
-0.000254019
-2.95495e-07
-7.17967e-06
0.000263921
0.000263057
0.000555899
0.00053875
0.000767285
0.000694583
0.000841746
0.000779981
0.0010198
0.00101705
0.00122269
0.00122165
0.00141066
0.00138109
0.00159474
0.00159954
0.00178251
0.00178919
0.00195374
0.0019581
0.0021332
0.00215206
0.00228134
0.00229871
0.0024365
0.00246923
0.00259913
0.00263401
0.00274222
0.00276999
0.0028539
0.00288111
0.00295926
0.0029979
0.00305899
0.00309568
0.00316718
0.00325339
0.00330555
0.0033634
0.00338395
0.00344602
0.00345278
0.00352243
0.00349957
0.00356552
0.00350047
0.0035707
0.00352131
0.00358863
0.0035172
0.00358924
0.0034975
0.00358836
0.00349434
0.00358365
0.00347029
0.00354874
0.00340529
0.00349137
0.00332749
0.00341613
0.00326511
0.00335719
0.00315914
0.00330275
0.00310845
0.00322953
0.0029935
0.00308922
0.002844
0.00294108
0.00268678
0.00280706
0.00253213
0.00261515
0.00234525
0.00246314
0.0021876
0.0022393
0.00192248
0.00197957
0.0015635
0.00168875
0.00136459
0.0014764
0.00114233
0.0012369
0.000870333
0.000957344
0.000612263
0.00070975
0.000380422
0.000508356
0.000219321
0.000300231
-6.26486e-05
1.18687e-05
-0.000327486
-0.000261616
-0.000602981
-0.000529327
-0.000879517
-0.000805055
-0.00114501
-0.00107801
-0.00140946
-0.0013465
-0.00166428
-0.0016116
-0.00192138
-0.00186872
-0.00216755
-0.0021193
-0.00240296
-0.00235454
-0.00262568
-0.00261302
-0.0028785
-0.00284159
-0.00306432
-0.0030479
-0.00326754
-0.0032589
-0.00346077
-0.00345074
-0.00361693
-0.0036452
-0.00379897
-0.00380727
-0.00393906
-0.00394656
-0.00405591
-0.00409018
-0.00417495
-0.00419828
-0.00425645
-0.00429355
-0.0043244
-0.00436447
-0.00438896
-0.0044306
-0.00440931
-0.00446821
-0.00442249
-0.00446723
-0.00440312
-0.00450516
-0.00443071
-0.0045224
-0.0043896
-0.0044917
-0.00433224
-0.0044293
-0.00423641
-0.00432945
-0.00413394
-0.00425265
-0.00401459
-0.00413451
-0.00387913
-0.00400455
-0.00372138
-0.00385296
-0.00354644
-0.00369667
-0.00338078
-0.00351904
-0.00314442
-0.00327329
-0.00287147
-0.0029859
-0.00262376
-0.00277425
-0.00235913
-0.00252383
-0.00210236
-0.0022505
-0.00179376
-0.0019274
-0.00147192
-0.00164457
-0.00117474
-0.00134347
-0.000863286
-0.00101741
-0.000525702
-0.000670844
-0.00018509
-0.000337914
0.0001597
7.55177e-06
0.000471076
0.000250159
0.000748267
0.00058678
0.00107331
0.000920848
0.00141339
0.00126583
0.00173101
0.00156327
0.00200721
0.00184843
0.00229361
0.00218664
0.00263168
0.00250104
0.00291447
0.00279756
0.00319053
0.00308116
0.0034618
0.00335411
0.00370641
0.00360822
0.00393674
0.00384617
0.00414869
0.00406955
0.00434076
0.00427149
0.00451707
0.00442456
0.00467961
0.00469375
0.00488566
0.00486331
0.00501429
0.00498797
0.00511369
0.00509996
0.00519757
0.00518162
0.00522925
0.00525376
0.00526963
0.00528753
0.00527828
0.00533919
0.00530164
0.00528704
0.00511233
0.00522574
0.005104
0.00517822
0.00503278
0.00513516
0.00492347
0.00502428
0.00480847
0.00492143
0.00464853
0.0047882
0.00446529
0.00460252
0.00428126
0.00445261
0.00408219
0.00427704
0.00386728
0.00405193
0.00361089
0.00377909
0.00334455
0.00359817
0.00311733
0.00332129
0.00281851
0.00304254
0.00250864
0.00274701
0.00219115
0.00242769
0.00186014
0.00210335
0.00153374
0.00180888
0.00120493
0.00146636
0.000808709
0.00104616
0.000425343
0.000689921
7.74527e-05
0.000336273
-0.00029013
-2.23953e-05
-0.000641765
-0.000372617
-0.000982506
-0.000709224
-0.00136727
-0.0011237
-0.00174473
-0.00148317
-0.00210392
-0.00186295
-0.00243429
-0.0021709
-0.00271877
-0.00247057
-0.00296728
-0.00274765
-0.00326751
-0.00303749
-0.00352477
-0.00330806
-0.00378577
-0.00357783
-0.00403594
-0.00386113
-0.00424003
-0.00407758
-0.00446772
-0.00429204
-0.00463851
-0.00453644
-0.00482002
-0.00471542
-0.00495953
-0.00489386
-0.00511422
-0.0050477
-0.00517659
-0.00508304
-0.00516786
-0.00513189
-0.00519534
-0.00518189
-0.00521312
-0.00519382
-0.00519278
-0.00521637
-0.00511751
-0.00518011
-0.00510045
-0.00518827
-0.00502161
-0.00512184
-0.00491525
-0.00500668
-0.00470045
-0.00483061
-0.00451844
-0.00467146
-0.00431272
-0.00448599
-0.0040841
-0.00426902
-0.00382714
-0.00405006
-0.00357521
-0.00380767
-0.00329298
-0.0035204
-0.0029856
-0.00323326
-0.00268208
-0.00286676
-0.00230506
-0.00250923
-0.00194912
-0.00217562
-0.00160437
-0.00179678
-0.00119706
-0.00139641
-0.00081962
-0.00100976
-0.000410689
-0.0005891
1.46276e-05
-0.000175063
0.000435158
0.000247431
0.00083908
0.000662478
0.00124964
0.00106505
0.00166558
0.00149951
0.00208876
0.00192009
0.00248956
0.00232947
0.00288104
0.00272171
0.00325755
0.0031033
0.0036193
0.00346753
0.0039596
0.0038181
0.00428429
0.00414157
0.00458531
0.00444534
0.00486132
0.00472527
0.00510954
0.00497762
0.00532895
0.00519939
0.00551597
0.00538768
0.00567046
0.00554294
0.00577271
0.00570098
0.00589855
0.00579973
0.00592773
0.00585178
0.00592323
0.00587153
0.00588423
0.00586047
0.00580233
0.00580166
0.00568609
0.00571258
0.00553197
0.00558586
0.00534187
0.00541489
0.00513068
0.00519177
0.00487955
0.0049383
0.00459149
0.00465166
0.00426938
0.00433281
0.00391428
0.00398316
0.00352751
0.00360358
0.00311952
0.00320259
0.00268234
0.00277688
0.00222391
0.00232804
0.00175405
0.00186772
0.00126505
0.00139091
0.000765221
0.000902927
0.000258003
0.000407841
-0.000251275
-8.86645e-05
-0.00075953
-0.000583974
-0.0012636
-0.00107331
-0.00175757
-0.00155507
-0.00223937
-0.00202232
-0.00270783
-0.00247478
-0.0031534
-0.00290547
-0.00357337
-0.00331135
-0.00396927
-0.00369136
-0.00433259
-0.00404011
-0.0046617
-0.00436215
-0.00495549
-0.00463412
-0.00520898
-0.00487389
-0.00541606
-0.00507822
-0.00557576
-0.00524326
-0.00568838
-0.00536615
-0.00575342
-0.00544097
-0.00576313
-0.00547357
-0.00571725
-0.0054391
-0.00567944
-0.00544367
-0.00554827
-0.00531968
-0.00536321
-0.00516796
-0.00513331
-0.00496908
-0.00486235
-0.00472924
-0.00455108
-0.00444974
-0.00419854
-0.00413417
-0.00381508
-0.00378194
-0.0033934
-0.00338945
-0.00294439
-0.00297797
-0.00246404
-0.00253296
-0.0019612
-0.00206414
-0.00143707
-0.00156315
-0.000905961
-0.00107441
-0.000357908
-0.000557183
0.000198516
-3.68273e-05
0.00075038
0.00048782
0.00130793
0.00102616
0.00185063
0.00153703
0.00238577
0.00205588
0.00290798
0.00254937
0.00340845
0.00302829
0.00387647
0.00349143
0.00432148
0.00390065
0.00475516
0.00440928
0.00513968
0.00471214
0.00537693
0.00492387
0.00559911
0.0052419
0.00582804
0.00548653
0.00595941
0.00575551
0.00624192
0.00596308
0.00635439
0.00602781
0.00633609
0.00610483
0.00641867
0.0061302
0.00636515
0.00608153
0.00621591
0.00594162
0.00606157
0.00580525
0.00588214
0.00560758
0.005625
0.00533577
0.00531624
0.00503508
0.00501721
0.00465505
0.0046357
0.00418709
0.00410804
0.00370207
0.00368755
0.00327024
0.00317825
0.00274012
0.00255489
0.00218181
0.00197393
0.00160068
0.00136489
0.000991906
0.000706363
0.000398424
0.000122336
-0.000201474
-0.000554131
-0.000891236
-0.0012238
-0.00155491
-0.00193326
-0.00224525
-0.00270415
-0.00296601
-0.00330999
-0.00353726
-0.00383965
-0.00398174
-0.00435738
-0.00449583
-0.00486344
-0.0050343
-0.00552032
-0.00563245
-0.00606882
-0.00621043
-0.0065991
-0.0067154
-0.00708836
-0.00717864
-0.00753216
-0.00757915
-0.00788382
-0.00785247
-0.00820427
-0.00819147
-0.00851699
-0.00854504
-0.00880659
-0.00871437
-0.00901094
-0.00887508
-0.00910114
-0.00898261
-0.0091963
-0.00891285
-0.00911339
-0.00889783
-0.00904195
-0.00873533
-0.00886777
-0.00858838
-0.00852513
-0.00823374
-0.00830702
-0.00799927
-0.00797418
-0.00761826
-0.00756582
-0.00723628
-0.00711854
-0.00665775
-0.00662497
-0.00627566
-0.0061112
-0.00569208
-0.00549217
-0.00500718
-0.00469297
-0.00430735
-0.00403547
-0.00363467
-0.00328047
-0.00284463
-0.0025368
-0.00206857
-0.00171326
-0.00126049
-0.000889723
-0.00046659
-1.76316e-05
0.000476868
0.000971151
0.00150985
0.00196209
0.00237228
0.00293449
0.00321748
0.00363558
0.00391665
0.00443249
0.00469432
0.00520067
0.00557275
0.00607483
0.00637987
0.00678287
0.00715312
0.00786214
0.00811179
0.00863439
0.0087806
0.00936322
0.00954422
0.0100418
0.0101974
0.0107074
0.0108726
0.01133
0.0114951
0.0118491
0.0118934
0.0122632
0.0124212
0.0126715
0.0126735
0.0128701
0.0128448
0.0132786
0.0130705
0.0133481
0.0131945
0.0134424
0.013205
0.0133652
0.0131244
0.0133465
0.0131097
0.0132487
0.0129716
0.0129975
0.0125158
0.0123061
0.0120544
0.0120769
0.0116547
0.0114686
0.011057
0.0109272
0.0104355
0.0102528
0.0098078
0.00947219
0.00884753
0.00860377
0.00812352
0.00762949
0.00709759
0.00659166
0.00589366
0.00538741
0.00493245
0.0044176
0.00368132
0.00321916
0.00284027
0.00240149
0.00187313
0.0011864
0.000645889
-0.000219381
-0.00049189
-0.00132327
-0.00176924
-0.00265201
-0.00303498
-0.00401204
-0.00413762
-0.00515844
-0.00546386
-0.00643252
-0.00672926
-0.00789463
-0.00823027
-0.00894275
-0.00923023
-0.0105992
-0.0107095
-0.0115821
-0.0117179
-0.0125934
-0.0126004
-0.0136333
-0.0138464
-0.0148966
-0.014902
-0.0157735
-0.015778
-0.0166411
-0.0166529
-0.0174958
-0.0175574
-0.0181287
-0.0180513
-0.018615
-0.0184172
-0.0190523
-0.0189807
-0.019407
-0.0192099
-0.0192774
-0.0190604
-0.0194964
-0.0194358
-0.0196749
-0.0194679
-0.0196591
-0.0192888
-0.0191837
-0.0190459
-0.0187385
-0.0186442
-0.0182533
-0.0183789
-0.0174663
-0.0173848
-0.0167487
-0.0168997
-0.0156142
-0.0156175
-0.0142716
-0.0148021
-0.0136108
-0.0140296
-0.0122821
-0.0128919
-0.0108621
-0.0113934
-0.00932184
-0.0103884
-0.0080508
-0.00885091
-0.00625687
-0.00723214
-0.00444379
-0.00548225
-0.00279442
-0.00416289
-0.00113289
-0.00250332
0.000672046
-0.000372254
0.00268742
0.00105713
0.00433162
0.0032014
0.00665042
0.00526903
0.00851851
0.00715389
0.0104691
0.00886309
0.0124006
0.0110843
0.0144323
0.013052
0.016287
0.0145648
0.017796
0.0162281
0.0194746
0.0181585
0.0212655
0.0197846
0.022921
0.0214522
0.0244841
0.0229748
0.0253895
0.0235938
0.0266213
0.025004
0.0272499
0.0256688
0.028084
0.0265827
0.0286898
0.0273014
0.0291992
0.0278162
0.0295274
0.0284825
0.0297059
0.0287999
0.0296666
0.0280738
0.0292493
0.0280526
0.0285519
0.0277202
0.0277995
0.0270416
0.0266396
0.0259456
0.0256985
0.0251762
0.0250903
0.0242333
0.023318
0.0225262
0.0217873
0.0210423
0.0199078
0.0192218
0.0183987
0.0175784
0.0162249
0.0153938
0.0138415
0.0132459
0.0116666
0.0106993
0.00951064
0.00869629
0.00709733
0.00624198
0.0042339
0.00278914
0.00109919
-1.70783e-05
-0.00149046
-0.00267545
-0.00468917
-0.00600116
-0.00774648
-0.00893276
-0.0107632
-0.011409
-0.0132188
-0.0143355
-0.0161146
-0.0171057
-0.0187915
-0.0199038
-0.0217471
-0.0227217
-0.0244565
-0.0252769
-0.0273376
-0.0281331
-0.0292807
-0.0300645
-0.0315254
-0.032142
-0.0337222
-0.0343034
-0.0358253
-0.0362151
-0.0376058
-0.0380156
-0.0396315
-0.0401029
-0.0409742
-0.0403974
-0.041634
-0.0413084
-0.0422186
-0.0418174
-0.0428186
-0.0424113
-0.0428674
-0.0423092
-0.042888
-0.0420453
-0.0427762
-0.0421465
-0.0422666
-0.0408594
-0.0405327
-0.0395647
-0.0391088
-0.0385669
-0.0376563
-0.0370084
-0.0356156
-0.0349189
-0.0331847
-0.0325128
-0.0306091
-0.029911
-0.0281736
-0.0274638
-0.0252586
-0.025085
-0.0219228
-0.0219726
-0.018795
-0.0181519
-0.0143156
-0.0148069
-0.0106942
-0.0104046
-0.00658027
-0.00651805
-0.00234776
-0.00216396
0.00204433
0.0022884
0.00625873
0.0062303
0.0105989
0.0104566
0.0148533
0.0147571
0.0192598
0.0189033
0.0233103
0.0235651
0.0282595
0.0280071
0.0324774
0.0319987
0.0360782
0.0356262
0.040483
0.0392963
0.0437931
0.0430777
0.0473552
0.0467677
0.051375
0.0503585
0.0543364
0.0531754
0.0566475
0.0553941
0.0588606
0.0575872
0.0611583
0.0592499
0.0629516
0.0616459
0.0650869
0.0628546
0.0666598
0.0637999
0.066029
0.062853
0.065632
0.0624989
0.065368
0.0620495
0.0642132
0.0611885
0.0625317
0.0593385
0.0600987
0.0576854
0.0576813
0.0552277
0.054508
0.0513425
0.0508704
0.0491515
0.0475666
0.0450169
0.0426095
0.0407064
0.0380765
0.0358815
0.0333899
0.0303862
0.0267719
0.0243969
0.0213889
0.0187607
0.0149373
0.0122398
0.00751062
0.00502468
0.000452394
-0.00111947
-0.00507457
-0.0069512
-0.0114821
-0.0135966
-0.0189781
-0.0211651
-0.0262024
-0.0280794
-0.0333343
-0.0352006
-0.039977
-0.0415674
-0.0474519
-0.048817
-0.0540096
-0.0550854
-0.06066
-0.0618791
-0.0668411
-0.0682419
-0.0729805
-0.0741115
-0.0784969
-0.0788936
-0.0845087
-0.0850876
-0.088927
-0.0890233
-0.0928635
-0.0929605
-0.0967804
-0.0962912
-0.0997764
-0.0988506
-0.102059
-0.101292
-0.103856
-0.102846
-0.104861
-0.103235
-0.105165
-0.103337
-0.104714
-0.103087
-0.10384
-0.10065
-0.100107
-0.0977706
-0.0970013
-0.0934785
-0.0914505
-0.0896189
-0.0873689
-0.0843952
-0.0806977
-0.0781036
-0.0735245
-0.070507
-0.065289
-0.0633792
-0.0562229
-0.0533371
-0.0461844
-0.0438508
-0.0357235
-0.0328915
-0.0230231
-0.0205149
-0.0106733
-0.00784715
0.00193165
0.00409116
0.0129007
0.0162755
0.0277108
0.0303401
0.0412358
0.0443516
0.0553414
0.0576714
0.0665071
0.0699981
0.0795119
0.0830194
0.0953091
0.0979285
0.107252
0.110043
0.118131
0.121019
0.129212
0.131079
0.139465
0.141296
0.148753
0.150927
0.158455
0.159545
0.166617
0.166845
0.172247
0.170493
0.174849
0.173804
0.17884
0.177244
0.182219
0.180144
0.182867
0.179094
0.181889
0.176223
0.1767
0.170662
0.170822
0.163232
0.16535
0.156574
0.157997
0.150525
0.1477
0.137451
0.135139
0.124513
0.120205
0.110399
0.103285
0.0919309
0.0851874
0.0739631
0.0668513
0.0548568
0.0452612
0.0339724
0.0228739
0.0119497
-0.000539604
-0.0131462
-0.0254214
-0.038731
-0.0545852
-0.0658819
-0.0793239
-0.0919602
-0.107401
-0.121565
-0.133593
-0.148748
-0.159678
-0.174432
-0.186007
-0.199671
-0.209869
-0.225848
-0.235059
-0.247433
-0.256105
-0.267136
-0.274206
-0.287036
-0.2916
-0.299357
-0.304419
-0.312008
-0.313537
-0.317702
-0.320201
-0.324536
-0.326147
-0.328301
-0.328667
-0.332679
-0.330789
-0.327925
-0.32244
-0.321706
-0.315064
-0.312935
-0.303408
-0.29926
-0.288966
-0.283365
-0.272811
-0.266761
-0.2505
-0.24288
-0.226763
-0.217413
-0.200991
-0.189711
-0.172625
-0.161598
-0.14095
-0.127908
-0.11082
-0.0961307
-0.0762523
-0.063149
-0.0411062
-0.02473
-0.0111764
0.00774745
0.0262164
0.04574
0.0637481
0.0841033
0.101229
0.122387
0.140229
0.161892
0.177452
0.198582
0.212595
0.234073
0.252421
0.27306
0.287921
0.307517
0.318109
0.335943
0.349565
0.366437
0.377644
0.39287
0.403922
0.413522
0.422757
0.432703
0.441157
0.450561
0.458497
0.46375
0.464898
0.465794
0.468854
0.468126
0.469229
0.464062
0.457692
0.453274
0.447749
0.442043
0.433561
0.426497
0.416483
0.408417
0.39789
0.38456
0.368762
0.353336
0.337939
0.321553
0.307284
0.28324
0.264517
0.243284
0.221088
0.199618
0.178737
0.157649
0.136535
0.114032
0.0922082
0.0655963
0.0456872
0.0189471
-0.00496056
-0.0300212
-0.0514195
-0.070203
-0.0901774
-0.115496
-0.138336
-0.165238
-0.186238
-0.206827
-0.22563
-0.248271
-0.267932
-0.290464
-0.308608
-0.329532
-0.352943
-0.368715
-0.386036
-0.400548
-0.415847
-0.431829
-0.448314
-0.462227
-0.473571
-0.485434
-0.492095
-0.503927
-0.506696
-0.514295
-0.520835
-0.524778
-0.529537
-0.527852
-0.526114
-0.523711
-0.519179
-0.514028
-0.508288
-0.501586
-0.489865
-0.473855
-0.461911
-0.446909
-0.43391
-0.41728
-0.397058
-0.378752
-0.35782
-0.338986
-0.319292
-0.296262
-0.275579
-0.252463
-0.226152
-0.197779
-0.173285
-0.149792
-0.121674
-0.0930403
-0.0669663
-0.0413054
-0.0139035
0.0121051
0.0380174
0.0705221
0.0961714
0.121213
0.151486
0.171362
0.194766
0.21591
0.239682
0.263064
0.286285
0.306368
0.32699
0.348726
0.371784
0.39042
0.408028
0.42772
0.446519
0.463778
0.478405
0.49328
0.499943
0.512274
0.527047
0.537319
0.544418
0.550705
0.553739
0.559844
0.560937
0.566257
0.565375
0.564866
0.558148
0.555105
0.544643
0.533411
0.522609
0.509938
0.493252
0.477349
0.464801
0.442063
0.420349
0.397835
0.379198
0.34971
0.326759
0.304678
0.278982
0.255163
0.231275
0.20238
0.172611
0.146461
0.11783
0.0888204
0.056408
0.0280181
-0.000333697
-0.0297183
-0.0599672
-0.0899792
-0.115936
-0.15042
-0.175596
-0.201282
-0.232149
-0.25876
-0.27615
-0.300563
-0.322063
-0.342946
-0.363437
-0.382559
-0.399842
-0.422168
-0.438988
-0.456563
-0.48043
-0.495566
-0.509522
-0.523699
-0.535123
-0.545639
-0.553282
-0.563566
-0.570138
-0.580659
-0.582127
-0.586841
-0.588265
-0.586141
-0.582472
-0.582181
-0.576958
-0.576336
-0.561323
-0.550864
-0.535187
-0.523591
-0.508458
-0.490772
-0.472768
-0.449632
-0.432623
-0.406112
-0.379774
-0.356145
-0.333921
-0.303634
-0.277483
-0.251147
-0.221783
-0.196084
-0.166227
-0.137879
-0.109842
-0.0807143
-0.0468982
-0.0178244
0.012414
0.0436086
0.0766485
0.105088
0.134403
0.160721
0.19621
0.221209
0.24928
0.274969
0.300203
0.323395
0.34364
0.364868
0.38683
0.406867
0.422614
0.435732
0.458213
0.477419
0.493031
0.516419
0.523952
0.53881
0.55032
0.563141
0.570877
0.579422
0.58435
0.590102
0.592508
0.593916
0.593652
0.591311
0.586459
0.587563
0.579335
0.573783
0.564798
0.55407
0.538546
0.520231
0.505395
0.48697
0.470592
0.444789
0.424895
0.401364
0.377693
0.348822
0.325518
0.294809
0.266767
0.240433
0.209374
0.181925
0.153932
0.124149
0.0956909
0.0675943
0.0351836
0.00568164
-0.0277351
-0.0578478
-0.0917731
-0.122039
-0.147639
-0.174874
-0.208724
-0.240639
-0.266444
-0.285745
-0.313602
-0.341216
-0.358731
-0.379294
-0.401765
-0.420484
-0.437846
-0.452746
-0.469491
-0.490318
-0.505595
-0.525294
-0.535111
-0.550179
-0.560535
-0.573563
-0.582222
-0.58548
-0.589369
-0.592574
-0.596428
-0.595952
-0.592834
-0.592219
-0.592714
-0.585028
-0.576274
-0.574014
-0.562294
-0.550886
-0.532952
-0.515311
-0.499061
-0.48043
-0.46298
-0.436743
-0.415718
-0.393486
-0.369132
-0.339631
-0.314802
-0.284093
-0.255345
-0.229321
-0.196881
-0.169304
-0.140695
-0.111871
-0.0827433
-0.0553893
-0.0229917
0.00597393
0.0409334
0.0712534
0.105084
0.132871
0.159295
0.187777
0.220979
0.253187
0.275372
0.29609
0.325942
0.350748
0.369007
0.389376
0.411294
0.42976
0.446531
0.463489
0.477826
0.499393
0.513879
0.532455
0.540012
0.557211
0.566993
0.580691
0.58544
0.588119
0.591852
0.594974
0.596218
0.594927
0.593233
0.594651
0.591677
0.581528
0.57688
0.570436
0.55818
0.545964
0.527453
0.509975
0.493707
0.474761
0.455475
0.429435
0.407575
0.386324
0.362121
0.330577
0.305698
0.274834
0.245313
0.220516
0.186999
0.160393
0.129279
0.102865
0.0730733
0.0467959
0.0134505
-0.0166236
-0.0509371
-0.0819613
-0.113905
-0.141779
-0.16733
-0.198039
-0.231317
-0.260344
-0.28149
-0.30472
-0.335839
-0.356588
-0.375429
-0.395976
-0.418129
-0.435616
-0.452542
-0.46874
-0.48432
-0.504596
-0.519458
-0.537376
-0.543965
-0.561073
-0.571269
-0.584151
-0.586645
-0.58926
-0.593091
-0.596249
-0.595353
-0.595547
-0.594714
-0.594917
-0.589116
-0.579202
-0.576086
-0.56835
-0.554006
-0.540914
-0.522425
-0.504563
-0.489154
-0.470019
-0.447968
-0.423337
-0.402261
-0.379082
-0.354287
-0.323653
-0.298357
-0.266946
-0.237669
-0.211444
-0.179617
-0.15349
-0.121584
-0.0948382
-0.065889
-0.0379631
-0.00603996
0.0252952
0.0592013
0.0901586
0.120997
0.149156
0.174389
0.206491
0.239616
0.266193
0.286216
0.312588
0.343074
0.360122
0.381302
0.402246
0.422546
0.439693
0.457793
0.471663
0.489751
0.508442
0.523265
0.541351
0.547797
0.564241
0.574083
0.585511
0.587116
0.590277
0.593926
0.595903
0.595532
0.595638
0.595661
0.594138
0.586618
0.578984
0.573492
0.565841
0.551435
0.536082
0.518217
0.500457
0.484433
0.465764
0.441274
0.417931
0.397636
0.372812
0.346995
0.317382
0.291715
0.260173
0.232397
0.203778
0.172891
0.146921
0.115381
0.0896513
0.0584044
0.0306182
-0.000771437
-0.0328719
-0.0663702
-0.0971677
-0.12768
-0.154895
-0.181272
-0.214033
-0.247144
-0.271492
-0.290723
-0.318967
-0.348058
-0.364369
-0.385865
-0.406811
-0.425893
-0.443545
-0.461903
-0.47405
-0.494486
-0.511841
-0.525947
-0.54446
-0.55123
-0.566919
-0.577009
-0.585942
-0.587759
-0.591762
-0.593653
-0.595682
-0.595786
-0.595512
-0.595624
-0.592645
-0.584221
-0.578961
-0.571094
-0.562018
-0.549726
-0.53228
-0.514557
-0.497348
-0.479698
-0.461123
-0.436611
-0.413119
-0.393856
-0.367405
-0.340702
-0.311074
-0.285222
-0.25348
-0.227548
-0.195571
-0.167537
-0.139995
-0.110116
-0.0830379
-0.0525237
-0.0240808
0.00775398
0.0397913
0.0731072
0.103627
0.133849
0.15993
0.187823
0.220437
0.254396
0.274988
0.296184
0.324506
0.351864
0.368949
0.389937
0.41143
0.429389
0.447395
0.465421
0.47811
0.497664
0.51524
0.529314
0.545597
0.555306
0.56916
0.579688
0.586593
0.58817
0.592991
0.594514
0.595433
0.59518
0.59536
0.595203
0.592069
0.581357
0.578547
0.569558
0.559455
0.546825
0.528801
0.511254
0.494001
0.47579
0.457101
0.431348
0.408336
0.389153
0.362676
0.334453
0.306251
0.278362
0.246736
0.223159
0.189308
0.162095
0.133459
0.103641
0.0766985
0.0470117
0.0182073
-0.0146269
-0.0466
-0.0798105
-0.109516
-0.139906
-0.164498
-0.194689
-0.226463
-0.259821
-0.27901
-0.301425
-0.331435
-0.354808
-0.373471
-0.393989
-0.416311
-0.432765
-0.451085
-0.467864
-0.482827
-0.501417
-0.519076
-0.533618
-0.544495
-0.55884
-0.571465
-0.58202
-0.587383
-0.588683
-0.593465
-0.595529
-0.59545
-0.595301
-0.59537
-0.594567
-0.590744
-0.579793
-0.577533
-0.568057
-0.556341
-0.542749
-0.525422
-0.507462
-0.491159
-0.472297
-0.452097
-0.426735
-0.404054
-0.3839
-0.357517
-0.328648
-0.300795
-0.272458
-0.240487
-0.2174
-0.183136
-0.15693
-0.126254
-0.0978885
-0.0711958
-0.0415367
-0.0118241
0.0219396
0.0527386
0.0870884
0.11471
0.145881
0.169477
0.201733
0.233921
0.263135
0.283018
0.307614
0.338894
0.357362
0.377994
0.39779
0.420384
0.436581
0.455517
0.469642
0.487232
0.504589
0.522672
0.536936
0.546976
0.560807
0.573998
0.583343
0.588141
0.588667
0.594361
0.59485
0.596149
0.594974
0.595955
0.594318
0.588852
0.578672
0.575432
0.567224
0.553297
0.539498
0.520961
0.503183
0.487723
0.468919
0.445537
0.422233
0.400087
0.378153
0.350972
0.323317
0.295047
0.266227
0.234819
0.210235
0.17744
0.151518
0.120517
0.0923208
0.0654142
0.0345283
0.00591023
-0.0289053
-0.0594759
-0.0933557
-0.121713
-0.151505
-0.17531
-0.208732
-0.240868
-0.268005
-0.28679
-0.314301
-0.344203
-0.360924
-0.382636
-0.402898
-0.423966
-0.440013
-0.459306
-0.47145
-0.492101
-0.507557
-0.52544
-0.540367
-0.550138
-0.563395
-0.576034
-0.584527
-0.588161
-0.589645
-0.594729
-0.595174
-0.596147
-0.595039
-0.596278
-0.593369
-0.586439
-0.578711
-0.573161
-0.564622
-0.551065
-0.535273
-0.517412
-0.499675
-0.483507
-0.464832
-0.439992
-0.417505
-0.396035
-0.372778
-0.344434
-0.31764
-0.289111
-0.260144
-0.230582
-0.202449
-0.17185
-0.145321
-0.115095
-0.0875792
-0.0585864
-0.0281101
0.000462045
0.0356326
0.0660854
0.0996373
0.127777
0.156471
0.182129
0.215478
0.248004
0.272394
0.291609
0.31985
0.34898
0.364933
0.386859
0.406883
0.426991
0.443646
0.463156
0.473276
0.496573
0.510735
0.527951
0.543238
0.553316
0.565891
0.578768
0.584888
0.588788
0.591142
0.594205
0.595035
0.596285
0.59501
0.5962
0.591958
0.584274
0.578499
0.571111
0.56142
0.549706
0.531754
0.514017
0.4967
0.478883
0.460809
0.435393
0.412963
0.392493
0.367566
0.338445
0.311758
0.282678
0.253912
0.225811
0.195109
0.166568
0.138957
0.109841
0.0810408
0.0529348
0.0219138
-0.00729512
-0.0422673
-0.0726516
-0.105775
-0.133913
-0.161211
-0.188418
-0.221804
-0.254979
-0.275842
-0.296779
-0.325503
-0.352441
-0.369266
-0.390858
-0.411586
-0.430397
-0.447342
-0.466475
-0.477731
-0.499786
-0.513913
-0.531437
-0.543952
-0.557361
-0.568054
-0.581277
-0.585592
-0.589165
-0.592335
-0.595428
-0.594844
-0.595667
-0.594823
-0.59562
-0.591542
-0.581524
-0.578029
-0.569664
-0.559029
-0.546413
-0.528182
-0.510894
-0.493467
-0.475244
-0.456666
-0.43022
-0.408307
-0.387592
-0.36318
-0.332213
-0.307012
-0.276225
-0.246844
-0.221754
-0.188685
-0.161586
-0.131864
-0.103836
-0.0747653
-0.04759
-0.016012
0.0141828
0.0490819
0.0793133
0.11147
0.139941
0.165788
0.195078
0.228068
0.259919
0.279997
0.301984
0.332476
0.355424
0.373843
0.394901
0.416368
0.433941
0.45105
0.468816
0.482154
0.503492
0.517963
0.535822
0.543136
0.560661
0.57046
0.583461
0.586424
0.589667
0.592797
0.596184
0.594943
0.595765
0.594899
0.595065
0.58997
0.579995
0.577026
0.568272
0.555752
0.542116
0.525023
0.506901
0.490723
0.471687
0.451589
0.425568
0.404209
0.382142
0.357761
0.326493
0.301441
0.270347
0.240762
0.215505
0.182618
0.156383
0.124829
0.0981057
0.0690352
0.0419472
0.00942992
-0.0212829
-0.0553221
-0.0862664
-0.116857
-0.145864
-0.170974
-0.20218
-0.235372
-0.263355
-0.283739
-0.308497
-0.339818
-0.357802
-0.378472
-0.398931
-0.420359
-0.437544
-0.455495
-0.470599
-0.48666
-0.506642
-0.521511
-0.53893
-0.545836
-0.562579
-0.572992
-0.584731
-0.587136
-0.589641
-0.593706
-0.595537
-0.595568
-0.595592
-0.595474
-0.594697
-0.588156
-0.578969
-0.574789
-0.56718
-0.553093
-0.538688
-0.520464
-0.502723
-0.487184
-0.468246
-0.445081
-0.420961
-0.400295
-0.376303
-0.351213
-0.321072
-0.29565
-0.26412
-0.235034
-0.208588
-0.176916
-0.15092
-0.119086
-0.0927585
-0.0631702
-0.0348939
-0.0035902
0.0283661
0.0619484
0.0928437
0.123691
0.151506
0.176698
0.209141
0.242233
0.268398
0.287614
0.31502
0.3448
0.361659
0.382916
0.404001
0.423866
0.44118
0.459258
0.472607
0.491459
0.509574
0.524158
0.542467
0.549014
0.565186
0.575132
0.585825
0.587234
0.590664
0.593999
0.595705
0.59567
0.595615
0.595624
0.593695
0.585662
0.579127
0.572508
0.564204
0.550671
0.534709
0.516963
0.499447
0.482858
0.463899
0.439775
0.416345
0.396356
0.370993
0.344767
0.315318
0.289621
0.25795
0.230912
0.200673
0.171301
0.144575
0.113723
0.0877399
0.0564354
0.0285054
-0.00288953
-0.0350652
-0.0685133
-0.0991632
-0.129571
-0.156485
-0.183619
-0.215692
-0.249393
-0.272549
-0.292568
-0.32037
-0.34949
-0.365828
-0.387082
-0.408032
-0.426919
-0.444734
-0.463043
-0.474503
-0.495496
-0.512904
-0.526702
-0.545176
-0.55249
-0.567584
-0.577832
-0.58616
-0.587825
-0.592147
-0.593591
-0.595552
-0.595676
-0.595578
-0.5956
-0.592356
-0.583473
-0.578843
-0.570595
-0.561048
-0.549515
-0.531271
-0.513516
-0.496323
-0.478312
-0.460128
-0.435032
-0.411673
-0.392669
-0.365856
-0.338888
-0.309568
-0.283149
-0.251602
-0.226294
-0.193587
-0.166014
-0.138385
-0.108294
-0.0810118
-0.0509411
-0.0222834
0.0096458
0.0417672
0.0750026
0.105376
0.135588
0.161226
0.189877
0.222136
0.256112
0.276096
0.297642
0.326418
0.352672
0.370066
0.391026
0.412713
0.430316
0.448389
0.466168
0.479444
0.498808
0.515945
0.530495
0.545229
0.556393
0.569745
0.580337
0.586827
0.588267
0.593179
0.595028
0.595309
0.595119
0.595423
0.594984
0.591925
0.580836
0.578253
0.569154
0.558741
0.546078
0.527525
0.510409
0.493027
0.474804
0.45574
0.430034
0.406955
0.387803
0.361449
0.332684
0.304787
0.2767
0.244755
0.221975
0.187469
0.160859
0.131071
0.102189
0.0750857
0.0454153
0.0165686
-0.0167728
-0.0483713
-0.0818387
-0.110829
-0.141622
-0.165815
-0.196398
-0.228593
-0.260801
-0.280368
-0.302829
-0.333463
-0.355887
-0.374677
-0.395005
-0.417447
-0.434021
-0.452093
-0.468417
-0.483896
-0.502365
-0.520151
-0.534728
-0.544966
-0.55954
-0.572168
-0.582425
-0.587633
-0.588785
-0.593705
-0.595365
-0.595587
-0.59513
-0.595512
-0.594545
-0.590156
-0.579335
-0.577184
-0.568098
-0.555492
-0.541604
-0.524476
-0.506238
-0.490307
-0.471274
-0.450265
-0.425486
-0.402929
-0.382287
-0.355634
-0.327188
-0.299192
-0.270725
-0.238843
-0.215097
-0.181409
-0.155551
-0.124614
-0.0960974
-0.069697
-0.0393536
-0.0102042
0.0239654
0.0546011
0.08874
0.116543
0.147592
0.171104
0.203793
0.235786
0.264446
0.283974
0.309638
0.340725
0.358034
0.379477
0.399315
0.421351
0.437447
0.456632
0.469952
0.48865
0.505468
0.523588
0.537763
0.547827
0.56145
0.574703
0.58371
0.588207
0.588855
0.594545
0.594962
0.596023
0.59509
0.596079
0.594064
0.588411
0.578486
0.574862
0.566684
0.552777
0.538019
0.519913
0.502179
0.486593
0.467889
0.443892
0.420829
0.398918
0.376492
0.349005
0.321795
0.293382
0.26449
0.233226
0.208225
0.175878
0.149807
0.118991
0.0910833
0.0633545
0.0326823
0.00420234
-0.0308497
-0.0613919
-0.0951656
-0.123573
-0.152926
-0.177034
-0.210759
-0.242909
-0.269463
-0.288001
-0.315997
-0.345522
-0.36206
-0.383856
-0.404173
-0.424813
-0.441161
-0.460409
-0.47199
-0.493557
-0.508357
-0.526129
-0.54145
-0.550932
-0.564099
-0.576855
-0.584607
-0.588466
-0.590051
-0.594651
-0.595131
-0.596199
-0.594952
-0.596058
-0.593026
-0.585805
-0.578703
-0.57247
-0.563474
-0.550247
-0.534266
-0.516478
-0.499024
-0.48223
-0.463442
-0.438759
-0.416305
-0.395047
-0.371366
-0.342588
-0.315859
-0.287439
-0.258311
-0.229153
-0.199996
-0.170487
-0.143403
-0.113733
-0.0858398
-0.0569175
-0.0264145
0.00242597
0.0375244
0.0679775
0.101389
0.129512
0.157853
0.184089
0.217125
0.250014
0.273374
0.293143
0.321287
0.350006
0.366328
0.388034
0.40825
0.427926
0.444744
0.464169
0.474215
0.497321
0.511709
0.528635
0.543877
0.55463
0.566493
0.579478
0.585134
0.588788
0.591484
0.594335
0.594993
0.596025
0.595077
0.596062
0.591783
0.58355
0.578386
0.570673
0.560371
0.549348
0.530834
0.512981
0.495812
0.477739
0.459925
0.433758
0.411673
0.391115
0.366316
0.336765
0.310284
0.280765
0.252092
0.224582
0.193253
0.165172
0.137325
0.108066
0.0791622
0.0513684
0.0202076
-0.00916364
-0.0441738
-0.0745284
-0.107387
-0.135676
-0.162437
-0.19043
-0.223462
-0.256599
-0.276962
-0.29825
-0.3274
-0.353023
-0.370555
-0.391977
-0.412894
-0.431348
-0.448405
-0.467171
-0.479054
-0.500893
-0.514786
-0.532714
-0.543396
-0.558431
-0.568615
-0.581927
-0.585852
-0.589297
-0.592429
-0.595899
-0.594786
-0.595772
-0.594875
-0.59539
-0.591317
-0.581055
-0.5777
-0.56911
-0.558239
-0.545678
-0.526956
-0.509871
-0.492587
-0.474214
-0.455311
-0.428911
-0.407027
-0.386165
-0.361959
-0.33041
-0.305418
-0.274597
-0.245152
-0.220312
-0.186916
-0.160365
-0.12937
-0.102447
-0.0730534
-0.0462178
-0.0141388
0.0162142
0.0508546
0.081362
0.112752
0.141694
0.167109
0.196709
0.230308
0.260951
0.281237
0.303595
0.334667
0.356542
0.374997
0.39596
0.417537
0.435204
0.452106
0.469417
0.483347
0.504434
0.519067
0.536862
0.543693
0.561371
0.571174
0.583845
0.586692
0.589736
0.593081
0.595851
0.595219
0.595524
0.59507
0.595058
0.589389
0.579672
0.5765
0.568359
0.554735
0.541376
0.523912
0.50563
0.489834
0.470627
0.449602
0.424314
0.403113
0.380504
0.355884
0.324957
0.299807
0.26857
0.239097
0.213255
0.181012
0.154826
0.123138
0.0963096
0.0676712
0.0398238
0.00772705
-0.0233044
-0.0572377
-0.0881011
-0.118806
-0.147556
-0.172594
-0.204239
-0.237403
-0.264676
-0.284976
-0.310392
-0.341435
-0.358742
-0.37986
-0.400584
-0.421318
-0.438463
-0.456619
-0.471055
-0.488119
-0.507489
-0.522326
-0.53993
-0.546707
-0.563309
-0.573674
-0.58509
-0.587107
-0.589868
-0.593854
-0.595545
-0.59549
-0.595654
-0.595611
-0.594417
-0.587534
-0.578984
-0.574206
-0.566495
-0.552308
-0.537423
-0.519358
-0.501745
-0.485952
-0.467187
-0.44344
-0.419471
-0.399089
-0.374598
-0.349298
-0.319491
-0.293879
-0.262408
-0.233591
-0.206506
-0.175133
-0.149246
-0.117433
-0.0914893
-0.0608846
-0.0330863
-0.00169853
0.0302959
0.0639139
0.0946812
0.125478
0.152925
0.178494
0.211373
0.244398
0.269844
0.288819
0.316716
0.346142
0.362806
0.384148
0.405298
0.424658
0.442163
0.460384
0.473219
0.492806
0.510446
0.524868
0.543485
0.549858
0.565907
0.575938
0.585666
0.587607
0.591169
0.593904
0.59567
0.595718
0.595475
0.595611
0.593275
0.585014
0.579092
0.571786
0.563177
0.549942
0.533649
0.515977
0.498671
0.481632
0.462591
0.438524
0.415019
0.395323
0.369571
0.342971
0.3135
0.287934
0.256048
0.229448
0.198322
0.169864
0.142618
0.112456
0.0856607
0.0548457
0.026855
-0.00493436
-0.0370066
-0.0704143
-0.100976
-0.131314
-0.157907
-0.185483
-0.217606
-0.251393
-0.273527
-0.294059
-0.322025
-0.350367
-0.367172
-0.388312
-0.409424
-0.427876
-0.445824
-0.464004
-0.475993
-0.4962
-0.513772
-0.527563
-0.545606
-0.5537
-0.568231
-0.578573
-0.586341
-0.587965
-0.592456
-0.593743
-0.595552
-0.595456
-0.595624
-0.595336
-0.592262
-0.582622
-0.578725
-0.570167
-0.560089
-0.548841
-0.530356
-0.512483
-0.495388
-0.477224
-0.459031
-0.433441
-0.410367
-0.391231
-0.364581
-0.337186
-0.308089
-0.281181
-0.249717
-0.225013
-0.191807
-0.164625
-0.136488
-0.106303
-0.0792323
-0.0493948
-0.0205231
0.0115528
0.0437687
0.0768818
0.10704
0.13735
0.162473
0.191837
0.223855
0.257757
0.277212
0.299127
0.328349
0.353347
0.37144
0.392176
0.414123
0.431249
0.4495
0.466833
0.480823
0.499908
0.517167
0.53167
0.544716
0.557494
0.570222
0.580989
0.587073
0.588417
0.593286
0.595343
0.595342
0.595316
0.595392
0.594739
0.591632
0.580353
0.577932
0.568556
0.557957
0.544959
0.526501
0.509256
0.492206
0.473729
0.454306
0.428718
0.405755
0.386265
0.360144
0.330841
0.303128
0.274998
0.243121
0.220207
0.185801
0.159339
0.128816
0.100536
0.0735632
0.0440276
0.0146839
-0.0188886
-0.0500615
-0.0841851
-0.112158
-0.143411
-0.167106
-0.19838
-0.230826
-0.261843
-0.281451
-0.304667
-0.335844
-0.356856
-0.375739
-0.396103
-0.418635
-0.435135
-0.453329
-0.468971
-0.485201
-0.50328
-0.521236
-0.535704
-0.545613
-0.560201
-0.572907
-0.582799
-0.587879
-0.588758
-0.593995
-0.595194
-0.595912
-0.594983
-0.595688
-0.59465
-0.589506
-0.579146
-0.576511
-0.568057
-0.55426
-0.541066
-0.523029
-0.504975
-0.489345
-0.470278
-0.448253
-0.424227
-0.401817
-0.380657
-0.353714
-0.325648
-0.297535
-0.268904
-0.237224
-0.212985
-0.179851
-0.153911
-0.122966
-0.0943336
-0.0681952
-0.0374195
-0.00846615
0.0259371
0.0565672
0.0905864
0.118591
0.149208
0.172776
0.205825
0.237932
0.265732
0.285336
0.311497
0.34213
0.359163
0.380787
0.400814
0.422345
0.438403
0.457796
0.470518
0.490083
0.506282
0.52433
0.538905
0.548643
0.562308
0.575262
0.584063
0.58807
0.589193
0.594587
0.595082
0.595969
0.595123
0.59619
0.593754
0.58756
0.57862
0.574194
0.566087
0.551936
0.53691
0.51876
0.501149
0.485291
0.466861
0.442102
0.41936
0.397665
0.374918
0.347103
0.320144
0.291624
0.262827
0.232209
0.205941
0.174164
0.148047
0.117384
0.089815
0.0612346
0.0308079
0.00228911
-0.0328089
-0.0633269
-0.0970125
-0.125272
-0.154384
-0.179032
-0.212927
-0.245024
-0.270927
-0.289238
-0.317663
-0.346878
-0.363174
-0.385109
-0.405469
-0.425565
-0.442063
-0.461613
-0.472606
-0.494817
-0.509288
-0.52687
-0.542231
-0.551877
-0.564853
-0.577632
-0.58448
-0.588697
-0.590558
-0.594556
-0.595126
-0.59626
-0.594945
-0.596108
-0.592566
-0.585188
-0.578652
-0.57183
-0.562579
-0.549809
-0.533147
-0.515489
-0.498182
-0.480965
-0.462211
-0.437479
-0.414969
-0.394022
-0.369869
-0.340972
-0.31409
-0.285711
-0.256474
-0.227671
-0.197941
-0.1689
-0.141493
-0.112392
-0.0837706
-0.0553297
-0.0247181
0.00445367
0.0394521
0.0698869
0.103171
0.1313
0.159237
0.185854
0.219079
0.252049
0.274341
0.294629
0.322949
0.350963
0.367565
0.389214
0.409643
0.428917
0.445811
0.465154
0.475724
0.498032
0.512602
0.529877
0.544012
0.555768
0.567155
0.580253
0.585266
0.589083
0.591792
0.594539
0.595012
0.595861
0.595025
0.595762
0.591751
0.582595
0.578283
0.570241
0.559632
0.548275
0.529957
0.512049
0.494835
0.47673
0.458609
0.432262
0.410325
0.389659
0.365034
0.33493
0.308931
0.278826
0.250009
0.223408
0.19143
0.163793
0.135153
0.10611
0.0773301
0.0497436
0.0185362
-0.0111391
-0.046146
-0.0764754
-0.109067
-0.137504
-0.163671
-0.192393
-0.225164
-0.258297
-0.278009
-0.299804
-0.329437
-0.354003
-0.371796
-0.393213
-0.414387
-0.432269
-0.449526
-0.467873
-0.480452
-0.501963
-0.516234
-0.533869
-0.542949
-0.559517
-0.569222
-0.58257
-0.586096
-0.589446
-0.592572
-0.596013
-0.594934
-0.595825
-0.59484
-0.595135
-0.590969
-0.580566
-0.577416
-0.568594
-0.557404
-0.543975
-0.526186
-0.508669
-0.491797
-0.473174
-0.453844
-0.427545
-0.40587
-0.38455
-0.360358
-0.328682
-0.303786
-0.272879
-0.243373
-0.218445
-0.185334
-0.158542
-0.127349
-0.100782
-0.0714181
-0.0447648
-0.0120429
0.0182569
0.0525983
0.0836432
0.114207
0.143426
0.168581
0.199022
0.23238
0.261749
0.282427
0.30547
0.337094
0.35704
0.376163
0.397076
0.41874
0.436173
0.453479
0.469966
0.48473
0.505313
0.520078
0.537749
0.544565
0.561859
0.571913
0.584189
0.586915
0.589582
0.593373
0.59571
0.595515
0.59549
0.595279
0.595081
0.588847
0.579428
0.575784
0.567953
0.553784
0.540597
0.522205
0.504316
0.488821
0.469676
0.447638
0.423014
0.402009
0.378818
0.354
0.323358
0.298132
0.266749
0.237445
0.211187
0.179389
0.153312
0.121469
0.09451
0.0659346
0.0379107
0.00602014
-0.0252954
-0.0591796
-0.0900035
-0.120789
-0.149141
-0.174253
-0.206253
-0.239419
-0.265995
-0.286166
-0.312297
-0.342837
-0.359895
-0.381095
-0.402012
-0.422337
-0.439461
-0.457598
-0.471648
-0.489466
-0.508335
-0.523085
-0.54107
-0.547592
-0.564139
-0.574139
-0.58543
-0.587083
-0.590214
-0.593906
-0.595734
-0.595462
-0.595588
-0.595756
-0.594122
-0.586684
-0.579112
-0.573494
-0.565967
-0.551515
-0.536298
-0.518331
-0.500669
-0.4847
-0.466112
-0.441512
-0.418214
-0.3979
-0.373168
-0.347426
-0.317829
-0.292136
-0.260653
-0.23271
-0.204324
-0.173385
-0.147522
-0.115809
-0.0900939
-0.0589431
-0.0312215
0.000185828
0.0322372
0.0657639
0.0965228
0.127134
0.154382
0.180555
0.213353
0.246467
0.271074
0.290117
0.31838
0.347499
0.363875
0.38539
0.406427
0.425494
0.443118
0.461447
0.473881
0.494005
0.511424
0.525615
0.544172
0.550842
0.566629
0.57671
0.585749
0.587714
0.591613
0.593759
0.59567
0.595766
0.595502
0.59558
0.592804
0.584439
0.579028
0.571272
0.562322
0.549689
0.532688
0.514958
0.497746
0.480289
0.461483
0.437189
0.413682
0.394318
0.368032
0.341413
0.311746
0.286073
0.254225
0.2281
0.196389
0.168245
0.140763
0.110875
0.0837859
0.0532727
0.024924
-0.00688474
-0.0389423
-0.0722793
-0.102803
-0.133056
-0.159296
-0.187086
-0.219557
-0.253451
-0.274509
-0.29552
-0.323717
-0.351361
-0.368373
-0.389405
-0.410787
-0.4289
-0.446883
-0.464994
-0.477466
-0.496958
-0.514794
-0.528871
-0.545598
-0.554821
-0.56888
-0.579393
-0.586468
-0.588122
-0.592808
-0.594234
-0.595489
-0.595212
-0.595439
-0.595225
-0.592161
-0.581723
-0.578609
-0.569736
-0.55954
-0.547354
-0.529379
-0.511627
-0.494433
-0.476262
-0.457713
-0.431986
-0.408987
-0.389787
-0.363274
-0.335292
-0.306842
-0.279188
-0.24771
-0.223765
-0.190195
-0.162879
-0.134443
-0.104382
-0.0774934
-0.0477206
-0.0189985
0.0134789
0.0458256
0.0788211
0.108809
0.139077
0.163841
0.193791
0.22555
0.25935
0.278319
0.300709
0.330468
0.354335
0.372801
0.393442
0.415637
0.432192
0.450577
0.467548
0.482261
0.500916
0.518528
0.532876
0.544434
0.558479
0.570986
0.581667
0.587301
0.5886
0.593417
0.59547
0.595458
0.595315
0.595335
0.594555
0.591161
0.579938
0.577655
0.568174
0.556807
0.543354
0.52576
0.508027
0.491512
0.472776
0.452806
0.427373
0.4046
0.384671
0.358291
0.329359
0.301561
0.273301
0.241328
0.218324
0.184087
0.157637
0.127039
0.0987505
0.0719548
0.0424458
0.0126412
-0.0209572
-0.0518617
-0.0861798
-0.113853
-0.145104
-0.168699
-0.200713
-0.232897
-0.262629
-0.282639
-0.306596
-0.338021
-0.35709
-0.377178
-0.397239
-0.419859
-0.436133
-0.454808
-0.469451
-0.486605
-0.504161
-0.52221
-0.536558
-0.54657
-0.560523
-0.573664
-0.583167
-0.588077
-0.588619
-0.594269
-0.594969
-0.596103
-0.59494
-0.595907
-0.594448
-0.58908
-0.57886
-0.575747
-0.567453
-0.553543
-0.540142
-0.521464
-0.503701
-0.488268
-0.469364
-0.446373
-0.422891
-0.400659
-0.378951
-0.351864
-0.324054
-0.295841
-0.267073
-0.235585
-0.211086
-0.178215
-0.152355
-0.12127
-0.0928221
-0.0663353
-0.035465
-0.00671417
0.0279561
0.0585615
0.0924769
0.120725
0.150758
0.17451
0.207825
0.239953
0.267179
0.28633
0.313445
0.343583
0.360365
0.382047
0.402272
0.423411
0.439475
0.458746
0.471144
0.491475
0.50717
0.52511
0.539995
0.549662
0.563066
0.575738
0.584394
0.588152
0.589502
0.594701
0.59519
0.59607
0.594993
0.596367
0.593493
0.586765
0.578708
0.573478
0.565267
0.551267
0.535785
0.517843
0.500059
0.484092
0.465548
0.440497
0.418137
0.396543
0.373443
0.345271
0.31844
0.289899
0.260994
0.231173
0.203704
0.172485
0.14623
0.115758
0.0882943
0.0593927
0.0289541
0.000396244
-0.0347537
-0.065209
-0.0988238
-0.126996
-0.155826
-0.181136
-0.214758
-0.247074
-0.271925
-0.290799
-0.319266
-0.348307
-0.364315
-0.386342
-0.406377
-0.426548
-0.443134
-0.462647
-0.473111
-0.496061
-0.510289
-0.527614
-0.542926
-0.55286
-0.565576
-0.578413
-0.584789
-0.588751
-0.590966
-0.594255
-0.595115
-0.5963
-0.594991
-0.596192
-0.592092
-0.584575
-0.578561
-0.571329
-0.56176
-0.549776
-0.532193
-0.514446
-0.497171
-0.479562
-0.461231
-0.436057
-0.413599
-0.392972
-0.368289
-0.339266
-0.312429
-0.2836
-0.254738
-0.226372
-0.196031
-0.167256
-0.139713
-0.110641
-0.0819972
-0.0536551
-0.022697
0.00642206
0.0413845
0.0717836
0.104991
0.133099
0.160615
0.187485
0.221025
0.25417
0.275328
0.296109
0.324656
0.352007
0.368752
0.390347
0.410983
0.429953
0.446882
0.466092
0.477127
0.4992
0.513615
0.53096
0.543975
0.556868
0.567783
0.580989
0.585472
0.589119
0.5922
0.595193
0.594902
0.595695
0.594801
0.595713
0.591589
0.581753
0.578153
0.569828
0.559318
0.54679
0.528765
0.511245
0.493904
0.475717
0.457281
0.430843
0.408938
0.388225
0.363743
0.333043
0.307654
0.277013
0.247852
0.222303
0.18953
0.162137
0.132964
0.104476
0.0755805
0.0482491
0.0168785
-0.0132448
-0.0481278
-0.0784447
-0.11075
-0.139195
-0.165131
-0.194301
-0.227025
-0.259501
-0.279344
-0.301348
-0.331538
-0.35496
-0.373256
-0.394408
-0.415838
-0.433348
-0.450571
-0.468546
-0.481699
-0.503029
-0.517454
-0.535271
-0.542926
-0.560344
-0.570105
-0.583274
-0.586299
-0.589614
-0.592686
-0.596173
-0.594929
-0.595819
-0.594834
-0.595076
-0.590246
-0.580223
-0.577151
-0.568305
-0.5562
-0.542689
-0.525429
-0.507457
-0.491112
-0.472164
-0.452348
-0.426179
-0.404732
-0.382902
-0.358638
-0.327176
-0.302181
-0.271143
-0.241543
-0.216531
-0.18343
-0.15701
-0.125617
-0.0989409
-0.0697673
-0.0429866
-0.0101665
0.020337
0.0544672
0.0855277
0.116052
0.145059
0.17022
0.20122
0.234531
0.262748
0.28336
0.307518
0.338974
0.357502
0.377777
0.398256
0.419899
0.437152
0.454975
0.470412
0.486042
0.506221
0.521056
0.538567
0.545446
0.562289
0.572663
0.584564
0.587087
0.589568
0.593614
0.595462
0.595631
0.595516
0.59542
0.594816
0.588364
0.579094
0.575059
0.567419
0.553213
0.539403
0.520952
0.503195
0.487692
0.468723
0.445844
0.421612
0.400827
0.377081
0.352137
0.321772
0.296411
0.264931
0.235773
0.209472
0.177669
0.151685
0.119831
0.0932704
0.063993
0.0358428
0.00431788
-0.0274146
-0.0610994
-0.091964
-0.122868
-0.150793
-0.175931
-0.208249
-0.241366
-0.267682
-0.287067
-0.314214
-0.344199
-0.361118
-0.382355
-0.4034
-0.423475
-0.440602
-0.458737
-0.472335
-0.490802
-0.509204
-0.523829
-0.541995
-0.548635
-0.564856
-0.574727
-0.585713
-0.587136
-0.590521
-0.594011
-0.59573
-0.59564
-0.59558
-0.595739
-0.593855
-0.585952
-0.579134
-0.572805
-0.564758
-0.551004
-0.535182
-0.517393
-0.499722
-0.483468
-0.464582
-0.440344
-0.416864
-0.396807
-0.371682
-0.345615
-0.316117
-0.290401
-0.258799
-0.231523
-0.201848
-0.171919
-0.145486
-0.114353
-0.0885021
-0.0572051
-0.0293441
0.0020337
0.0341852
0.0676498
0.0983409
0.128792
0.155834
0.182699
0.215001
0.248459
0.272079
0.291856
0.319777
0.348943
0.365167
0.386546
0.407409
0.426488
0.444225
0.462551
0.474251
0.495162
0.512413
0.526358
0.544859
0.551849
0.567325
0.577494
0.586043
0.587797
0.591992
0.593523
0.595572
0.595763
0.595551
0.595667
0.592445
0.583788
0.5789
0.570794
0.561546
0.549686
0.531672
0.513977
0.49673
0.478846
0.460559
0.43576
0.412294
0.393273
0.366441
0.339658
0.310244
0.284033
0.252425
0.226865
0.194444
0.166678
0.139072
0.109113
0.0818856
0.0516425
0.0230911
-0.00880433
-0.040883
-0.0741534
-0.104594
-0.134805
-0.160649
-0.188938
-0.221373
-0.255379
-0.275571
-0.296973
-0.325512
-0.352342
-0.369528
-0.390524
-0.412122
-0.429892
-0.447915
-0.465837
-0.478832
-0.498303
-0.515592
-0.529875
-0.545513
-0.555901
-0.569467
-0.580035
-0.586715
-0.588209
-0.593154
-0.594792
-0.595362
-0.595144
-0.595365
-0.595091
-0.592019
-0.581053
-0.578407
-0.569378
-0.559121
-0.546385
-0.528097
-0.510837
-0.493488
-0.475251
-0.456364
-0.43063
-0.407593
-0.388419
-0.362009
-0.33349
-0.30551
-0.277441
-0.245555
-0.22254
-0.188328
-0.161372
-0.132263
-0.102875
-0.0757872
-0.0461347
-0.0173533
0.0157902
0.0476157
0.0808735
0.110295
0.140795
0.165214
0.195613
0.22765
0.2603
0.279741
0.302161
0.332513
0.355326
0.374135
0.394537
0.416912
0.433441
0.451622
0.468149
0.483343
0.501939
0.519654
0.534247
0.544723
0.5592
0.571861
0.582239
0.587514
0.588742
0.593583
0.595544
0.595465
0.595232
0.595438
0.594551
0.590422
0.57953
0.577386
0.568031
0.555812
0.54209
0.524956
0.506815
0.490711
0.471759
0.451196
0.426045
0.403442
0.383033
0.356504
0.327874
0.29994
0.271536
0.239599
0.216204
0.182189
0.156224
0.125369
0.0969293
0.0703603
0.0403514
0.0109753
-0.0230261
-0.0537265
-0.0879249
-0.115657
-0.146802
-0.170356
-0.202845
-0.234911
-0.263823
-0.283458
-0.308743
-0.339874
-0.357695
-0.378803
-0.398559
-0.420912
-0.437032
-0.456118
-0.469831
-0.487961
-0.505068
-0.523191
-0.537353
-0.54742
-0.56114
-0.574369
-0.583539
-0.58819
-0.588754
-0.59446
-0.594952
-0.596073
-0.595064
-0.596012
-0.594182
-0.588609
-0.578528
-0.57512
-0.566954
-0.553155
-0.538671
-0.5204
-0.502631
-0.487131
-0.468383
-0.444643
-0.421492
-0.399463
-0.377266
-0.349892
-0.322515
-0.294173
-0.265296
-0.233976
-0.209186
-0.176618
-0.1506
-0.119701
-0.0917062
-0.0644204
-0.033507
-0.00503777
0.0299606
0.0604962
0.0943285
0.12271
0.152292
0.176226
0.209743
0.241897
0.268818
0.287438
0.315223
0.344908
0.361539
0.383292
0.403586
0.424426
0.440679
0.459913
0.47175
0.492874
0.507979
0.525816
0.540904
0.550579
0.563777
0.576489
0.584662
0.588273
0.58982
0.594709
0.595152
0.59618
0.595067
0.596149
0.593184
0.586104
0.578707
0.572814
0.563982
0.550674
0.534727
0.51692
0.499359
0.482802
0.464037
0.439336
0.416898
0.39552
0.371991
0.343447
0.316709
0.288221
0.259165
0.229828
0.201123
0.171125
0.144291
0.114353
0.0867146
0.057678
0.0271566
-0.00147084
-0.0366424
-0.0670955
-0.100573
-0.128698
-0.157212
-0.183203
-0.216274
-0.249093
-0.272935
-0.292447
-0.320538
-0.349616
-0.365693
-0.387483
-0.407604
-0.42749
-0.444237
-0.463726
-0.47357
-0.496983
-0.511295
-0.528345
-0.543602
-0.554055
-0.566196
-0.579152
-0.585028
-0.588814
-0.591327
-0.594278
-0.595012
-0.596185
-0.595041
-0.596122
-0.591857
-0.583907
-0.578435
-0.570875
-0.560857
-0.549524
-0.531278
-0.513486
-0.496228
-0.478252
-0.460319
-0.434544
-0.412254
-0.391789
-0.366889
-0.337542
-0.31097
-0.281656
-0.252951
-0.225158
-0.194098
-0.165812
-0.138144
-0.108907
-0.0800136
-0.0521
-0.0209979
0.00828691
0.043281
0.0736525
0.106657
0.134847
0.161871
0.189513
0.222684
0.25584
0.276446
0.297566
0.32655
0.352827
0.36989
0.391447
0.412272
0.430894
0.447895
0.466864
0.478429
0.500385
0.514332
0.532159
0.543622
0.557929
0.568379
0.581624
0.585729
0.589228
0.592379
0.595698
0.594789
0.595636
0.594887
0.595498
0.591435
0.58127
0.577855
0.569399
0.558593
0.546054
0.527515
0.510398
0.492937
0.474715
0.455951
0.429519
0.407574
0.386865
0.362538
0.331262
0.306171
0.275366
0.245897
0.221094
0.187691
0.160991
0.130468
0.103162
0.0738099
0.0468285
0.0150154
-0.0152677
-0.0500198
-0.080385
-0.112133
-0.140871
-0.166519
-0.19596
-0.229186
-0.260481
-0.280729
-0.302761
-0.333583
-0.356073
-0.374472
-0.395448
-0.416987
-0.434616
-0.451594
-0.469136
-0.482783
-0.503993
-0.518541
-0.536381
-0.54342
-0.561052
-0.570822
-0.583673
-0.586567
-0.589712
-0.592944
-0.595968
-0.595085
-0.595648
-0.594985
-0.595057
-0.589661
-0.579768
-0.576794
-0.568344
-0.555347
-0.54157
-0.524465
-0.506232
-0.490253
-0.471115
-0.450515
-0.424909
-0.403622
-0.381264
-0.356757
-0.325682
-0.300571
-0.269407
-0.239865
-0.214239
-0.181725
-0.155593
-0.123924
-0.0971373
-0.0682571
-0.0407731
-0.0085332
0.0223787
0.0563336
0.0872262
0.117868
0.146788
0.171833
0.203282
0.236388
0.264077
0.284325
0.309539
0.340791
0.358205
0.379249
0.399812
0.420869
0.438027
0.456089
0.470756
0.487446
0.507109
0.521975
0.539405
0.546312
0.562935
0.573383
0.584925
0.587161
0.589753
0.59381
0.595544
0.59551
0.595624
0.595551
0.594557
0.587911
0.57893
0.574489
0.566858
0.552683
0.537928
0.519893
0.502195
0.486556
0.467667
0.444209
0.420187
0.399661
0.375399
0.350179
0.320241
0.294718
0.263178
0.234154
0.207508
0.175994
0.15003
0.118211
0.0920698
0.0619221
0.033946
0.00260323
-0.0293902
-0.0629994
-0.0938175
-0.124685
-0.152244
-0.177635
-0.210311
-0.243401
-0.269153
-0.288262
-0.315925
-0.345511
-0.362269
-0.383568
-0.404689
-0.424309
-0.44174
-0.459831
-0.472903
-0.492231
-0.510019
-0.524527
-0.543086
-0.549433
-0.56556
-0.575567
-0.585765
-0.587465
-0.590927
-0.593938
-0.595679
-0.595691
-0.595486
-0.595533
-0.593504
-0.585316
-0.57912
-0.572115
-0.563608
-0.550179
-0.534174
-0.516447
-0.499058
-0.482193
-0.463195
-0.439111
-0.415653
-0.395807
-0.370266
-0.343764
-0.314337
-0.28872
-0.25694
-0.230151
-0.199336
-0.170575
-0.143525
-0.113013
-0.0866982
-0.0555694
-0.0276322
0.00398961
0.0361004
0.0695285
0.10013
0.130497
0.157245
0.18464
0.21668
0.25046
0.273068
0.293373
0.321248
0.349939
0.366576
0.387719
0.408784
0.427425
0.445323
0.463554
0.475263
0.495875
0.513389
0.527041
0.545493
0.55316
0.567926
0.578215
0.586283
0.587806
0.592324
0.593661
0.595527
0.595492
0.595617
0.59553
0.592268
0.583057
0.578782
0.570363
0.560478
0.549294
0.530758
0.512934
0.495833
0.477725
0.459653
0.434132
0.410985
0.391895
0.365178
0.337989
0.308772
0.282101
0.250613
0.22561
0.192623
0.165249
0.137453
0.107276
0.0800417
0.0501212
0.0213253
-0.0106473
-0.0428265
-0.076004
-0.106249
-0.136528
-0.161899
-0.190934
-0.223052
-0.256985
-0.276704
-0.29843
-0.327415
-0.352919
-0.37084
-0.391636
-0.41344
-0.43084
-0.448981
-0.46652
-0.480184
-0.499391
-0.516472
-0.531152
-0.544955
-0.556978
-0.570014
-0.580694
-0.586965
-0.588351
-0.593231
-0.595268
-0.595302
-0.595262
-0.595407
-0.594862
-0.591785
-0.580586
-0.57807
-0.56882
-0.558327
-0.545621
-0.52689
-0.509798
-0.492606
-0.474232
-0.454987
-0.429336
-0.406303
-0.387002
-0.360768
-0.331707
-0.303911
-0.275801
-0.243893
-0.22108
-0.186555
-0.160167
-0.12977
-0.101317
-0.0742744
-0.0446835
-0.0155887
0.0179138
0.0492918
0.0830228
0.111522
0.142597
0.166484
0.197292
0.229872
0.261367
0.280952
0.303808
0.334721
0.356436
0.375288
0.395595
0.418087
0.434702
0.452695
0.468726
0.484565
0.502874
0.520756
0.535286
0.545283
0.559915
0.57257
0.582629
0.587773
0.588811
0.59386
0.595235
0.595742
0.594996
0.595606
0.594562
0.589832
0.579225
0.576838
0.568123
0.554775
0.541381
0.523817
0.505542
0.489816
0.470717
0.449192
0.424804
0.402329
0.381415
0.354609
0.326361
0.298304
0.269748
0.237968
0.213947
0.180565
0.154664
0.123724
0.0951382
0.0689975
0.0382718
0.00926526
-0.0250276
-0.0556624
-0.0897377
-0.117659
-0.14847
-0.172004
-0.204902
-0.23698
-0.265138
-0.284736
-0.310626
-0.341492
-0.358646
-0.380198
-0.400195
-0.421876
-0.437954
-0.457257
-0.470269
-0.489451
-0.505906
-0.523993
-0.53837
-0.548283
-0.561892
-0.575035
-0.583907
-0.588137
-0.588996
-0.594593
-0.594966
-0.595998
-0.595125
-0.596147
-0.593901
-0.587972
-0.578548
-0.574532
-0.566281
-0.552334
-0.537433
-0.519292
-0.501646
-0.485891
-0.467333
-0.442997
-0.419999
-0.398252
-0.375563
-0.347983
-0.320916
-0.292422
-0.263603
-0.232579
-0.207023
-0.174934
-0.148867
-0.118135
-0.0903753
-0.0621782
-0.031666
-0.00316891
0.0319147
0.0624513
0.0961686
0.124509
0.153715
0.178047
0.211993
0.244067
0.27027
0.288651
0.316913
0.34626
0.362679
0.384534
0.404877
0.425217
0.441645
0.461056
0.472337
0.494242
0.508852
0.526524
0.541912
0.551424
0.564505
0.577281
0.584493
0.588627
0.590337
0.594605
0.595123
0.596232
0.594937
0.596139
0.592763
0.585456
0.578675
0.572081
0.562979
0.549964
0.533657
0.515937
0.498576
0.481582
0.462745
0.438076
0.415572
0.394484
0.370564
0.341674
0.31488
0.286501
0.257315
0.228323
0.198828
0.169652
0.142362
0.11308
0.0846436
0.0560636
0.0255236
-0.00353264
-0.0385663
-0.0690158
-0.102352
-0.13048
-0.158605
-0.185076
-0.218197
-0.251104
-0.2739
-0.293947
-0.322181
-0.350509
-0.367016
-0.388717
-0.408994
-0.428449
-0.445325
-0.464696
-0.475048
-0.497714
-0.512151
-0.529233
-0.544012
-0.555253
-0.566851
-0.579887
-0.585215
-0.588958
-0.591643
-0.594424
-0.595019
-0.595967
-0.595087
-0.595847
-0.591774
-0.583043
-0.578323
-0.570439
-0.559923
-0.548818
-0.530366
-0.512459
-0.495295
-0.477161
-0.459219
-0.432946
-0.410958
-0.390334
-0.365629
-0.335825
-0.309486
-0.279729
-0.250997
-0.223935
-0.192258
-0.164492
-0.136158
-0.106976
-0.0781901
-0.0505167
-0.0192945
0.0102331
0.0452404
0.0755667
0.108279
0.136656
0.163088
0.191488
0.224382
0.257505
0.277542
0.299069
0.328472
0.353529
0.371243
0.392609
0.413685
0.431827
0.449009
0.467538
0.479782
0.501499
0.515575
0.533324
0.54312
0.559031
0.568866
0.582266
0.585983
0.589369
0.592499
0.595984
0.594833
0.595838
0.594858
0.595246
0.591141
0.580784
0.577541
0.568799
0.557813
0.544881
0.52651
0.509244
0.492131
0.473618
0.454531
0.428182
0.406402
0.385298
0.361224
0.329401
0.304512
0.273668
0.244225
0.219311
0.186056
0.159382
0.128258
0.10157
0.0721747
0.0454778
0.0130445
-0.0173184
-0.0517642
-0.0826754
-0.113505
-0.142622
-0.167846
-0.197927
-0.231436
-0.261487
-0.281822
-0.304583
-0.335968
-0.357027
-0.375514
-0.396556
-0.418172
-0.43572
-0.452825
-0.469715
-0.484066
-0.50491
-0.519626
-0.537348
-0.544077
-0.5617
-0.57157
-0.584036
-0.586821
-0.589667
-0.593243
-0.595798
-0.595417
-0.595509
-0.595166
-0.595161
-0.589021
-0.579575
-0.576121
-0.568259
-0.554146
-0.541004
-0.522995
-0.504972
-0.489294
-0.470104
-0.44852
-0.423632
-0.402528
-0.379611
-0.354857
-0.324112
-0.298913
-0.267593
-0.238214
-0.212148
-0.180166
-0.153979
-0.122245
-0.0953517
-0.066742
-0.0388129
-0.00680845
0.0243769
0.0582723
0.0891114
0.11986
0.148432
0.173471
0.205317
0.238495
0.265373
0.285662
0.311403
0.342169
0.359347
0.380536
0.40132
0.42186
0.438983
0.457219
0.471363
0.488836
0.50793
0.522721
0.540552
0.547129
0.563789
0.573942
0.585267
0.58704
0.590081
0.593856
0.595661
0.595458
0.595652
0.595664
0.594246
0.587061
0.579059
0.57382
0.566265
0.551851
0.536813
0.518739
0.501171
0.485256
0.466637
0.442408
0.418729
0.398408
0.373837
0.348278
0.318602
0.292942
0.2615
0.233155
0.205284
0.174184
0.148321
0.116555
0.0908246
0.0597837
0.0320896
0.000674518
-0.0313322
-0.0649225
-0.0956701
-0.126349
-0.153709
-0.179633
-0.212457
-0.245506
-0.27061
-0.289494
-0.317591
-0.346854
-0.363385
-0.384811
-0.405989
-0.42506
-0.442642
-0.461013
-0.473553
-0.493458
-0.51096
-0.525272
-0.543855
-0.550387
-0.566304
-0.57635
-0.585644
-0.587694
-0.591424
-0.59385
-0.595672
-0.595748
-0.595485
-0.59558
-0.593041
-0.584704
-0.579062
-0.571497
-0.562709
-0.549765
-0.533075
-0.51545
-0.498208
-0.480922
-0.461966
-0.437832
-0.414314
-0.394788
-0.368759
-0.342157
-0.312586
-0.287028
-0.255039
-0.228702
-0.197281
-0.168997
-0.141601
-0.111668
-0.0846325
-0.0540071
-0.0258977
0.00599115
0.0380447
0.0714157
0.101945
0.132247
0.158654
0.186377
0.218637
0.252484
0.274045
0.294844
0.322924
0.350889
0.367816
0.388889
0.410178
0.428418
0.446388
0.464532
0.476792
0.496553
0.514298
0.528313
0.545602
0.554302
0.568579
0.579004
0.586402
0.588108
0.592627
0.593882
0.595541
0.595333
0.595553
0.595237
0.592235
0.582102
0.578675
0.569939
0.559746
0.548191
0.529887
0.512
0.49486
0.476722
0.458323
0.432648
0.40963
0.390455
0.363883
0.336162
0.307438
0.280066
0.248664
0.224337
0.190915
0.163755
0.135377
0.105241
0.0782802
0.0484609
0.0196798
-0.0125687
-0.0448693
-0.0779168
-0.107988
-0.138306
-0.163171
-0.192873
-0.224778
-0.258665
-0.277765
-0.29997
-0.32948
-0.353892
-0.372098
-0.392869
-0.414939
-0.431759
-0.4501
-0.467217
-0.481618
-0.500433
-0.517934
-0.532301
-0.544518
-0.558056
-0.570631
-0.581344
-0.587196
-0.58851
-0.593364
-0.595381
-0.595448
-0.595304
-0.595371
-0.594612
-0.591429
-0.5801
-0.577781
-0.568323
-0.557472
-0.543921
-0.526125
-0.508589
-0.491812
-0.473217
-0.4535
-0.427987
-0.405128
-0.385409
-0.359127
-0.330024
-0.302286
-0.274079
-0.242152
-0.219192
-0.184947
-0.158364
-0.127804
-0.0996104
-0.0727045
-0.0431947
-0.0135407
0.0199934
0.0510126
0.0853205
0.11297
0.144358
0.167952
0.199669
0.231919
0.262166
0.282152
0.305703
0.337155
0.356909
0.376478
0.396701
0.419296
0.435662
0.454095
0.469245
0.485983
0.503746
0.52176
0.536171
0.546161
0.560395
0.573302
0.582983
0.587985
0.588667
0.594142
0.595099
0.596033
0.594959
0.59582
0.594563
0.589301
0.578976
0.576118
0.567709
0.553837
0.540598
0.522114
0.50421
0.48879
0.469793
0.44722
0.42352
0.401203
0.379748
0.352711
0.324785
0.296631
0.26792
0.236351
0.211852
0.178984
0.1531
0.122062
0.0933918
0.067249
0.0364006
0.00753482
-0.0269792
-0.057643
-0.0915925
-0.119704
-0.150015
-0.173704
-0.2069
-0.239022
-0.266445
-0.285937
-0.312529
-0.342913
-0.359795
-0.381447
-0.401617
-0.4229
-0.438958
-0.458237
-0.470834
-0.490831
-0.506749
-0.52475
-0.539508
-0.549172
-0.562719
-0.575483
-0.584259
-0.58812
-0.589351
-0.594639
-0.59517
-0.595974
-0.595049
-0.596297
-0.593611
-0.587123
-0.578685
-0.57381
-0.565749
-0.551542
-0.536312
-0.518279
-0.500566
-0.484646
-0.466256
-0.441064
-0.41876
-0.397065
-0.374145
-0.346114
-0.31924
-0.290701
-0.261851
-0.231699
-0.204784
-0.173256
-0.147128
-0.116476
-0.0890112
-0.060238
-0.0298207
-0.00127606
0.0338475
0.0643153
0.0979853
0.126206
0.155151
0.180114
0.213965
0.246149
0.271472
0.289969
0.318569
0.347632
0.363739
0.385785
0.405982
0.426066
0.442618
0.46212
0.472963
0.495471
0.509825
0.527267
0.542601
0.552404
0.565233
0.578047
0.58462
0.588713
0.590783
0.594444
0.595125
0.596281
0.594965
0.596107
0.592291
0.584879
0.578614
0.571564
0.562132
0.549718
0.532699
0.514919
0.497643
0.480229
0.461655
0.436728
0.414238
0.393474
0.369028
0.340103
0.313122
0.284585
0.255555
0.226959
0.196913
0.168019
0.140524
0.111467
0.082794
0.0544615
0.0236002
-0.00550356
-0.040484
-0.070901
-0.104149
-0.13226
-0.159972
-0.186684
-0.22014
-0.253179
-0.274873
-0.295422
-0.323863
-0.351518
-0.368206
-0.389816
-0.410353
-0.429477
-0.446386
-0.465694
-0.476491
-0.498511
-0.513178
-0.530524
-0.544012
-0.556368
-0.567508
-0.580701
-0.585351
-0.589093
-0.592009
-0.594922
-0.594956
-0.595725
-0.594894
-0.595748
-0.591667
-0.582149
-0.57821
-0.57
-0.559397
-0.547295
-0.529376
-0.511616
-0.494335
-0.476198
-0.4579
-0.431491
-0.409581
-0.388877
-0.364334
-0.333904
-0.308242
-0.277837
-0.248853
-0.222826
-0.190483
-0.162853
-0.133998
-0.105177
-0.0763686
-0.0489228
-0.017717
0.012238
0.0472013
0.0775457
0.109985
0.138431
0.164419
0.193473
0.226046
0.259092
0.278631
0.300675
0.330577
0.35453
0.372604
0.393878
0.415197
0.43278
0.450079
0.468259
0.481189
0.502528
0.516922
0.534537
0.542858
0.560003
0.569636
0.58294
0.586221
0.589543
0.592637
0.596108
0.594945
0.595838
0.594797
0.595074
0.590653
0.580377
0.577271
0.568417
0.556662
0.543292
0.52576
0.508017
0.491452
0.472648
0.453047
0.42682
0.405265
0.383678
0.359396
0.327893
0.302942
0.271976
0.242394
0.217447
0.184347
0.157693
0.126427
0.0997882
0.0705306
0.0438884
0.0109849
-0.0193677
-0.0535941
-0.0846442
-0.115215
-0.14429
-0.169451
-0.20022
-0.233515
-0.262258
-0.282992
-0.30651
-0.338119
-0.357242
-0.376968
-0.397703
-0.41939
-0.436717
-0.454302
-0.47022
-0.485436
-0.505797
-0.520602
-0.538198
-0.545046
-0.562015
-0.572333
-0.584396
-0.587022
-0.589526
-0.593521
-0.595551
-0.595596
-0.595467
-0.595379
-0.594945
-0.588591
-0.579287
-0.575349
-0.567652
-0.553446
-0.540055
-0.521449
-0.503711
-0.488224
-0.469168
-0.446664
-0.422273
-0.401384
-0.37788
-0.353024
-0.322502
-0.297203
-0.265766
-0.236541
-0.2103
-0.178464
-0.152478
-0.120563
-0.0937935
-0.0648924
-0.0367964
-0.00508974
0.0264525
0.0602203
0.0910634
0.121938
0.150028
0.175163
0.207339
0.24048
0.26686
0.2866
0.31337
0.3436
0.360563
0.381782
0.402777
0.422929
0.440061
0.458183
0.472021
0.490198
0.508824
0.523503
0.541634
0.548163
0.564537
0.574432
0.585587
0.587126
0.590385
0.59398
0.595752
0.59557
0.595534
0.595828
0.593984
0.58627
0.579137
0.573114
0.565394
0.551204
0.535689
0.517823
0.500082
0.484057
0.4653
0.440843
0.417492
0.397297
0.372352
0.346447
0.316908
0.291194
0.259651
0.232094
0.203091
0.172531
0.146426
0.114995
0.089235
0.0579856
0.0301984
-0.00119226
-0.0333007
-0.0667879
-0.0975145
-0.128031
-0.155178
-0.181724
-0.214283
-0.247538
-0.271603
-0.291061
-0.319198
-0.348277
-0.364549
-0.386032
-0.406886
-0.426052
-0.443717
-0.462052
-0.474071
-0.494671
-0.511965
-0.526019
-0.544548
-0.551373
-0.567023
-0.577139
-0.585946
-0.587758
-0.591822
-0.593542
-0.595656
-0.595787
-0.595532
-0.59567
-0.592572
-0.584088
-0.578963
-0.571004
-0.561886
-0.549739
-0.532112
-0.514407
-0.497197
-0.479514
-0.460989
-0.436412
-0.412937
-0.39374
-0.36717
-0.340466
-0.310919
-0.284947
-0.253255
-0.227426
-0.195361
-0.167363
-0.139818
-0.109916
-0.0828373
-0.0523548
-0.0238786
0.00794068
0.0399966
0.073294
0.103797
0.13401
0.160049
0.188012
0.22059
0.254594
0.275043
0.296308
0.324644
0.351921
0.369012
0.390016
0.411519
0.42945
0.447458
0.465455
0.478218
0.49774
0.515291
0.529379
0.545558
0.555405
0.569195
0.579741
0.586598
0.588158
0.593025
0.594554
0.595422
0.595173
0.595331
0.595188
0.592072
0.58128
0.578533
0.569537
0.559431
0.54675
0.528677
0.511196
0.493929
0.475713
0.456985
0.431242
0.408231
0.38904
0.362577
0.334306
0.306161
0.278224
0.246556
0.223079
0.189176
0.16198
0.133301
0.103534
0.0765832
0.046911
0.0180765
-0.0147795
-0.0467483
-0.0799446
-0.109625
-0.140015
-0.164603
-0.194804
-0.22664
-0.259857
-0.279107
-0.301515
-0.331581
-0.354837
-0.373557
-0.394055
-0.416382
-0.432852
-0.451146
-0.467882
-0.48286
-0.50149
-0.519148
-0.533709
-0.544512
-0.558882
-0.571514
-0.58205
-0.587394
-0.58869
-0.593471
-0.595552
-0.595441
-0.595291
-0.595374
-0.594561
-0.590698
-0.579759
-0.577513
-0.568053
-0.556264
-0.542658
-0.525366
-0.507373
-0.491115
-0.472224
-0.451983
-0.426639
-0.403971
-0.38378
-0.357386
-0.328544
-0.300678
-0.272335
-0.240358
-0.217249
-0.183006
-0.156852
-0.126129
-0.0977634
-0.0710804
-0.0414015
-0.0117004
0.0220856
0.0528723
0.087186
0.114841
0.146002
0.169597
0.201885
0.234083
0.263204
0.283073
0.307769
0.339025
0.357393
0.378108
0.397886
0.420452
0.436635
0.455594
0.46966
0.487328
0.50465
0.522737
0.53699
0.547033
0.560846
0.574045
0.583368
0.588146
0.588674
0.594373
0.594879
0.59614
0.594993
0.595957
0.594299
0.588817
0.578638
0.575396
0.567189
0.553269
0.53939
0.520886
0.503098
0.487647
0.468859
0.445411
0.422134
0.400002
0.378033
0.350819
0.323212
0.294931
0.266102
0.234708
0.2101
0.177329
0.151397
0.120408
0.0922567
0.065274
0.0343892
0.00579295
-0.0290438
-0.059614
-0.0934868
-0.121849
-0.151617
-0.175432
-0.208868
-0.241005
-0.268117
-0.286875
-0.314425
-0.344295
-0.361005
-0.382723
-0.40299
-0.424042
-0.440112
-0.459395
-0.471496
-0.492195
-0.50761
-0.525487
-0.540433
-0.550209
-0.56344
-0.576076
-0.584546
-0.588159
-0.589665
-0.594731
-0.595172
-0.596151
-0.595045
-0.596263
-0.593343
-0.586394
-0.578709
-0.573114
-0.564534
-0.551031
-0.535194
-0.517346
-0.499639
-0.483409
-0.464716
-0.439907
-0.417413
-0.395978
-0.372664
-0.344303
-0.317513
-0.288989
-0.260011
-0.230482
-0.202262
-0.171753
-0.145179
-0.114993
-0.0874646
-0.0584612
-0.027977
0.000596853
0.0357705
0.0662235
0.0997659
0.127902
0.156573
0.18228
0.21559
0.248152
0.272471
0.291728
0.319935
0.34909
0.365032
0.386942
0.40698
0.427058
0.443727
0.463235
0.473306
0.496648
0.510808
0.528007
0.543289
0.553423
0.56593
0.578819
0.584909
0.588792
0.591168
0.594215
0.595031
0.596275
0.595013
0.59619
0.591944
0.584225
0.57849
0.571079
0.56137
0.549707
0.531681
0.513943
0.496632
0.478785
0.460741
0.435289
0.41286
0.39242
0.367452
0.338316
0.311648
0.282535
0.25378
0.225721
0.194965
0.166461
0.138839
0.109713
0.0808947
0.0528192
0.0217865
-0.00743373
-0.042408
-0.072791
-0.1059
-0.134043
-0.161304
-0.188568
-0.221928
-0.2551
-0.275929
-0.296888
-0.325655
-0.352501
-0.369348
-0.390941
-0.411682
-0.430467
-0.447416
-0.46654
-0.477827
-0.499873
-0.513966
-0.531536
-0.54391
-0.557443
-0.568101
-0.581327
-0.585613
-0.589174
-0.592353
-0.595464
-0.594834
-0.595663
-0.594834
-0.595602
-0.59153
-0.581488
-0.578007
-0.569639
-0.558964
-0.546361
-0.528089
-0.510826
-0.493396
-0.47517
-0.456567
-0.430122
-0.408206
-0.387491
-0.36309
-0.33208
-0.306895
-0.276106
-0.246679
-0.221668
-0.188549
-0.161521
-0.131645
-0.10375
-0.0746321
-0.0474849
-0.0158719
0.0143334
0.0492134
0.0794609
0.111585
0.140062
0.165896
0.195202
0.22823
0.259992
0.280102
0.302085
0.332629
0.355522
0.373931
0.394972
0.416454
0.434035
0.451124
0.468859
0.482239
0.503562
0.518043
0.535899
0.543174
0.560711
0.570513
0.58349
0.586443
0.589672
0.592817
0.596149
0.594962
0.595751
0.594909
0.595063
0.589926
0.579955
0.577006
0.568275
0.55568
0.542025
0.524951
0.506809
0.490651
0.471611
0.451433
0.42548
0.404127
0.38202
0.35762
0.326381
0.301321
0.270216
0.240637
0.215325
0.182492
0.156278
0.124703
0.0979704
0.0689198
0.0417723
0.00931003
-0.0214349
-0.0554605
-0.0863944
-0.116986
-0.145995
-0.171094
-0.202333
-0.235501
-0.263457
-0.2838
-0.308651
-0.339956
-0.357854
-0.378581
-0.399045
-0.420433
-0.437611
-0.455578
-0.470626
-0.486762
-0.50671
-0.521585
-0.538988
-0.5459
-0.562627
-0.573046
-0.584759
-0.587143
-0.589655
-0.59372
-0.595543
-0.595555
-0.595598
-0.595484
-0.594679
-0.588123
-0.578966
-0.57474
-0.567139
-0.553066
-0.538567
-0.520387
-0.502651
-0.487098
-0.468164
-0.444959
-0.420856
-0.400208
-0.376178
-0.351067
-0.320958
-0.295523
-0.263988
-0.234914
-0.208437
-0.176796
-0.150795
-0.118966
-0.0926618
-0.0630181
-0.0347584
-0.00346653
0.0285134
0.0620926
0.0929798
0.123828
0.151608
0.176828
0.209283
0.242395
0.268502
0.287707
0.315147
0.344899
0.361745
0.383007
0.404097
0.423931
0.44126
0.459338
0.472648
0.491572
0.509635
0.52421
0.542548
0.549073
0.565239
0.575198
0.585843
0.587271
0.590699
0.593988
0.595701
0.595673
0.595594
0.595609
0.59367
0.585614
0.579128
0.572462
0.56411
0.550589
0.534641
0.516895
0.499398
0.482762
0.463791
0.439683
0.416255
0.396281
0.370902
0.344612
0.315188
0.289495
0.257812
0.23081
0.200486
0.171201
0.144429
0.113622
0.0876127
0.056311
0.0283846
-0.00304448
-0.0352088
-0.0686541
-0.0992972
-0.129699
-0.156591
-0.183764
-0.215801
-0.249547
-0.272624
-0.292685
-0.320492
-0.349551
-0.365939
-0.387171
-0.408136
-0.42699
-0.444818
-0.463114
-0.474585
-0.495551
-0.512975
-0.52675
-0.545221
-0.552586
-0.567633
-0.577884
-0.586176
-0.587827
-0.592171
-0.593601
-0.595548
-0.595656
-0.595583
-0.595589
-0.592343
-0.583419
-0.578833
-0.570562
-0.56096
-0.54949
-0.531197
-0.51344
-0.496256
-0.47823
-0.46006
-0.434908
-0.41158
-0.392562
-0.365763
-0.338763
-0.309456
-0.283004
-0.251465
-0.226199
-0.19345
-0.165906
-0.138279
-0.108155
-0.0808715
-0.0508256
-0.0221477
0.00978395
0.0419149
0.0751427
0.105493
0.13572
0.161322
0.190025
0.222265
0.256234
0.276183
0.297751
0.326563
0.352713
0.37017
0.391112
0.412813
0.43039
0.448472
0.466215
0.479548
0.498887
0.51602
0.530601
0.545177
0.556467
0.56979
0.580387
0.586847
0.588278
0.593182
0.595068
0.59531
0.595113
0.595424
0.594975
0.591908
0.580802
0.578227
0.569106
0.558686
0.546032
0.52743
0.510336
0.492956
0.474728
0.455638
0.429937
0.406848
0.387701
0.361358
0.332551
0.304668
0.276577
0.24464
0.221881
0.187324
0.160769
0.130885
0.102068
0.0749716
0.0452984
0.0164365
-0.0169461
-0.0484991
-0.0819973
-0.110905
-0.141763
-0.165913
-0.196525
-0.228742
-0.260889
-0.280452
-0.302967
-0.333622
-0.355972
-0.374766
-0.395086
-0.417536
-0.434117
-0.452175
-0.468462
-0.48399
-0.502436
-0.520234
-0.534807
-0.545009
-0.559597
-0.572219
-0.582456
-0.587653
-0.588793
-0.593726
-0.595334
-0.595609
-0.595109
-0.595527
-0.594546
-0.590112
-0.579315
-0.577138
-0.568119
-0.555382
-0.541582
-0.524392
-0.506141
-0.490238
-0.471194
-0.450117
-0.425389
-0.402844
-0.382163
-0.355491
-0.327074
-0.299068
-0.270591
-0.238718
-0.214934
-0.181286
-0.155429
-0.124489
-0.095961
-0.0695949
-0.0392019
-0.0100729
0.024113
0.05475
0.0888795
0.116703
0.147716
0.17123
0.203951
0.235961
0.264541
0.284077
0.309779
0.340841
0.358114
0.379589
0.399444
0.421423
0.437517
0.45672
0.469967
0.488775
0.50553
0.523645
0.537837
0.547896
0.561502
0.574758
0.583738
0.588205
0.588873
0.594556
0.594963
0.596018
0.595093
0.59609
0.594042
0.588348
0.578498
0.574822
0.566631
0.552712
0.537937
0.519825
0.502103
0.486498
0.467806
0.443766
0.420715
0.398824
0.376361
0.348859
0.321672
0.293246
0.264361
0.233098
0.208068
0.175742
0.149678
0.118871
0.0909793
0.0631852
0.032541
0.00405813
-0.0309993
-0.0615479
-0.0953056
-0.12372
-0.153034
-0.17717
-0.210939
-0.243073
-0.269582
-0.288086
-0.316127
-0.345625
-0.362148
-0.38395
-0.404272
-0.424865
-0.441236
-0.460493
-0.472032
-0.493654
-0.508424
-0.526184
-0.541522
-0.550996
-0.564156
-0.576916
-0.584589
-0.588493
-0.59009
-0.594645
-0.595129
-0.596203
-0.594944
-0.596072
-0.592988
-0.585755
-0.578701
-0.572408
-0.5634
-0.550191
-0.534184
-0.516402
-0.498963
-0.482139
-0.463342
-0.438669
-0.416201
-0.394967
-0.371256
-0.342453
-0.315713
-0.287309
-0.258171
-0.229039
-0.19981
-0.170382
-0.143256
-0.113635
-0.0856608
-0.0568002
-0.0262916
0.00258246
0.0376702
0.0681231
0.101524
0.129647
0.157959
0.184232
0.217282
0.250165
0.273449
0.293256
0.321411
0.350074
0.366434
0.388123
0.408359
0.427997
0.444826
0.464242
0.474335
0.497376
0.511773
0.528683
0.54392
0.554719
0.566543
0.579533
0.58516
0.588791
0.591507
0.594342
0.594988
0.596014
0.595077
0.596048
0.591771
0.583485
0.578378
0.570638
0.5603
0.549277
0.530768
0.512906
0.49574
0.477653
0.459836
0.43364
0.411572
0.391004
0.36622
0.336635
0.31017
0.280614
0.251946
0.224487
0.193115
0.165069
0.137169
0.1079
0.0790319
0.0512492
0.0200806
-0.00931113
-0.0443219
-0.0746727
-0.10751
-0.135812
-0.162527
-0.190581
-0.223589
-0.256724
-0.277044
-0.298362
-0.327535
-0.353095
-0.370659
-0.392059
-0.413002
-0.431417
-0.448487
-0.46722
-0.479155
-0.500984
-0.514857
-0.532814
-0.543355
-0.558517
-0.56864
-0.581977
-0.585871
-0.589307
-0.592438
-0.595928
-0.594783
-0.595792
-0.59487
-0.595369
-0.591293
-0.581018
-0.577676
-0.569062
-0.558179
-0.545559
-0.526896
-0.509781
-0.492531
-0.474128
-0.455201
-0.42881
-0.40694
-0.386044
-0.361862
-0.330266
-0.305291
-0.274467
-0.245014
-0.220176
-0.186796
-0.160255
-0.129194
-0.102328
-0.0729312
-0.0461375
-0.0139897
0.0163705
0.0509602
0.0815566
0.112855
0.141824
0.167203
0.196836
0.23049
0.261027
0.281317
0.30373
0.334853
0.356611
0.375077
0.396043
0.417625
0.435292
0.452195
0.469458
0.483437
0.504504
0.519146
0.536933
0.543746
0.56142
0.57123
0.583871
0.58671
0.589724
0.593104
0.595844
0.595241
0.595525
0.595074
0.595085
0.589329
0.579664
0.576445
0.568351
0.554641
0.541332
0.523781
0.505543
0.489767
0.470549
0.449447
0.424218
0.403031
0.380382
0.355739
0.324839
0.299681
0.268432
0.238972
0.213099
0.180899
0.1547
0.12301
0.0961774
0.0675395
0.0396835
0.00759685
-0.0234544
-0.0573831
-0.0882419
-0.118956
-0.147679
-0.172717
-0.204391
-0.23756
-0.264773
-0.285079
-0.310526
-0.341539
-0.358826
-0.379956
-0.400682
-0.421395
-0.438535
-0.45671
-0.471105
-0.488219
-0.507549
-0.522381
-0.54002
-0.546765
-0.563385
-0.573711
-0.585117
-0.587084
-0.589897
-0.593856
-0.595553
-0.595486
-0.595662
-0.595617
-0.594392
-0.587474
-0.578987
-0.574155
-0.566458
-0.552244
-0.537337
-0.51927
-0.501666
-0.485848
-0.467114
-0.443316
-0.419352
-0.398996
-0.374468
-0.349158
-0.31937
-0.293749
-0.262289
-0.233538
-0.206332
-0.174997
-0.149117
-0.117309
-0.0914041
-0.0607214
-0.0329471
-0.00155301
0.0304409
0.0640573
0.0948198
0.125596
0.153036
0.178659
0.211528
0.24455
0.269956
0.28891
0.316841
0.346242
0.362888
0.384241
0.405395
0.424715
0.442211
0.460481
0.473267
0.4929
0.510522
0.524925
0.543537
0.549932
0.565961
0.575996
0.585644
0.587626
0.591211
0.593898
0.595671
0.595723
0.595477
0.595606
0.593245
0.58497
0.579089
0.571738
0.563114
0.549914
0.533565
0.515905
0.498609
0.481541
0.4625
0.438428
0.414921
0.395248
0.369458
0.342863
0.313371
0.287808
0.255906
0.229333
0.198176
0.169743
0.142475
0.112374
0.0855017
0.0547291
0.0267289
-0.00508262
-0.0371522
-0.0705555
-0.101111
-0.131445
-0.158012
-0.185612
-0.217753
-0.251543
-0.273598
-0.294169
-0.32215
-0.350438
-0.367262
-0.388394
-0.409529
-0.427951
-0.445903
-0.464077
-0.476107
-0.496252
-0.51383
-0.527675
-0.545605
-0.553784
-0.56828
-0.578632
-0.586352
-0.587992
-0.592478
-0.593761
-0.595553
-0.595435
-0.59563
-0.595307
-0.592266
-0.582544
-0.578717
-0.570135
-0.560035
-0.548763
-0.53029
-0.512409
-0.495316
-0.47716
-0.458932
-0.433328
-0.410265
-0.391123
-0.364483
-0.337041
-0.308004
-0.281016
-0.249574
-0.224918
-0.191679
-0.16453
-0.136324
-0.106154
-0.079097
-0.0492686
-0.0204011
0.0116953
0.0439239
0.0770263
0.107172
0.137484
0.16257
0.191978
0.223987
0.257884
0.277294
0.299244
0.328507
0.35342
0.371526
0.392274
0.414237
0.431322
0.449589
0.466887
0.480929
0.499978
0.517286
0.531754
0.544679
0.55758
0.57028
0.581037
0.587091
0.588429
0.593298
0.595345
0.595357
0.595319
0.595391
0.59472
0.591606
0.580317
0.577911
0.568519
0.557895
0.544805
0.52645
0.50917
0.492142
0.473649
0.454197
0.428615
0.405668
0.386146
0.36
0.330725
0.303009
0.274871
0.242986
0.220066
0.185681
0.159196
0.128667
0.100413
0.0734441
0.0439085
0.0145142
-0.0190419
-0.0501917
-0.084344
-0.112269
-0.143545
-0.16722
-0.198567
-0.230976
-0.261917
-0.281536
-0.304811
-0.336024
-0.356905
-0.375803
-0.396191
-0.418727
-0.435208
-0.453434
-0.469011
-0.485313
-0.503345
-0.521313
-0.535771
-0.545665
-0.560245
-0.572963
-0.582827
-0.587896
-0.588748
-0.594017
-0.595185
-0.595949
-0.594976
-0.595712
-0.594653
-0.589479
-0.579119
-0.576456
-0.568009
-0.554198
-0.541004
-0.522901
-0.504875
-0.489262
-0.470209
-0.448102
-0.424131
-0.401733
-0.380531
-0.353574
-0.325528
-0.29741
-0.268766
-0.237103
-0.212828
-0.179725
-0.153796
-0.122842
-0.0942017
-0.0680647
-0.0372798
-0.00833639
0.0260807
0.0567163
0.090726
0.118745
0.149329
0.172902
0.205975
0.238085
0.26583
0.285428
0.311639
0.342238
0.359249
0.380883
0.400938
0.422418
0.438476
0.45784
0.47056
0.490184
0.506348
0.524388
0.538991
0.548704
0.562368
0.575299
0.584088
0.588084
0.589209
0.594592
0.595096
0.595966
0.595112
0.596203
0.593733
0.587496
0.57863
0.574139
0.566062
0.551874
0.536827
0.518686
0.501066
0.4852
0.46678
0.441947
0.419276
0.397573
0.374816
0.346961
0.320017
0.291497
0.262691
0.232144
0.205768
0.174041
0.147914
0.117255
0.089707
0.0610932
0.0306708
0.00214753
-0.0329519
-0.0634591
-0.0971494
-0.125401
-0.154491
-0.179187
-0.213075
-0.245187
-0.27103
-0.289338
-0.317781
-0.346978
-0.363252
-0.385202
-0.405565
-0.425619
-0.44214
-0.461671
-0.472659
-0.494909
-0.509364
-0.526926
-0.542283
-0.55195
-0.564906
-0.577689
-0.584492
-0.588703
-0.590592
-0.594544
-0.595126
-0.596263
-0.594947
-0.596112
-0.592526
-0.585146
-0.578647
-0.571793
-0.562516
-0.549788
-0.533097
-0.515406
-0.498107
-0.480863
-0.462126
-0.437378
-0.414869
-0.393946
-0.369754
-0.340853
-0.313959
-0.285554
-0.256346
-0.227573
-0.197797
-0.168778
-0.141352
-0.112266
-0.0836356
-0.0552098
-0.0245568
0.00459774
0.0395945
0.070027
0.103305
0.131433
0.159339
0.185975
0.219221
0.252205
0.274415
0.294739
0.323075
0.351039
0.367654
0.389296
0.409741
0.428994
0.445891
0.465229
0.475831
0.498079
0.512689
0.529975
0.544013
0.555851
0.567203
0.580314
0.585286
0.589081
0.591822
0.59457
0.595008
0.595845
0.595003
0.59576
0.591743
0.582524
0.578276
0.570207
0.559591
0.548134
0.529899
0.511982
0.494762
0.476657
0.45851
0.432153
0.410222
0.38955
0.364938
0.334787
0.308829
0.278694
0.249845
0.223324
0.191301
0.163661
0.134995
0.105968
0.0772
0.0496271
0.0184164
-0.0112852
-0.0462883
-0.0766244
-0.109195
-0.137642
-0.163771
-0.192541
-0.225287
-0.258424
-0.278079
-0.299924
-0.329594
-0.35408
-0.371909
-0.393304
-0.414498
-0.432337
-0.449606
-0.467925
-0.480574
-0.502033
-0.516332
-0.533958
-0.542937
-0.559583
-0.569276
-0.582618
-0.58611
-0.589457
-0.592581
-0.596021
-0.594936
-0.595826
-0.594835
-0.595121
-0.590936
-0.58053
-0.577392
-0.568566
-0.557309
-0.543857
-0.526132
-0.508577
-0.491751
-0.4731
-0.453732
-0.427443
-0.405785
-0.384429
-0.360217
-0.328574
-0.30367
-0.272752
-0.243236
-0.218305
-0.185218
-0.158413
-0.127221
-0.100642
-0.0712941
-0.0446535
-0.011889
0.0184096
0.0527347
0.0837929
0.114332
0.14355
0.168701
0.199191
0.232535
0.261782
0.282525
0.305612
0.337259
0.357054
0.376276
0.39716
0.418832
0.436248
0.453586
0.470003
0.484829
0.505379
0.520149
0.537813
0.544635
0.561878
0.571971
0.584217
0.58693
0.589569
0.593395
0.595694
0.595527
0.595489
0.595294
0.595062
0.588812
0.579409
0.575731
0.567907
0.553732
0.54053
0.522081
0.504202
0.488751
0.469611
0.447503
0.422913
0.401922
0.378691
0.353864
0.323238
0.298005
0.266612
0.237321
0.211033
0.179277
0.153205
0.121342
0.0943743
0.0658032
0.0377642
0.005893
-0.0254463
-0.0593269
-0.0901484
-0.120941
-0.14926
-0.174379
-0.206403
-0.239567
-0.266096
-0.286242
-0.312443
-0.342941
-0.359986
-0.381188
-0.402118
-0.422418
-0.439542
-0.457672
-0.471697
-0.489569
-0.5084
-0.523144
-0.541151
-0.547669
-0.564195
-0.574156
-0.585462
-0.587092
-0.590238
-0.593917
-0.59574
-0.595467
-0.59558
-0.595773
-0.594103
-0.586627
-0.579119
-0.573442
-0.565885
-0.551471
-0.536217
-0.518263
-0.500589
-0.484612
-0.466016
-0.441396
-0.418123
-0.397818
-0.373053
-0.347292
-0.317703
-0.292007
-0.260516
-0.232631
-0.204167
-0.173258
-0.147392
-0.115688
-0.0899734
-0.0588089
-0.0310799
0.000325769
0.032385
0.0659053
0.0966608
0.127264
0.154492
0.180701
0.213496
0.246623
0.271143
0.290222
0.318509
0.347606
0.363955
0.385484
0.406487
0.425572
0.443199
0.461528
0.473909
0.494102
0.5115
0.525672
0.544225
0.550917
0.566682
0.576771
0.585798
0.58771
0.591643
0.593737
0.595668
0.595768
0.595506
0.595576
0.592767
0.584394
0.579021
0.571235
0.56226
0.549687
0.532614
0.51488
0.497669
0.480184
0.461416
0.437079
0.413577
0.394241
0.367911
0.34129
0.311616
0.28592
0.254088
0.227999
0.196244
0.168121
0.14063
0.110741
0.0836462
0.0531512
0.0247732
-0.00703331
-0.0390901
-0.0724212
-0.102948
-0.133189
-0.159402
-0.187194
-0.219713
-0.25361
-0.274586
-0.29563
-0.323849
-0.351439
-0.368464
-0.38949
-0.41089
-0.428978
-0.446964
-0.465069
-0.477572
-0.497036
-0.514871
-0.528957
-0.545598
-0.554907
-0.568929
-0.579459
-0.586477
-0.588126
-0.592838
-0.594284
-0.59548
-0.595199
-0.595424
-0.595223
-0.592146
-0.581661
-0.578599
-0.569704
-0.559518
-0.547217
-0.529293
-0.51157
-0.494366
-0.476185
-0.457613
-0.43188
-0.408882
-0.38968
-0.363175
-0.335151
-0.30675
-0.279047
-0.247551
-0.223667
-0.190051
-0.162751
-0.134286
-0.104258
-0.0773608
-0.0476122
-0.0188975
0.0136619
0.0459615
0.0789753
0.108932
0.139206
0.163932
0.193949
0.225685
0.259422
0.278403
0.300838
0.330634
0.35441
0.372912
0.39353
0.415754
0.43228
0.450654
0.467599
0.482356
0.500996
0.518618
0.532975
0.544425
0.558546
0.571044
0.581724
0.587318
0.588615
0.593423
0.595484
0.595456
0.595317
0.595325
0.594565
0.591096
0.57992
0.577636
0.568154
0.556729
0.543255
0.525694
0.507935
0.491459
0.472701
0.452693
0.427271
0.404513
0.384547
0.358161
0.329247
0.301439
0.273172
0.241191
0.218184
0.183924
0.157525
0.126913
0.0986135
0.0718317
0.0423003
0.0125064
-0.0211147
-0.0520026
-0.0863199
-0.113998
-0.145226
-0.168824
-0.20088
-0.233061
-0.26271
-0.282698
-0.306756
-0.338166
-0.357128
-0.37729
-0.397328
-0.419947
-0.436207
-0.454937
-0.469481
-0.486706
-0.50423
-0.522284
-0.53662
-0.546636
-0.560568
-0.573718
-0.583195
-0.588086
-0.588625
-0.594284
-0.594935
-0.596113
-0.594934
-0.595917
-0.594427
-0.589043
-0.578832
-0.57568
-0.567418
-0.553498
-0.540042
-0.52138
-0.503618
-0.488178
-0.469289
-0.446235
-0.422784
-0.400566
-0.378818
-0.351723
-0.323933
-0.295709
-0.266933
-0.235458
-0.210953
-0.178085
-0.152215
-0.121145
-0.0927377
-0.066183
-0.0353099
-0.00658031
0.0281146
0.0587124
0.0926224
0.120904
0.150879
0.174641
0.207975
0.240104
0.26732
0.286365
0.3136
0.343692
0.360459
0.382146
0.402377
0.423497
0.439562
0.458834
0.471194
0.491579
0.507237
0.525166
0.54007
0.54974
0.563122
0.575787
0.584417
0.588155
0.589527
0.594707
0.595192
0.596087
0.595002
0.596353
0.593476
0.586709
0.57871
0.573425
0.565156
0.551236
0.535701
0.517773
0.499978
0.484003
0.465433
0.44041
0.418035
0.396459
0.373336
0.345134
0.31831
0.289769
0.260855
0.231084
0.203489
0.17238
0.14608
0.115648
0.0881792
0.0592592
0.0288161
0.000255428
-0.0348981
-0.0653527
-0.0989573
-0.127122
-0.155932
-0.181303
-0.214878
-0.247225
-0.271999
-0.290937
-0.319367
-0.348416
-0.364418
-0.386426
-0.406443
-0.426624
-0.443219
-0.462734
-0.473135
-0.496149
-0.510362
-0.527668
-0.542977
-0.552931
-0.565632
-0.57847
-0.584805
-0.588758
-0.590996
-0.59421
-0.595113
-0.596305
-0.594995
-0.596204
-0.592065
-0.584524
-0.57855
-0.571291
-0.561702
-0.549754
-0.532124
-0.514374
-0.497094
-0.479448
-0.461162
-0.435948
-0.413496
-0.392892
-0.368169
-0.339128
-0.312325
-0.283445
-0.254604
-0.22628
-0.195886
-0.167135
-0.139585
-0.110507
-0.0818387
-0.0535348
-0.0225733
0.006567
0.0415303
0.0719252
0.105121
0.133234
0.160715
0.187639
0.221154
0.25433
0.275398
0.296217
0.324779
0.352084
0.368838
0.390431
0.411082
0.430027
0.446959
0.466153
0.477227
0.499305
0.513661
0.531027
0.543976
0.55695
0.567824
0.581036
0.585492
0.589125
0.59223
0.595231
0.594892
0.595691
0.594788
0.595705
0.591585
0.581715
0.578133
0.5698
0.559292
0.546719
0.528668
0.511188
0.493833
0.475638
0.457179
0.430739
0.408834
0.38812
0.363648
0.332905
0.307556
0.276878
0.247688
0.22221
0.18939
0.162025
0.13279
0.104367
0.0754489
0.0481407
0.0167362
-0.0133967
-0.0482862
-0.0785877
-0.110871
-0.139318
-0.165251
-0.194428
-0.227199
-0.259566
-0.279453
-0.301454
-0.331692
-0.355019
-0.373359
-0.394493
-0.415926
-0.433448
-0.450652
-0.468592
-0.481754
-0.503114
-0.51754
-0.535371
-0.542958
-0.560397
-0.570168
-0.583307
-0.58632
-0.589629
-0.592698
-0.596182
-0.594929
-0.595813
-0.594846
-0.595074
-0.5902
-0.580188
-0.577131
-0.568293
-0.556125
-0.542593
-0.525367
-0.507366
-0.49106
-0.472082
-0.452233
-0.426073
-0.404645
-0.382775
-0.35849
-0.327063
-0.302058
-0.271011
-0.241407
-0.21637
-0.183291
-0.15691
-0.125483
-0.0988017
-0.0696434
-0.0428382
-0.0100353
0.0204953
0.05461
0.0856432
0.116187
0.145193
0.170347
0.201381
0.2347
0.262829
0.283423
0.307682
0.339114
0.357549
0.377897
0.398365
0.419976
0.437213
0.455063
0.470447
0.486144
0.506291
0.521132
0.538628
0.545511
0.562336
0.572718
0.584592
0.587097
0.589579
0.59363
0.595481
0.595626
0.595531
0.595428
0.594796
0.588328
0.579062
0.575017
0.56738
0.553185
0.539291
0.520871
0.503106
0.487612
0.468657
0.445714
0.421505
0.400738
0.376953
0.35198
0.321658
0.296287
0.264798
0.235651
0.209331
0.177544
0.151559
0.119715
0.0931925
0.0638486
0.0356902
0.00419649
-0.0275679
-0.0612404
-0.0921079
-0.123004
-0.150917
-0.176056
-0.208395
-0.241508
-0.267797
-0.287157
-0.314347
-0.344297
-0.361208
-0.382447
-0.403499
-0.423557
-0.440709
-0.458834
-0.472389
-0.490899
-0.509263
-0.52388
-0.542074
-0.548705
-0.564905
-0.574774
-0.585732
-0.587137
-0.590541
-0.594014
-0.595725
-0.595645
-0.595588
-0.595722
-0.593828
-0.585904
-0.579133
-0.572756
-0.564668
-0.550968
-0.535099
-0.517322
-0.499682
-0.483366
-0.464465
-0.440253
-0.416778
-0.396738
-0.371565
-0.345479
-0.315986
-0.290272
-0.25866
-0.231425
-0.201651
-0.171818
-0.145335
-0.114249
-0.0883796
-0.057078
-0.0292044
0.00217182
0.0343295
0.0677913
0.098476
0.128919
0.15594
0.182853
0.215117
0.248611
0.272156
0.291972
0.319867
0.349057
0.36527
0.386632
0.407508
0.426558
0.444308
0.462632
0.474285
0.495237
0.512488
0.526416
0.544912
0.551959
0.567366
0.577549
0.586063
0.587802
0.592018
0.593535
0.59557
0.595752
0.595555
0.595657
0.59243
0.583738
0.57889
0.570761
0.561494
0.549662
0.531602
0.513899
0.496664
0.478753
0.460487
0.435654
0.412185
0.393201
0.366323
0.339527
0.310132
0.283887
0.252288
0.226772
0.194299
0.166568
0.138954
0.108981
0.0817377
0.051525
0.022961
-0.00894472
-0.0410273
-0.0742941
-0.104723
-0.134935
-0.160745
-0.18909
-0.2215
-0.255501
-0.275659
-0.297083
-0.325666
-0.352402
-0.369612
-0.390607
-0.41222
-0.429962
-0.44799
-0.465903
-0.478931
-0.498388
-0.515645
-0.529975
-0.545469
-0.555984
-0.569515
-0.580086
-0.586734
-0.588218
-0.593163
-0.59483
-0.59535
-0.59514
-0.595375
-0.595072
-0.592006
-0.581016
-0.578382
-0.569353
-0.559053
-0.546332
-0.528003
-0.510767
-0.493413
-0.475177
-0.456261
-0.430531
-0.407489
-0.388317
-0.361916
-0.333357
-0.305391
-0.27732
-0.245388
-0.222453
-0.188188
-0.161293
-0.132056
-0.102774
-0.0756632
-0.0460124
-0.0172292
0.0159534
0.0477383
0.0810328
0.110404
0.140923
0.16532
0.195742
0.22781
0.260379
0.279846
0.302265
0.332668
0.355424
0.374224
0.39461
0.416999
0.433535
0.451697
0.468192
0.483431
0.502008
0.519736
0.534326
0.544761
0.559251
0.571914
0.582268
0.587532
0.588748
0.593602
0.595511
0.595485
0.595217
0.595449
0.594549
0.590378
0.579489
0.577365
0.568037
0.555746
0.541996
0.524882
0.506722
0.490641
0.471681
0.451037
0.425956
0.403357
0.382911
0.35636
0.327762
0.299818
0.271403
0.239475
0.216019
0.182059
0.156118
0.125246
0.0967923
0.0702452
0.0401855
0.0108517
-0.0231793
-0.0538677
-0.088054
-0.115791
-0.146935
-0.170478
-0.203
-0.235043
-0.263927
-0.28352
-0.308899
-0.340016
-0.357748
-0.378914
-0.398677
-0.420986
-0.437099
-0.456201
-0.469855
-0.488066
-0.505136
-0.523265
-0.537412
-0.547484
-0.561189
-0.574424
-0.583567
-0.588195
-0.588769
-0.594474
-0.594958
-0.59606
-0.595069
-0.596023
-0.594164
-0.588577
-0.578524
-0.575071
-0.566913
-0.5531
-0.538555
-0.520325
-0.50256
-0.487045
-0.468302
-0.444521
-0.421386
-0.399375
-0.37714
-0.349746
-0.3224
-0.294046
-0.265163
-0.233855
-0.209027
-0.176506
-0.150469
-0.119587
-0.0916036
-0.0642465
-0.0333741
-0.00491483
0.0301091
0.0606398
0.0944652
0.122849
0.152394
0.176357
0.209887
0.242069
0.268919
0.287532
0.315349
0.345008
0.361624
0.383383
0.403681
0.424489
0.440758
0.459993
0.471789
0.49299
0.50804
0.525866
0.541006
0.550634
0.563828
0.576551
0.584679
0.588305
0.589855
0.594695
0.595146
0.596182
0.595041
0.596133
0.59316
0.586054
0.578706
0.572765
0.563889
0.550587
0.534657
0.516851
0.499308
0.482704
0.463938
0.439237
0.416808
0.395444
0.371896
0.343285
0.316577
0.288096
0.259024
0.229719
0.20094
0.171021
0.144146
0.114249
0.0865879
0.0575497
0.0270357
-0.00162935
-0.0367865
-0.0672397
-0.100706
-0.128831
-0.157317
-0.183351
-0.216384
-0.24925
-0.27301
-0.292566
-0.32066
-0.349679
-0.365801
-0.387574
-0.40771
-0.427562
-0.444322
-0.463799
-0.473651
-0.497042
-0.511367
-0.528393
-0.543649
-0.554151
-0.566247
-0.579205
-0.585045
-0.588816
-0.591352
-0.594288
-0.595008
-0.596165
-0.595047
-0.596111
-0.591844
-0.583852
-0.578427
-0.570842
-0.56077
-0.5495
-0.531204
-0.513409
-0.496161
-0.478167
-0.460252
-0.434414
-0.412161
-0.39168
-0.366797
-0.337415
-0.310857
-0.281511
-0.252812
-0.225064
-0.193958
-0.165706
-0.138036
-0.10877
-0.0798698
-0.0519791
-0.0208663
0.00842904
0.0434274
0.0737962
0.106773
0.134984
0.161965
0.189664
0.222812
0.255965
0.276533
0.297676
0.326695
0.352866
0.369995
0.391534
0.412373
0.430968
0.447978
0.466912
0.478532
0.500467
0.514407
0.532268
0.543568
0.558001
0.568425
0.581674
0.585749
0.589239
0.592384
0.595734
0.59479
0.595631
0.594889
0.595488
0.591419
0.581236
0.577828
0.569351
0.558537
0.546007
0.527419
0.510324
0.492876
0.474634
0.455848
0.429419
0.407467
0.38676
0.362446
0.331126
0.30605
0.275242
0.24578
0.220998
0.187545
0.160894
0.130284
0.103046
0.0736847
0.0467141
0.0148756
-0.0154325
-0.0501561
-0.0805407
-0.112212
-0.141011
-0.166623
-0.196085
-0.229355
-0.260562
-0.280813
-0.302898
-0.333743
-0.356158
-0.374563
-0.39553
-0.417078
-0.434714
-0.451676
-0.469183
-0.482876
-0.504066
-0.518626
-0.536461
-0.543464
-0.561109
-0.570875
-0.583703
-0.586588
-0.589719
-0.592966
-0.595934
-0.595109
-0.595625
-0.595
-0.595057
-0.589616
-0.579749
-0.576748
-0.568366
-0.555235
-0.541545
-0.52438
-0.506133
-0.490184
-0.471033
-0.450367
-0.42481
-0.403537
-0.381138
-0.356614
-0.325563
-0.300445
-0.269272
-0.239735
-0.214071
-0.181606
-0.155468
-0.123794
-0.0969996
-0.0681545
-0.0406179
-0.00840059
0.0225296
0.0564826
0.0873696
0.118025
0.146915
0.171958
0.203441
0.236562
0.264174
0.284434
0.30968
0.340897
0.358294
0.379357
0.399944
0.420942
0.438098
0.456176
0.470776
0.487569
0.507172
0.522033
0.53948
0.546382
0.562986
0.573441
0.584952
0.587159
0.589771
0.593818
0.595547
0.595506
0.595627
0.595563
0.594535
0.587847
0.578943
0.574447
0.566803
0.552619
0.537845
0.519803
0.502126
0.486458
0.467584
0.444081
0.420071
0.399567
0.375266
0.350031
0.320117
0.294579
0.263047
0.234024
0.207355
0.175849
0.149904
0.118083
0.0919707
0.0617478
0.0338059
0.00245493
-0.0295392
-0.0631592
-0.0939582
-0.124832
-0.152353
-0.177771
-0.210491
-0.243565
-0.269273
-0.288348
-0.316055
-0.345614
-0.362358
-0.383663
-0.404788
-0.424363
-0.441817
-0.459916
-0.472947
-0.492326
-0.510087
-0.524583
-0.543158
-0.549497
-0.565617
-0.575629
-0.585748
-0.587492
-0.590967
-0.593932
-0.595677
-0.595695
-0.595479
-0.595548
-0.593466
-0.585265
-0.579118
-0.572054
-0.563534
-0.550124
-0.534091
-0.51637
-0.498996
-0.482101
-0.463093
-0.439019
-0.415548
-0.395727
-0.370154
-0.343628
-0.314189
-0.288592
-0.256793
-0.230037
-0.199147
-0.170471
-0.143374
-0.112916
-0.0865186
-0.0554521
-0.0275063
0.00414647
0.0362493
0.0696744
0.100269
0.130632
0.157355
0.184782
0.216841
0.250611
0.273146
0.293485
0.321375
0.350007
0.366685
0.387809
0.408896
0.427497
0.445406
0.463628
0.475385
0.495928
0.513454
0.52709
0.545537
0.553251
0.567975
0.578272
0.586303
0.587814
0.592346
0.593669
0.595522
0.595496
0.595617
0.595513
0.592257
0.582993
0.578773
0.570328
0.560406
0.549222
0.530692
0.512858
0.49576
0.47764
0.459549
0.434019
0.410883
0.391785
0.36508
0.33786
0.308657
0.281948
0.250467
0.225512
0.192487
0.165143
0.137299
0.107108
0.079912
0.0500053
0.0211912
-0.0107938
-0.04298
-0.0761471
-0.106377
-0.136662
-0.161992
-0.191086
-0.223183
-0.25711
-0.276788
-0.298542
-0.327551
-0.352991
-0.370947
-0.391719
-0.41355
-0.430912
-0.449064
-0.46657
-0.480289
-0.499484
-0.516544
-0.531253
-0.544915
-0.557064
-0.570037
-0.580746
-0.586983
-0.588362
-0.593239
-0.595299
-0.595299
-0.595279
-0.595403
-0.594841
-0.59176
-0.580548
-0.578047
-0.568773
-0.558266
-0.545503
-0.526829
-0.509707
-0.492548
-0.474147
-0.454874
-0.429235
-0.406213
-0.386881
-0.360669
-0.331563
-0.303783
-0.27567
-0.243758
-0.22094
-0.186431
-0.160061
-0.129589
-0.101191
-0.0741606
-0.0446013
-0.0154424
0.0180758
0.0494035
0.0832244
0.111623
0.142731
0.166576
0.197453
0.23004
0.261448
0.281032
0.303946
0.33491
0.356506
0.375368
0.395678
0.418177
0.434778
0.452797
0.468767
0.484659
0.502945
0.520836
0.535357
0.545337
0.559964
0.572625
0.582657
0.58779
0.588802
0.593882
0.595229
0.595766
0.594997
0.59561
0.594587
0.589772
0.579216
0.576783
0.568118
0.55468
0.541336
0.523685
0.505453
0.489747
0.47064
0.449034
0.424708
0.402244
0.381293
0.35446
0.326243
0.298177
0.269608
0.237844
0.213787
0.18045
0.154537
0.123598
0.0950046
0.0688639
0.0381314
0.00913246
-0.0251781
-0.0558119
-0.0898778
-0.117814
-0.148592
-0.172131
-0.205056
-0.23714
-0.265235
-0.28484
-0.310762
-0.341598
-0.358732
-0.380296
-0.400293
-0.421954
-0.438027
-0.45735
-0.470315
-0.489554
-0.505967
-0.524048
-0.53846
-0.548342
-0.561967
-0.575072
-0.583935
-0.588111
-0.589029
-0.594593
-0.59499
-0.595992
-0.595133
-0.596151
-0.593876
-0.587908
-0.578555
-0.574478
-0.566245
-0.552267
-0.537346
-0.519201
-0.501565
-0.485784
-0.467261
-0.442871
-0.419877
-0.398157
-0.375432
-0.347841
-0.320793
-0.292292
-0.263483
-0.232525
-0.206843
-0.174805
-0.148733
-0.118016
-0.0902861
-0.0620173
-0.0315231
-0.00302377
0.0320629
0.062596
0.0963086
0.12463
0.153827
0.178213
0.212151
0.244222
0.270386
0.288745
0.317038
0.346362
0.362762
0.384629
0.404974
0.425275
0.441701
0.461153
0.472382
0.494339
0.508924
0.526582
0.541965
0.551499
0.564561
0.577339
0.584468
0.588646
0.590377
0.5946
0.595125
0.596239
0.59494
0.596134
0.592733
0.585412
0.578672
0.572032
0.562917
0.549936
0.533572
0.515865
0.498514
0.481482
0.462655
0.43798
0.415473
0.394408
0.370451
0.341564
0.314749
0.28637
0.257176
0.228203
0.198683
0.169529
0.142218
0.112999
0.0844844
0.0559431
0.0253973
-0.00368462
-0.0387127
-0.06916
-0.102487
-0.130615
-0.15871
-0.185208
-0.218345
-0.251257
-0.273971
-0.29406
-0.322307
-0.350582
-0.367107
-0.388798
-0.409101
-0.428526
-0.445405
-0.464771
-0.475161
-0.497769
-0.51221
-0.529347
-0.544012
-0.555339
-0.566902
-0.579947
-0.585229
-0.588983
-0.591667
-0.594442
-0.59502
-0.595946
-0.595094
-0.595818
-0.591779
-0.582962
-0.578316
-0.570407
-0.55987
-0.548737
-0.530298
-0.512384
-0.495221
-0.477095
-0.459119
-0.432831
-0.410854
-0.390223
-0.365531
-0.335677
-0.3094
-0.279575
-0.250836
-0.223848
-0.192118
-0.164405
-0.135982
-0.106833
-0.0780454
-0.0503939
-0.019165
0.010384
0.0453914
0.075717
0.108408
0.136797
0.163184
0.191635
0.224514
0.257636
0.277623
0.29919
0.328631
0.353605
0.37133
0.39271
0.413802
0.431902
0.449101
0.467593
0.479888
0.501572
0.515696
0.53341
0.543083
0.559118
0.568926
0.582315
0.586003
0.589381
0.592513
0.595986
0.59485
0.595841
0.594857
0.595226
0.591115
0.580748
0.577521
0.568762
0.557749
0.544719
0.526459
0.509152
0.49207
0.473542
0.454419
0.428076
0.406314
0.385175
0.36108
0.329281
0.30439
0.273539
0.244084
0.219169
0.185937
0.159237
0.1281
0.101446
0.0720503
0.0453578
0.0128708
-0.0174723
-0.0519002
-0.0828352
-0.113619
-0.142756
-0.167965
-0.198113
-0.231591
-0.26156
-0.281904
-0.304729
-0.336151
-0.357039
-0.375588
-0.39665
-0.418268
-0.435796
-0.452934
-0.469759
-0.484183
-0.504976
-0.519704
-0.537416
-0.54415
-0.561736
-0.571627
-0.584062
-0.586838
-0.589655
-0.593265
-0.595786
-0.595456
-0.5955
-0.595189
-0.595164
-0.588991
-0.579548
-0.576064
-0.568209
-0.554084
-0.54094
-0.522864
-0.504869
-0.489212
-0.470032
-0.448367
-0.423533
-0.402444
-0.379481
-0.354716
-0.323988
-0.298785
-0.267454
-0.238087
-0.21199
-0.180035
-0.153868
-0.122118
-0.0952127
-0.0666098
-0.038667
-0.00667836
0.0245265
0.0584211
0.0892575
0.120012
0.148552
0.173599
0.205471
0.238648
0.265474
0.285754
0.311548
0.342277
0.359435
0.380633
0.401442
0.421934
0.439058
0.457268
0.471408
0.488937
0.507997
0.52278
0.540638
0.547196
0.563849
0.573979
0.585291
0.58705
0.5901
0.593863
0.595674
0.595456
0.59564
0.595678
0.594224
0.586996
0.579069
0.573766
0.566241
0.551789
0.536727
0.518674
0.501086
0.485163
0.466551
0.442255
0.418645
0.398324
0.37373
0.348135
0.318474
0.292814
0.26136
0.233088
0.205115
0.174053
0.14819
0.116432
0.0907064
0.059644
0.0319475
0.000533433
-0.0314787
-0.0650559
-0.0958108
-0.126476
-0.153819
-0.179787
-0.212606
-0.245672
-0.270714
-0.289589
-0.317713
-0.346954
-0.363464
-0.384904
-0.406086
-0.425114
-0.44272
-0.461072
-0.473608
-0.493548
-0.511037
-0.525328
-0.543907
-0.550461
-0.566358
-0.576408
-0.585655
-0.5877
-0.591457
-0.593838
-0.595671
-0.595751
-0.595486
-0.595583
-0.593
-0.584661
-0.579056
-0.57146
-0.562646
-0.549746
-0.53302
-0.515367
-0.498132
-0.480819
-0.46188
-0.43773
-0.414211
-0.394711
-0.368641
-0.342036
-0.312454
-0.286867
-0.254907
-0.228605
-0.197134
-0.168875
-0.141458
-0.111541
-0.0844946
-0.0538877
-0.0257311
0.00613546
0.0381908
0.0715563
0.102084
0.132379
0.158759
0.186498
0.218782
0.252641
0.274121
0.294955
0.323053
0.350965
0.367907
0.388972
0.410273
0.428497
0.446469
0.464607
0.476904
0.496598
0.514388
0.528413
0.545602
0.554387
0.568628
0.579066
0.58642
0.588107
0.592656
0.593938
0.595535
0.595312
0.595531
0.595235
0.592226
0.582031
0.578668
0.569906
0.559706
0.548051
0.529827
0.511932
0.494785
0.476648
0.458223
0.432539
0.409525
0.390346
0.363785
0.336019
0.307334
0.279921
0.248511
0.224243
0.190795
0.163613
